id,date,product_id,country,gender,size,price
1,1/1/2014,2152,United Kingdom,,11, $159.00 
2,1/1/2014,2230,United States,Male,11.5, $159.20 
3,1/1/2014,2160,Canada,Male,9.5, $119.20 
4,1/1/2014,2234,United States,Female,9.5, $159.00 
5,1/1/2014,2222,United Kingdom,Female,9, $159.00 
6,1/1/2014,2173,United States,Male,10.5, $159.00 
7,1/2/2014,2200,Germany,Female,9, $179.00 
8,1/2/2014,2238,Canada,Male,10, $169.00 
9,1/2/2014,2191,United States,Male,10.5, $139.00 
10,1/2/2014,2237,United Kingdom,Female,9, $149.00 
11,1/2/2014,2197,United States,Male,10, $129.00 
12,1/2/2014,2213,United States,Female,9.5, $152.10 
13,1/2/2014,2206,United States,Female,9.5, $139.00 
14,1/2/2014,2152,United States,Male,8, $139.00 
15,1/3/2014,2235,Germany,Male,10.5, $84.50 
16,1/3/2014,2197,Germany,Female,8.5, $143.20 
17,1/3/2014,2240,Canada,Male,9.5, $139.30 
18,1/3/2014,2221,United States,Male,11, $74.50 
19,1/3/2014,2234,United States,Female,9.5, $159.00 
20,1/3/2014,2197,United States,Male,10, $129.00 
21,1/3/2014,2213,United States,Female,9.5, $152.10 
22,1/3/2014,2213,United States,Female,8, $139.00 
23,1/3/2014,2147,United States,Male,9.5, $139.00 
24,1/4/2014,2224,United States,Male,9, $134.10 
25,1/4/2014,2206,Germany,Male,8.5, $119.20 
26,1/4/2014,2157,Germany,Male,12, $119.20 
27,1/4/2014,2169,Canada,Female,8, $129.00 
28,1/4/2014,2191,United States,Male,10.5, $139.00 
29,1/4/2014,2234,United States,Female,9.5, $159.00 
30,1/4/2014,2197,United States,Male,10, $129.00 
31,1/4/2014,2173,United States,Male,10.5, $159.00 
32,1/5/2014,2156,United Kingdom,Female,8, $152.10 
33,1/5/2014,2235,Germany,Male,9.5, $118.30 
34,1/5/2014,2239,Germany,Female,8.5, $64.50 
35,1/5/2014,2169,Canada,Female,8, $129.00 
36,1/5/2014,2235,Germany,Male,10.5, $84.50 
37,1/5/2014,2154,United States,Male,11, $189.00 
38,1/5/2014,2152,United States,Male,8, $139.00 
39,1/6/2014,2154,Canada,Male,10.5, $179.00 
40,1/6/2014,2154,Germany,Male,10, $199.00 
41,1/6/2014,2206,Germany,Male,8.5, $119.20 
42,1/6/2014,2235,Germany,Male,10.5, $84.50 
43,1/6/2014,2213,United States,Female,8, $139.00 
44,1/6/2014,2225,United States,Male,10, $139.30 
45,1/6/2014,2150,Canada,Female,9, $111.20 
46,1/7/2014,2160,Canada,Male,9.5, $119.20 
47,1/7/2014,2167,United Kingdom,Female,8, $199.00 
48,1/7/2014,2242,Germany,Female,7, $170.10 
49,1/7/2014,2173,United States,Male,10.5, $159.00 
50,1/7/2014,2239,Germany,Female,9.5, $79.50 
51,1/7/2014,2168,United Kingdom,Unix,10, $143.10 
52,1/7/2014,2204,United States,Male,9.5, $116.10 
53,1/8/2014,2238,Canada,Male,10, $169.00 
54,1/8/2014,2154,Canada,Male,10.5, $179.00 
55,1/8/2014,2238,Germany,Female,9.5, $189.00 
56,1/8/2014,2229,United Kingdom,Male,7, $169.00 
57,1/8/2014,2225,Germany,Male,9.5, $161.10 
58,1/8/2014,2207,United States,Male,12, $169.00 
59,1/9/2014,2168,United States,Male,11, $125.10 
60,1/9/2014,2160,Canada,Male,9.5, $119.20 
61,1/9/2014,2195,Germany,Male,9, $189.00 
62,1/9/2014,2191,United States,Female,8.5, $94.50 
63,1/9/2014,2217,Canada,Female,9, $149.00 
64,1/10/2014,2195,United States,Female,8, $116.10 
65,1/10/2014,2157,Germany,Male,12, $119.20 
66,1/10/2014,2176,United States,Female,8, $129.00 
67,1/10/2014,2185,Germany,Male,8, $179.00 
68,1/10/2014,2213,Canada,Female,8, $139.00 
69,1/10/2014,2150,Canada,Female,9, $111.20 
70,1/11/2014,2154,United States,Male,11, $189.00 
71,1/11/2014,2230,United States,Female,8, $129.00 
72,1/11/2014,2207,United States,Female,8, $179.10 
73,1/11/2014,2167,United Kingdom,Female,8.5, $149.00 
74,1/11/2014,2225,Germany,Male,9.5, $161.10 
75,1/11/2014,2168,United Kingdom,Male,10, $143.10 
76,1/12/2014,2159,United States,Female,8, $89.50 
77,1/12/2014,2168,United States,Male,11, $125.10 
78,1/12/2014,2204,Canada,Male,9, $199.00 
79,1/12/2014,2206,United States,Male,10, $104.30 
80,1/12/2014,2195,Germany,Male,9, $189.00 
81,1/13/2014,2231,United States,Female,7.5, $152.10 
82,1/13/2014,2172,Canada,Female,8, $119.20 
83,1/13/2014,2226,Canada,Male,12, $103.20 
84,1/13/2014,2232,United States,Female,7.5, $169.00 
85,1/13/2014,2230,United States,Female,9, $179.00 
86,1/13/2014,2169,United States,Female,10, $118.30 
87,1/13/2014,2182,United Kingdom,Female,8.5, $129.00 
88,1/14/2014,2191,Germany,Male,10, $149.00 
89,1/14/2014,2213,Canada,Female,8, $139.00 
90,1/14/2014,2199,Germany,Male,11.5, $189.00 
91,1/14/2014,2159,United States,Female,6, $179.10 
92,1/14/2014,2210,United States,Female,7.5, $189.00 
93,1/14/2014,2194,United States,Female,9, $179.00 
94,1/14/2014,2169,United States,Male,10.5, $139.00 
95,1/15/2014,2192,United States,Female,7.5, $169.00 
96,1/15/2014,2225,Germany,Male,9.5, $161.10 
97,1/15/2014,2178,Canada,Male,9.5, $125.10 
98,1/15/2014,2152,United States,Female,7.5, $104.30 
99,1/15/2014,2231,United States,Female,7.5, $152.10 
100,1/15/2014,2222,United States,Female,9, $125.10 
101,1/15/2014,2202,United States,Unix,, $90.30 
102,1/16/2014,2213,Canada,Male,8.5, $84.50 
103,1/16/2014,2204,United States,Female,7.5, $169.00 
104,1/16/2014,2161,United States,Male,10, $139.00 
105,1/16/2014,2233,United States,Female,9.5, $104.30 
106,1/16/2014,2242,Germany,Female,7, $170.10 
107,1/16/2014,2194,United States,Female,7.5, $129.00 
108,1/17/2014,2177,Canada,Male,11, $169.00 
109,1/17/2014,2220,Canada,Male,9.5, $169.00 
110,1/17/2014,2177,United States,Female,7.5, $127.20 
111,1/17/2014,2163,United States,Female,9.5, $116.10 
112,1/17/2014,2232,United States,Female,7.5, $169.00 
113,1/17/2014,2163,United States,Female,9.5, $169.00 
114,1/17/2014,2150,United States,Male,9.5, $199.00 
115,1/17/2014,2154,Canada,Male,10.5, $179.00 
116,1/17/2014,2177,United States,Male,14, $143.10 
117,1/18/2014,2241,Canada,Male,9.5, $111.20 
118,1/18/2014,2221,United Kingdom,Female,6.5, $127.20 
119,1/18/2014,2204,United States,Female,7.5, $169.00 
120,1/18/2014,2233,United States,Female,9.5, $104.30 
121,1/18/2014,2210,United States,Female,7.5, $189.00 
122,1/18/2014,2191,United States,Male,10.5, $199.00 
123,1/18/2014,2161,United States,Male,10, $139.00 
124,1/18/2014,2154,United States,Female,8, $97.30 
125,1/18/2014,2211,Canada,Female,8.5, $149.00 
126,1/18/2014,2151,Germany,Male,6, $199.00 
127,1/19/2014,2235,United States,Female,9.5, $139.00 
128,1/19/2014,2214,Germany,Male,10.5, $139.00 
129,1/19/2014,2209,Germany,Female,7.5, $135.20 
130,1/19/2014,2232,United States,Female,7.5, $169.00 
131,1/19/2014,2150,United States,Male,9.5, $199.00 
132,1/19/2014,2202,United Kingdom,Male,9, $199.00 
133,1/19/2014,2185,Germany,Male,8, $179.00 
134,1/19/2014,2156,Canada,Male,9, $189.00 
135,1/19/2014,2189,Canada,Male,11, $90.30 
136,1/19/2014,2236,Canada,Female,8.5, $129.00 
137,1/19/2014,2189,Germany,Female,7.5, $69.50 
138,1/20/2014,2180,United States,Female,8, $149.00 
139,1/20/2014,2204,United States,Female,9.5, $152.10 
140,1/20/2014,2154,United Kingdom,Male,9.5, $139.00 
141,1/20/2014,2192,Germany,Male,11, $199.00 
142,1/20/2014,2230,United States,Female,8, $129.00 
143,1/20/2014,2185,Canada,Male,7.5, $169.00 
144,1/20/2014,2156,Canada,Male,9, $189.00 
145,1/20/2014,2180,Germany,Female,7.5, $139.00 
146,1/21/2014,2154,United States,Female,8, $97.30 
147,1/21/2014,2214,United States,Female,9.5, $74.50 
148,1/21/2014,2238,Germany,Male,11.5, $116.10 
149,1/21/2014,2151,Germany,Male,9.5, $119.20 
150,1/21/2014,2222,United Kingdom,Female,9, $159.00 
151,1/21/2014,2177,United States,Unix,7.5, $127.20 
152,1/21/2014,2178,Canada,Male,9.5, $125.10 
153,1/21/2014,2185,Canada,Male,7.5, $169.00 
154,1/22/2014,2199,Germany,Male,11.5, $189.00 
155,1/22/2014,2200,Germany,Female,7, $129.00 
156,1/22/2014,2183,United States,Female,8, $149.00 
157,1/22/2014,2175,United States,Male,9, $89.50 
158,1/22/2014,2204,United States,Female,7.5, $169.00 
159,1/23/2014,2152,United States,Female,7.5, $104.30 
160,1/23/2014,2189,Canada,Male,11, $90.30 
161,1/23/2014,2163,United States,Female,8, $149.00 
162,1/23/2014,2172,United States,Male,10.5, $103.20 
163,1/23/2014,2191,Germany,Male,9.5, $139.30 
164,1/23/2014,2213,United States,Male,11.5, $125.30 
165,1/23/2014,2173,United States,Female,9.5, $199.00 
166,1/23/2014,2190,United States,Female,9.5, $118.30 
167,1/24/2014,2233,Germany,Male,9.5, $179.00 
168,1/24/2014,2156,Canada,Male,9, $189.00 
169,1/24/2014,2158,United States,Male,10.5, $127.20 
170,1/24/2014,2219,United States,Male,10.5, $139.00 
171,1/24/2014,2227,Canada,Female,8, $125.30 
172,1/24/2014,2211,United States,Male,9.5, $189.00 
173,1/24/2014,2164,United States,Female,8, $149.00 
174,1/24/2014,2175,United States,Male,9, $89.50 
175,1/24/2014,2173,United States,Female,9.5, $199.00 
176,1/25/2014,2169,United Kingdom,Female,7.5, $151.20 
177,1/25/2014,2217,Canada,Male,7, $199.00 
178,1/25/2014,2151,Canada,Female,9, $64.50 
179,1/25/2014,2235,United States,Male,8.5, $118.30 
180,1/25/2014,2169,Germany,Male,9.5, $129.00 
181,1/25/2014,2197,Germany,Female,8.5, $143.20 
182,1/25/2014,2151,Germany,Male,9.5, $119.20 
183,1/25/2014,2203,United States,Female,8, $89.50 
184,1/25/2014,2213,United States,Male,11.5, $125.30 
185,1/25/2014,2175,United States,Male,9, $89.50 
186,1/26/2014,2227,United Kingdom,Female,7.5, $64.50 
187,1/26/2014,2200,Germany,Female,7, $129.00 
188,1/26/2014,2154,Canada,Female,9, $129.00 
189,1/26/2014,2147,United States,Female,8.5, $189.00 
190,1/26/2014,2183,United States,Female,8, $149.00 
191,1/26/2014,2158,United Kingdom,Female,6, $189.00 
192,1/26/2014,2226,United States,Female,8, $139.30 
193,1/26/2014,2227,Germany,Female,9, $134.10 
194,1/27/2014,2189,Canada,Male,11, $90.30 
195,1/27/2014,2224,United Kingdom,Male,8.5, $64.50 
196,1/27/2014,2198,Canada,Male,9, $118.30 
197,1/27/2014,2201,Germany,Male,10, $149.00 
198,1/27/2014,2164,United States,Female,8, $149.00 
199,1/27/2014,2189,Germany,Female,9, $104.30 
200,1/28/2014,2219,Germany,Male,10.5, $125.30 
201,1/28/2014,2224,,Unix,6, $129.00 
202,1/28/2014,2233,Germany,Male,9.5, $179.00 
203,1/28/2014,2210,Germany,Female,9, $84.50 
204,1/29/2014,2231,United States,Male,10, $143.10 
205,1/29/2014,2220,Canada,Female,8, $169.00 
206,1/29/2014,2169,United Kingdom,Female,7.5, $151.20 
207,1/30/2014,2228,United States,Male,9.5, $169.00 
208,1/30/2014,2165,United States,Female,8, $189.00 
209,1/30/2014,2234,United States,Female,9.5, $159.00 
210,1/30/2014,2191,Germany,Male,9.5, $139.30 
211,1/30/2014,2190,United States,Male,8.5, $94.50 
212,1/31/2014,2195,United States,Male,11.5, $159.20 
213,1/31/2014,2228,United States,Male,9.5, $169.00 
214,1/31/2014,2166,United States,Male,9, $139.00 
215,1/31/2014,2165,Germany,Female,10.5, $143.20 
216,1/31/2014,2180,United States,Female,8, $149.00 
217,1/31/2014,2208,United States,Female,8, $159.00 
218,1/31/2014,2237,United States,Female,8, $116.10 
219,1/31/2014,2177,United States,Male,14, $143.10 
220,1/31/2014,2147,Canada,Female,8, $152.10 
221,2/1/2014,2193,United States,Male,10.5, $199.00 
222,2/1/2014,2195,United States,Male,11.5, $159.20 
223,2/1/2014,2212,Germany,Female,10.5, $199.00 
224,2/1/2014,2211,United States,Female,8, $169.00 
225,2/1/2014,2165,United States,Female,8, $189.00 
226,2/1/2014,2214,Germany,Male,10.5, $139.00 
227,2/1/2014,2211,Canada,Female,8.5, $149.00 
228,2/1/2014,2182,Canada,Female,9, $179.00 
229,2/1/2014,2214,Canada,Female,8, $170.10 
230,2/2/2014,2222,United Kingdom,Male,10.5, $179.10 
231,2/2/2014,2201,United States,Female,7.5, $189.00 
232,2/2/2014,2181,Germany,Female,10.5, $159.00 
233,2/2/2014,2180,United States,Female,8, $149.00 
234,2/2/2014,2180,United States,Female,8, $149.00 
235,2/2/2014,2228,United States,Male,9.5, $169.00 
236,2/2/2014,2147,Germany,Female,9, $129.00 
237,2/2/2014,2219,United Kingdom,Male,9.5, $170.10 
238,2/2/2014,2219,Germany,Male,10.5, $125.30 
239,2/3/2014,2211,United Kingdom,Male,11.5, $129.00 
240,2/3/2014,2212,Germany,Male,10, $159.00 
241,2/3/2014,2186,United States,Male,9.5, $169.00 
242,2/3/2014,2225,United Kingdom,Male,8.5, $74.50 
243,2/3/2014,2182,Canada,Female,9, $179.00 
244,2/3/2014,2195,Canada,Male,10.5, $179.00 
245,2/3/2014,2192,Canada,Male,9, $159.00 
246,2/3/2014,2208,United Kingdom,Male,10, $179.00 
247,2/4/2014,2186,United States,Female,7.5, $179.00 
248,2/4/2014,2237,United States,Female,9, $97.30 
249,2/4/2014,2217,United States,Female,8.5, $132.30 
250,2/4/2014,2196,United States,Female,9, $169.00 
251,2/4/2014,2222,United States,Unix,10, $125.10 
252,2/4/2014,2198,Germany,Male,10.5, $189.00 
253,2/4/2014,2219,United Kingdom,Male,9.5, $170.10 
254,2/4/2014,2151,Canada,Male,10, $159.00 
255,2/4/2014,2195,Canada,Male,10.5, $179.00 
256,2/5/2014,2158,United States,Male,9.5, $143.20 
257,2/5/2014,2155,United States,Female,8.5, $189.00 
258,2/5/2014,2183,United States,Female,9, $69.50 
259,2/5/2014,2174,United States,Male,6, $125.10 
260,2/5/2014,2184,United Kingdom,Female,8, $179.00 
261,2/5/2014,2217,Canada,Male,7, $199.00 
262,2/5/2014,2151,Canada,Male,10, $159.00 
263,2/6/2014,2152,United States,Female,8, $139.00 
264,2/6/2014,2150,United States,Male,9.5, $189.00 
265,2/6/2014,2156,United Kingdom,Female,8, $152.10 
266,2/6/2014,2167,United Kingdom,Female,8.5, $149.00 
267,2/6/2014,2150,Germany,Female,7, $125.30 
268,2/7/2014,2199,United States,Female,8, $152.10 
269,2/7/2014,2231,United States,Male,10, $143.10 
270,2/7/2014,2217,United States,Female,9.5, $139.00 
271,2/7/2014,2192,Canada,Male,9, $159.00 
272,2/8/2014,2231,United States,Male,11, $189.00 
273,2/8/2014,2201,United Kingdom,Male,9, $199.00 
274,2/8/2014,2158,United States,Male,9.5, $143.20 
275,2/8/2014,2195,Canada,Male,10.5, $179.00 
276,2/9/2014,2224,United States,Female,9.5, $169.00 
277,2/9/2014,2207,Canada,Male,10.5, $159.00 
278,2/9/2014,2221,United Kingdom,Male,10.5, $139.00 
279,2/9/2014,2150,United States,Male,9.5, $189.00 
280,2/9/2014,2152,Germany,Male,9, $149.00 
281,2/9/2014,2229,United States,Male,9, $129.00 
282,2/9/2014,2210,Germany,Female,9.5, $129.00 
283,2/10/2014,2217,United States,Female,9.5, $139.00 
284,2/10/2014,2150,Germany,Female,7, $125.30 
285,2/10/2014,2172,United Kingdom,Male,8.5, $179.00 
286,2/10/2014,2210,United States,Male,9.5, $159.00 
287,2/10/2014,2208,United States,Female,8, $159.00 
288,2/10/2014,2157,Germany,Female,9.5, $152.10 
289,2/10/2014,2225,United States,Male,10, $139.30 
290,2/11/2014,2158,United States,Male,9.5, $143.20 
291,2/11/2014,2192,Canada,Male,9, $159.00 
292,2/11/2014,2241,Germany,Male,9.5, $103.20 
293,2/11/2014,2232,United States,Female,10, $79.50 
294,2/11/2014,2211,United States,Female,8, $169.00 
295,2/11/2014,2239,Germany,Female,9.5, $79.50 
296,2/11/2014,2210,Germany,Female,9.5, $129.00 
297,2/11/2014,2232,United Kingdom,Male,10.5, $199.00 
298,2/11/2014,2178,United States,Female,8.5, $169.00 
299,2/12/2014,2151,Germany,Male,6, $199.00 
300,2/12/2014,2225,Germany,Male,8.5, $139.00 
301,,2161,United States,Unix,8, $189.00 
302,2/12/2014,2169,United States,Female,10, $118.30 
303,2/12/2014,2225,United Kingdom,Male,8.5, $74.50 
304,2/12/2014,2229,United States,Male,9, $149.00 
305,2/13/2014,2189,Germany,Female,7.5, $69.50 
306,2/13/2014,2204,Canada,Female,8, $129.00 
307,2/13/2014,2177,Germany,Female,9, $149.00 
308,2/13/2014,2147,United States,Male,11, $69.50 
309,2/13/2014,2241,United States,Female,8.5, $125.10 
310,2/13/2014,2196,United States,Female,9, $169.00 
311,2/13/2014,2155,United States,Male,9, $103.20 
312,2/14/2014,2176,Germany,Male,9.5, $149.00 
313,2/14/2014,2201,United Kingdom,Male,9, $199.00 
314,2/14/2014,2202,United States,Male,10.5, $159.00 
315,2/14/2014,2180,United Kingdom,Male,10.5, $159.00 
316,2/14/2014,2237,Canada,Male,10, $125.10 
317,2/14/2014,2227,Canada,Female,9, $129.00 
318,2/15/2014,2189,United States,Female,10.5, $149.00 
319,2/15/2014,2221,United Kingdom,Male,10.5, $139.00 
320,2/15/2014,2177,Germany,Female,9, $149.00 
321,2/15/2014,2170,United Kingdom,Female,4.5, $103.20 
322,2/15/2014,2199,Canada,Female,9, $90.30 
323,2/15/2014,2181,United States,Female,8, $139.00 
324,2/15/2014,2206,Germany,Male,10.5, $199.00 
325,2/16/2014,2214,United States,Male,9.5, $90.30 
326,2/16/2014,2228,United States,Female,9.5, $125.30 
327,2/16/2014,2165,Canada,Male,11, $159.00 
328,2/16/2014,2215,United Kingdom,Female,4.5, $159.00 
329,2/16/2014,2201,United Kingdom,Male,9, $199.00 
330,2/16/2014,2239,United States,Female,8, $189.00 
331,2/16/2014,2169,Canada,Male,9.5, $118.30 
332,2/16/2014,2161,United States,Female,8, $189.00 
333,2/16/2014,2152,Germany,Male,9, $149.00 
334,2/17/2014,2191,United States,Female,10.5, $90.30 
335,2/17/2014,2206,United States,Female,9.5, $139.00 
336,2/17/2014,2211,Canada,Male,7.5, $125.10 
337,2/17/2014,2175,United States,Male,7, $129.00 
338,2/17/2014,2160,United States,Female,9.5, $79.50 
339,2/17/2014,2177,United States,Male,9.5, $189.00 
340,2/17/2014,2204,United States,Female,8, $104.30 
341,2/17/2014,2152,Canada,Female,8, $64.50 
342,2/17/2014,2213,Germany,Female,7, $143.20 
343,2/17/2014,2208,United States,Female,8, $159.00 
344,2/17/2014,2147,United States,Male,11, $69.50 
345,2/18/2014,2148,United States,Male,10.5, $169.00 
346,2/18/2014,2232,United States,Female,5.5, $179.00 
347,2/18/2014,2213,United States,Female,9.5, $152.10 
348,2/18/2014,2230,United States,Female,9, $179.00 
349,2/18/2014,2192,United States,Male,9.5, $116.10 
350,2/18/2014,2160,United States,Female,9.5, $79.50 
351,2/18/2014,2147,United States,Unix,8, $179.00 
352,2/18/2014,2208,Germany,Male,11.5, $79.50 
353,2/18/2014,2156,Germany,Female,7, $169.00 
354,2/18/2014,2221,United States,Male,10, $125.30 
355,2/19/2014,2152,Canada,Male,9.5, $111.30 
356,2/19/2014,2209,Canada,Female,8, $97.30 
357,2/19/2014,2161,United States,Male,11.5, $169.00 
358,2/19/2014,2194,United States,Female,9, $179.00 
359,2/19/2014,2220,United States,Male,11.5, $199.00 
360,2/19/2014,2192,United States,Male,9.5, $116.10 
361,2/19/2014,2215,Canada,Male,10, $94.50 
362,2/19/2014,2225,Germany,Male,8.5, $139.00 
363,2/19/2014,2183,United States,Male,9.5, $149.00 
364,2/20/2014,2169,Canada,Male,9.5, $118.30 
365,2/20/2014,2152,Canada,Female,8, $64.50 
366,2/20/2014,2176,United States,Male,6, $159.00 
367,2/20/2014,2182,Germany,Female,9, $179.00 
368,2/20/2014,2212,Canada,Male,9, $149.00 
369,2/20/2014,2177,United States,Male,9.5, $189.00 
370,2/21/2014,2213,Germany,Female,7, $143.20 
371,2/21/2014,2208,Germany,Male,11.5, $79.50 
372,2/21/2014,2218,United States,Male,9.5, $189.00 
373,2/21/2014,2170,United Kingdom,Male,7.5, $134.10 
374,2/21/2014,2231,United Kingdom,Male,10.5, $169.00 
375,2/21/2014,2207,Canada,Male,10.5, $159.00 
376,2/21/2014,2235,Germany,Female,8.5, $199.00 
377,2/22/2014,2148,United States,Male,10.5, $169.00 
378,2/22/2014,2189,United Kingdom,Male,10.5, $125.30 
379,2/22/2014,2155,United Kingdom,Female,10, $129.00 
380,2/22/2014,2180,United Kingdom,Male,10.5, $159.00 
381,2/22/2014,2182,Germany,Female,9, $179.00 
382,2/22/2014,2197,Germany,Female,8.5, $189.00 
383,2/23/2014,2161,United States,Male,11.5, $169.00 
384,2/23/2014,2217,Canada,Male,10.5, $125.30 
385,2/23/2014,2186,United States,Male,10.5, $159.00 
386,2/23/2014,2220,United Kingdom,Male,8.5, $151.20 
387,2/23/2014,2170,United Kingdom,Male,7.5, $134.10 
388,2/23/2014,2217,Germany,Female,8.5, $97.30 
389,2/23/2014,2172,Germany,Male,9.5, $132.30 
390,2/24/2014,2215,Canada,Male,10, $94.50 
391,2/24/2014,2231,United Kingdom,Male,10.5, $169.00 
392,2/24/2014,2213,United Kingdom,Female,10, $149.00 
393,2/24/2014,2190,Canada,Male,15, $125.10 
394,2/24/2014,2199,Germany,Male,7.5, $134.10 
395,2/25/2014,2212,Canada,Male,9, $149.00 
396,2/25/2014,2220,United States,Male,10.5, $139.00 
397,2/25/2014,2173,Germany,Female,9, $169.00 
398,2/25/2014,2236,United Kingdom,Male,10, $135.20 
399,2/25/2014,2217,Canada,Male,10.5, $125.30 
400,2/25/2014,2240,Germany,Male,10.5, $159.00 
401,2/26/2014,2235,United States,Unix,9, $99.50 
402,2/26/2014,2221,United States,Male,10, $125.30 
403,2/26/2014,2189,United Kingdom,Male,10.5, $125.30 
404,2/26/2014,2236,United Kingdom,Male,10, $135.20 
405,2/26/2014,2215,Canada,Male,10, $94.50 
406,2/27/2014,2219,United States,Male,9.5, $199.00 
407,2/27/2014,2220,United States,Male,10.5, $139.00 
408,2/27/2014,2213,United States,Male,11, $79.50 
409,2/27/2014,2157,United States,Male,11.5, $119.20 
410,2/27/2014,2168,Canada,Male,10.5, $90.30 
411,2/27/2014,2218,Germany,Female,7, $169.00 
412,2/27/2014,2183,United States,Male,9.5, $149.00 
413,2/27/2014,2220,United Kingdom,Male,8.5, $151.20 
414,2/27/2014,2189,United Kingdom,Male,10.5, $125.30 
415,2/28/2014,2218,United States,Male,9.5, $189.00 
416,2/28/2014,2227,Germany,Male,10, $159.00 
417,2/28/2014,2216,Canada,Female,8, $139.00 
418,2/28/2014,2221,United States,Male,10, $125.30 
419,2/28/2014,2235,United States,Male,9, $99.50 
420,2/28/2014,2213,United States,Male,11, $79.50 
421,2/28/2014,2218,Germany,Female,7, $169.00 
422,2/28/2014,2190,Canada,Male,15, $125.10 
423,2/28/2014,2225,Canada,Female,8.5, $189.00 
424,2/28/2014,2152,United States,Male,9, $149.00 
425,3/1/2014,2148,United States,Male,10.5, $169.00 
426,3/1/2014,2216,Canada,Female,8, $139.00 
427,3/1/2014,2172,Germany,Male,9.5, $132.30 
428,3/1/2014,2220,United States,Male,10.5, $139.00 
429,3/1/2014,2235,United States,Male,9, $99.50 
430,3/1/2014,2217,Canada,Male,10.5, $125.30 
431,3/1/2014,2190,Canada,Male,15, $125.10 
432,3/1/2014,2230,United Kingdom,Male,10, $139.00 
433,3/1/2014,2188,United States,Male,12, $169.00 
434,3/1/2014,2157,United States,Male,11.5, $119.20 
435,3/2/2014,2152,Canada,Male,9.5, $159.00 
436,3/2/2014,2167,United Kingdom,Female,8, $149.00 
437,3/2/2014,2199,Germany,Male,7.5, $134.10 
438,3/2/2014,2172,Germany,Male,9.5, $132.30 
439,3/2/2014,2173,Germany,Female,9, $169.00 
440,3/2/2014,2174,Canada,Female,8.5, $169.00 
441,3/2/2014,2213,United States,Male,11, $79.50 
442,3/2/2014,2175,Canada,Male,11.5, $199.00 
443,3/2/2014,2182,United States,Female,8, $125.10 
444,3/2/2014,2150,United States,Female,8, $179.00 
445,3/3/2014,2180,Canada,Male,8, $84.50 
446,3/3/2014,2198,Germany,Male,10.5, $189.00 
447,3/3/2014,2236,United Kingdom,Male,10, $135.20 
448,3/3/2014,2199,United States,Female,9.5, $129.00 
449,3/3/2014,2152,Canada,Male,9.5, $159.00 
450,3/3/2014,2219,United States,Male,9.5, $199.00 
451,3/3/2014,2182,United States,Unix,8, $125.10 
452,3/4/2014,2168,Canada,Male,10.5, $90.30 
453,3/4/2014,2184,United Kingdom,Female,8, $179.00 
454,3/4/2014,2165,Canada,Male,9, $152.10 
455,3/4/2014,2152,United States,Male,9, $149.00 
456,3/4/2014,2180,Canada,Male,8, $84.50 
457,3/4/2014,2179,Canada,Male,8, $189.00 
458,3/4/2014,2230,Canada,Male,11, $94.50 
459,3/4/2014,2218,United States,Male,9.5, $189.00 
460,3/4/2014,2219,United States,Male,9.5, $199.00 
461,3/5/2014,2204,Canada,Male,8.5, $134.10 
462,3/5/2014,2176,United Kingdom,Male,9.5, $199.00 
463,3/5/2014,2159,Germany,Female,9, $189.00 
464,3/5/2014,2205,United Kingdom,Male,9, $159.00 
465,3/5/2014,2212,United Kingdom,Male,9.5, $111.20 
466,3/5/2014,2157,United States,Male,11.5, $119.20 
467,3/5/2014,2175,Canada,Male,11.5, $199.00 
468,3/5/2014,2179,Canada,Male,8, $189.00 
469,3/6/2014,2202,United States,Male,10.5, $143.10 
470,3/6/2014,2171,United States,Female,5, $104.30 
471,3/6/2014,2154,United Kingdom,Male,9, $179.00 
472,3/6/2014,2159,Germany,Female,9, $189.00 
473,3/6/2014,2215,United Kingdom,Male,12, $179.00 
474,3/6/2014,2205,United Kingdom,Male,9, $159.00 
475,3/6/2014,2212,United Kingdom,Male,9.5, $111.20 
476,3/6/2014,2152,Canada,Male,9.5, $159.00 
477,3/6/2014,2175,Canada,Male,11.5, $199.00 
478,3/7/2014,2199,United States,Female,9.5, $129.00 
479,3/7/2014,2218,United States,Male,10.5, $199.00 
480,3/7/2014,2158,United Kingdom,Male,9, $149.00 
481,3/7/2014,2230,United Kingdom,Male,10, $139.00 
482,3/7/2014,2215,United Kingdom,Male,12, $179.00 
483,3/7/2014,2205,United Kingdom,Male,9, $159.00 
484,3/7/2014,2212,United Kingdom,Male,9.5, $111.20 
485,3/7/2014,2156,Germany,Female,9, $129.00 
486,3/8/2014,2152,United States,Male,9, $149.00 
487,3/8/2014,2174,Germany,Female,10, $139.00 
488,3/8/2014,2180,United States,Male,9.5, $143.20 
489,3/8/2014,2227,United Kingdom,Female,9, $179.00 
490,3/8/2014,2214,United States,Female,8, $151.20 
491,3/8/2014,2227,Germany,Female,9, $169.00 
492,3/9/2014,2186,United States,Male,11.5, $169.00 
493,3/9/2014,2178,United States,Female,8.5, $169.00 
494,3/9/2014,2189,Germany,Female,7, $189.00 
495,3/9/2014,2239,United States,Female,8, $94.50 
496,3/9/2014,2176,United Kingdom,Male,9.5, $199.00 
497,3/10/2014,2236,Germany,Male,8, $118.30 
498,3/10/2014,2204,Germany,Female,7, $125.30 
499,3/10/2014,2181,Germany,Female,10, $169.00 
500,3/10/2014,2230,Canada,Male,11, $94.50 
501,3/10/2014,2174,United States,,9.5, $104.30 
502,3/10/2014,2240,Canada,Male,10, $90.30 
503,3/11/2014,2186,Germany,Male,8.5, $159.00 
504,3/11/2014,2189,Germany,Female,7, $189.00 
505,3/11/2014,2179,Canada,Male,8, $189.00 
506,3/11/2014,2190,United States,Female,7, $169.00 
507,3/11/2014,2200,United States,Male,10.5, $169.00 
508,3/12/2014,2227,Germany,Male,10, $159.00 
509,3/12/2014,2162,United States,Female,9, $159.00 
510,3/12/2014,2224,United States,Male,10, $143.20 
511,3/12/2014,2230,Canada,Male,11, $94.50 
512,3/12/2014,2159,United States,Female,9.5, $179.00 
513,3/12/2014,2223,Canada,Female,9.5, $143.10 
514,3/12/2014,2186,United States,Female,7, $161.10 
515,3/13/2014,2178,United States,Male,9.5, $104.30 
516,3/13/2014,2182,United Kingdom,Male,10, $169.00 
517,3/13/2014,2177,United States,Female,8, $189.00 
518,3/13/2014,2169,United States,Male,8, $129.00 
519,3/13/2014,2195,Canada,Female,9.5, $116.10 
520,3/14/2014,2212,United States,Female,9, $189.00 
521,3/14/2014,2184,United States,Female,10.5, $139.00 
522,3/14/2014,2230,United States,Male,9.5, $111.20 
523,3/14/2014,2184,United States,Female,8, $149.00 
524,3/14/2014,2239,Canada,Female,8, $134.10 
525,3/14/2014,2202,United States,Male,10.5, $143.10 
526,3/15/2014,2159,United States,Female,9.5, $179.00 
527,3/15/2014,2152,United States,Male,11.5, $74.50 
528,3/15/2014,2209,United States,Male,10.5, $179.00 
529,3/15/2014,2208,Germany,Male,9, $116.10 
530,3/15/2014,2242,Canada,Male,10.5, $189.00 
531,3/15/2014,2182,Canada,Female,8, $116.10 
532,3/15/2014,2199,United Kingdom,Male,14, $129.00 
533,3/16/2014,2169,United States,Male,8, $129.00 
534,3/16/2014,2190,United States,Male,10.5, $149.00 
535,3/16/2014,2149,Germany,Male,10.5, $149.00 
536,3/16/2014,2224,United States,Male,9.5, $103.20 
537,3/16/2014,2167,Germany,Male,12, $127.20 
538,3/16/2014,2237,United States,Female,8.5, $69.50 
539,3/16/2014,2198,Canada,Male,11, $129.00 
540,3/16/2014,2238,Canada,Female,8, $170.10 
541,3/16/2014,2179,United Kingdom,Male,9, $103.20 
542,3/17/2014,2231,Germany,Male,8.5, $189.00 
543,3/17/2014,2178,United States,Female,7.5, $152.10 
544,3/17/2014,2192,United States,Male,8.5, $169.00 
545,3/17/2014,2167,United Kingdom,Female,8, $149.00 
546,3/17/2014,2196,United Kingdom,Female,8.5, $199.00 
547,3/17/2014,2186,United States,Male,9.5, $169.00 
548,3/17/2014,2202,Canada,Male,14, $125.30 
549,3/17/2014,2207,United Kingdom,Male,8, $129.00 
550,3/18/2014,2199,Germany,Female,9, $94.50 
551,3/18/2014,2236,Germany,Unix,8, $118.30 
552,3/18/2014,2201,United States,Female,7.5, $189.00 
553,3/18/2014,2192,United States,Female,10, $139.00 
554,3/18/2014,2217,United States,Female,8.5, $132.30 
555,3/18/2014,2169,Canada,Female,8, $118.30 
556,3/19/2014,2199,United Kingdom,Male,14, $129.00 
557,3/19/2014,2186,Germany,Male,8.5, $159.00 
558,3/19/2014,2157,Germany,Female,7, $179.00 
559,3/19/2014,2231,Germany,Male,8.5, $189.00 
560,3/20/2014,2179,United Kingdom,Male,9, $103.20 
561,3/20/2014,2237,United States,Male,10, $119.20 
562,3/20/2014,2242,Canada,Male,10.5, $189.00 
563,3/20/2014,2236,Germany,Male,8, $118.30 
564,3/21/2014,2190,Germany,Female,7, $159.00 
565,3/21/2014,2192,United States,Male,7.5, $149.00 
566,3/21/2014,2198,Canada,Male,11, $129.00 
567,3/21/2014,2206,United States,Male,14, $179.00 
568,3/21/2014,2238,United States,Male,9, $199.00 
569,3/21/2014,2201,Germany,Male,11, $152.10 
570,3/22/2014,2157,Germany,Female,7, $179.00 
571,3/22/2014,2150,United States,Male,8.5, $118.30 
572,3/22/2014,2161,Canada,Female,10, $199.00 
573,3/22/2014,2230,United States,Male,9.5, $111.20 
574,3/22/2014,2215,United States,Female,8, $169.00 
575,3/22/2014,2237,United States,Male,10, $119.20 
576,3/22/2014,2169,Canada,Female,8, $118.30 
577,3/22/2014,2225,Germany,Female,9, $179.00 
578,3/22/2014,2204,United States,Female,9, $179.00 
579,3/23/2014,2242,Canada,Male,10.5, $189.00 
580,3/23/2014,2161,Canada,Female,10, $199.00 
581,3/23/2014,2238,United States,Male,9, $199.00 
582,3/23/2014,2234,United States,Male,9.5, $79.50 
583,3/23/2014,2192,United States,Male,7.5, $149.00 
584,3/23/2014,2228,United States,Male,9.5, $170.10 
585,3/23/2014,2231,Germany,Male,8.5, $189.00 
586,3/23/2014,2199,Germany,Female,9, $94.50 
587,3/23/2014,2183,Canada,Male,9, $116.10 
588,3/23/2014,2229,United Kingdom,Male,11, $169.00 
589,3/24/2014,2237,United States,Male,10, $119.20 
590,3/24/2014,2238,United States,Male,9, $199.00 
591,3/24/2014,2197,United States,Male,10, $151.20 
592,3/24/2014,2150,United States,Male,9, $159.00 
593,3/24/2014,2206,Germany,Male,10.5, $97.30 
594,3/24/2014,2175,United States,Male,7, $129.00 
595,3/24/2014,2199,United Kingdom,Male,14, $129.00 
596,3/24/2014,2242,Germany,Female,7, $179.00 
597,3/24/2014,2162,United States,Female,9, $159.00 
598,3/25/2014,2237,Canada,Female,8, $129.00 
599,3/25/2014,2153,United States,Male,9.5, $90.30 
600,3/25/2014,2194,United States,Male,8, $125.10 
601,3/25/2014,2236,Germany,Unix,, $169.00 
602,3/25/2014,2230,United States,Female,9, $179.00 
603,3/25/2014,2220,Germany,Female,7, $169.00 
604,3/25/2014,2225,United States,Male,9.5, $159.00 
605,3/25/2014,2217,United States,Male,15, $179.00 
606,3/26/2014,2175,Germany,Male,9.5, $99.50 
607,3/26/2014,2229,Canada,Female,9.5, $111.30 
608,3/26/2014,2168,Germany,Male,8.5, $104.30 
609,3/26/2014,2180,United Kingdom,Female,9.5, $169.00 
610,3/26/2014,2206,United States,Male,14, $179.00 
611,3/26/2014,2188,United States,Male,9.5, $159.00 
612,3/26/2014,2149,United Kingdom,Female,8, $134.10 
613,3/26/2014,2150,United States,Male,9, $159.00 
614,3/26/2014,2225,United States,Male,9.5, $159.00 
615,3/27/2014,2191,Germany,Male,10, $139.30 
616,3/27/2014,2200,United States,Male,10.5, $169.00 
617,3/27/2014,2201,Germany,Male,11, $152.10 
618,3/27/2014,2191,United Kingdom,Male,10, $116.10 
619,3/27/2014,2217,United States,Male,15, $179.00 
620,3/27/2014,2194,United States,Male,8, $125.10 
621,3/27/2014,2150,United States,Male,9, $159.00 
622,3/28/2014,2183,United Kingdom,Female,7.5, $129.00 
623,3/28/2014,2223,Canada,Female,9.5, $143.10 
624,3/28/2014,2220,Canada,Male,10, $189.00 
625,3/28/2014,2181,Canada,Female,9, $125.10 
626,3/28/2014,2233,Germany,Female,9, $64.50 
627,3/28/2014,2225,United States,Male,9.5, $159.00 
628,3/29/2014,2169,Canada,Female,10, $159.20 
629,3/29/2014,2216,United States,Male,10.5, $189.00 
630,3/29/2014,2155,United States,Male,9, $103.20 
631,3/29/2014,2195,Canada,Male,15, $199.00 
632,3/29/2014,2181,United Kingdom,Male,11, $151.20 
633,3/29/2014,2191,Germany,Female,7, $111.20 
634,3/30/2014,2211,United States,Male,9.5, $111.30 
635,3/30/2014,2216,United States,Male,10.5, $189.00 
636,3/30/2014,2164,Germany,Male,11, $199.00 
637,3/30/2014,2230,Canada,Male,10, $111.20 
638,3/30/2014,2227,Canada,Female,9, $129.00 
639,3/30/2014,2207,United Kingdom,Female,7.5, $143.20 
640,3/30/2014,2220,Canada,Male,10, $189.00 
641,3/31/2014,2150,United States,Male,8.5, $118.30 
642,3/31/2014,2211,United States,Male,9.5, $111.30 
643,3/31/2014,2184,Germany,Female,6, $111.30 
644,3/31/2014,2163,Germany,Male,10.5, $143.10 
645,3/31/2014,2237,Canada,Female,8, $129.00 
646,3/31/2014,2207,Canada,Male,9, $169.00 
647,3/31/2014,2237,Germany,Male,9.5, $189.00 
648,3/31/2014,2195,Canada,Male,15, $199.00 
649,4/1/2014,2205,United States,Female,8, $129.00 
650,4/1/2014,2150,Germany,Male,9.5, $179.00 
651,4/1/2014,2180,Canada,Unix,12, $132.30 
652,4/1/2014,2168,Germany,Male,8.5, $104.30 
653,4/1/2014,2191,Germany,Female,7, $111.20 
654,4/1/2014,2165,United Kingdom,Female,7.5, $149.00 
655,4/1/2014,2158,United States,Male,9.5, $149.00 
656,4/2/2014,2218,United States,Female,8, $179.00 
657,4/2/2014,2188,United States,Male,9.5, $159.00 
658,4/2/2014,2208,Germany,Female,6, $159.00 
659,4/2/2014,2164,Germany,Male,11, $199.00 
660,4/2/2014,2242,Canada,Male,9, $139.00 
661,4/2/2014,2158,Canada,Male,9.5, $189.00 
662,4/2/2014,2209,Canada,Male,9, $199.00 
663,4/2/2014,2190,Canada,Female,9.5, $179.00 
664,4/2/2014,2220,Canada,Male,10, $189.00 
665,4/2/2014,2169,Canada,Female,10, $159.20 
666,4/2/2014,2168,United States,Female,9.5, $74.50 
667,4/3/2014,2205,United States,Female,8, $129.00 
668,4/3/2014,2217,United States,Male,15, $179.00 
669,4/3/2014,2176,Canada,Male,9.5, $151.20 
670,4/3/2014,2242,Canada,Male,9, $139.00 
671,4/3/2014,2158,Canada,Male,9.5, $189.00 
672,4/3/2014,2195,Canada,Female,9.5, $199.00 
673,4/3/2014,2218,Germany,Female,9, $149.00 
674,4/3/2014,2216,United States,Male,10.5, $189.00 
675,4/3/2014,2235,United States,Female,9.5, $139.00 
676,4/4/2014,2188,United States,Male,9.5, $159.00 
677,4/4/2014,2231,Canada,Female,8, $151.20 
678,4/4/2014,2173,Germany,Male,9.5, $161.10 
679,4/4/2014,2207,Canada,Male,9, $169.00 
680,4/4/2014,2176,Canada,Male,9.5, $151.20 
681,4/4/2014,2242,Canada,Male,9, $139.00 
682,4/4/2014,2229,Canada,Female,9.5, $111.30 
683,4/4/2014,2165,United Kingdom,Male,10, $169.00 
684,4/4/2014,2213,United Kingdom,Male,9.5, $159.00 
685,4/4/2014,2204,United States,Female,9.5, $152.10 
686,4/5/2014,2163,Germany,Male,10.5, $143.10 
687,4/5/2014,2173,Germany,Male,9.5, $161.10 
688,4/5/2014,2191,United Kingdom,Male,10, $116.10 
689,4/5/2014,2240,Canada,Male,10.5, $79.50 
690,4/5/2014,2218,Germany,Female,9, $149.00 
691,4/5/2014,2196,Germany,Male,10, $69.50 
692,4/6/2014,2150,Germany,Male,9.5, $179.00 
693,4/6/2014,2163,Germany,Male,10.5, $143.10 
694,4/6/2014,2216,United States,Female,7, $169.00 
695,4/6/2014,2209,Canada,Male,9, $199.00 
696,4/6/2014,2165,United Kingdom,Male,10, $169.00 
697,4/6/2014,2231,Canada,Female,8, $151.20 
698,4/7/2014,2218,Canada,Male,8.5, $64.50 
699,4/7/2014,2151,United States,Female,5.5, $159.00 
700,4/7/2014,2240,Canada,Male,10, $90.30 
701,4/7/2014,2158,,Unix,9.5, $189.00 
702,4/7/2014,2173,Germany,Male,9.5, $161.10 
703,4/8/2014,2240,Canada,Male,10.5, $79.50 
704,4/8/2014,2187,Germany,Male,9, $111.20 
705,4/8/2014,2202,Canada,Male,9.5, $103.20 
706,4/8/2014,2190,United States,Female,7, $169.00 
707,4/8/2014,2227,United States,Male,9, $159.00 
708,4/9/2014,2224,Germany,Female,7, $152.10 
709,4/9/2014,2205,Germany,Female,7, $199.00 
710,4/9/2014,2218,Canada,Male,11, $149.00 
711,4/9/2014,2209,Canada,Male,9, $199.00 
712,4/9/2014,2150,Germany,Male,10.5, $149.00 
713,4/9/2014,2225,Germany,Male,10.5, $69.50 
714,4/9/2014,2224,United States,Female,9, $179.10 
715,4/9/2014,2234,United States,Female,5.5, $169.00 
716,4/9/2014,2181,United States,Male,9.5, $139.00 
717,4/9/2014,2219,United Kingdom,Female,9, $179.00 
718,4/9/2014,2225,United States,Female,8, $189.00 
719,4/10/2014,2224,Germany,Female,7, $152.10 
720,4/10/2014,2183,Canada,Male,9.5, $199.00 
721,4/10/2014,2218,Canada,Male,8.5, $64.50 
722,4/10/2014,2158,United States,Female,8, $161.10 
723,4/10/2014,2192,United States,Female,8, $170.10 
724,4/10/2014,2240,Germany,Male,12, $189.00 
725,4/10/2014,2222,Germany,Female,7.5, $199.00 
726,4/10/2014,2226,Germany,Male,10.5, $94.50 
727,4/10/2014,2242,United Kingdom,Male,8, $90.30 
728,4/10/2014,2190,Canada,Female,10, $179.00 
729,4/10/2014,2206,United States,Male,8.5, $189.00 
730,4/10/2014,2160,United Kingdom,Female,9, $135.20 
731,4/10/2014,2220,United States,Male,11, $139.00 
732,4/11/2014,2150,Canada,Female,6.5, $143.20 
733,4/11/2014,2240,Canada,Male,10.5, $79.50 
734,4/11/2014,2218,Canada,Male,8.5, $64.50 
735,4/11/2014,2239,United States,Female,8, $189.00 
736,4/11/2014,2191,United States,Male,9, $104.30 
737,4/11/2014,2158,United States,Female,8, $161.10 
738,4/11/2014,2196,Germany,Male,10, $69.50 
739,4/11/2014,2202,Canada,Female,8, $149.00 
740,4/11/2014,2204,United States,Female,9, $179.00 
741,4/11/2014,2181,United States,Male,9.5, $139.00 
742,4/11/2014,2158,United States,Male,9.5, $149.00 
743,4/11/2014,2168,United Kingdom,Female,9, $139.00 
744,4/11/2014,2194,United States,Male,6.5, $199.00 
745,4/11/2014,2237,United States,Male,8.5, $139.00 
746,4/12/2014,2204,United States,Female,8, $104.30 
747,4/12/2014,2227,United States,Male,9, $159.00 
748,4/12/2014,2191,United States,Male,9, $104.30 
749,4/12/2014,2224,Germany,Female,9, $179.00 
750,4/12/2014,2225,Germany,Male,10.5, $69.50 
751,4/12/2014,2242,Germany,Unix,10.5, $127.20 
752,4/12/2014,2206,United States,Male,8.5, $189.00 
753,4/12/2014,2196,United States,Female,8, $179.00 
754,4/12/2014,2168,United States,Female,9.5, $74.50 
755,4/12/2014,2203,United States,Female,10.5, $159.00 
756,4/13/2014,2195,Germany,Female,9, $143.20 
757,4/13/2014,2226,Germany,Male,10.5, $94.50 
758,4/13/2014,2156,Germany,Male,10, $79.50 
759,4/13/2014,2239,Canada,Female,8, $134.10 
760,4/13/2014,2231,Canada,Female,10, $103.20 
761,4/13/2014,2191,United States,Male,9, $189.00 
762,4/13/2014,2222,Germany,Male,10, $159.00 
763,4/13/2014,2183,Canada,Female,6.5, $139.00 
764,4/13/2014,2220,United States,Male,9.5, $69.50 
765,4/13/2014,2235,United States,Female,9.5, $139.00 
766,4/13/2014,2172,United States,Female,10.5, $159.00 
767,4/14/2014,2155,Canada,Male,14, $169.00 
768,4/14/2014,2152,Germany,Female,7, $189.00 
769,4/14/2014,2213,United Kingdom,Male,9.5, $159.00 
770,4/14/2014,2182,Canada,Female,10, $179.10 
771,4/14/2014,2237,United States,Female,7, $169.00 
772,4/14/2014,2242,Germany,Male,10.5, $127.20 
773,4/14/2014,2182,Canada,Female,8, $116.10 
774,4/14/2014,2190,Canada,Female,10, $179.00 
775,4/14/2014,2223,United States,Female,6, $179.00 
776,4/14/2014,2203,United States,Female,8, $89.50 
777,4/14/2014,2173,United States,Female,8.5, $199.00 
778,4/14/2014,2147,United States,Female,10.5, $179.00 
779,4/15/2014,2240,United States,Male,15, $189.00 
780,4/15/2014,2195,Canada,Male,10, $111.30 
781,4/15/2014,2203,Germany,Female,7, $169.00 
782,4/15/2014,2175,Canada,Male,8, $104.30 
783,4/15/2014,2218,Canada,Female,10, $135.20 
784,4/15/2014,2239,Canada,Female,8, $134.10 
785,4/15/2014,2227,United States,Female,6, $139.00 
786,4/15/2014,2226,United States,Female,8, $139.30 
787,4/15/2014,2237,United States,Female,8.5, $69.50 
788,4/15/2014,2181,United States,Male,9.5, $139.00 
789,4/16/2014,2190,United Kingdom,Male,9.5, $189.00 
790,4/16/2014,2222,United States,Male,11, $104.30 
791,4/16/2014,2176,Canada,Male,9, $170.10 
792,4/16/2014,2175,Canada,Female,7.5, $179.00 
793,4/16/2014,2216,United States,Female,7, $169.00 
794,4/16/2014,2151,United States,Male,9, $132.30 
795,4/16/2014,2213,Germany,Male,10, $199.00 
796,4/16/2014,2153,Canada,Male,9.5, $69.50 
797,4/16/2014,2213,United Kingdom,Female,8.5, $127.20 
798,4/17/2014,2219,United Kingdom,Female,9, $179.00 
799,4/17/2014,2194,United States,Male,6.5, $199.00 
800,4/17/2014,2183,United States,Male,12, $159.00 
801,,2183,Canada,Unix,9, $116.10 
802,4/17/2014,2202,Canada,Female,8, $149.00 
803,4/17/2014,2211,United Kingdom,Female,8.5, $143.10 
804,4/17/2014,2187,Germany,Male,10, $199.00 
805,4/18/2014,2160,United Kingdom,Female,9, $135.20 
806,4/18/2014,2184,Canada,Female,8.5, $135.20 
807,4/18/2014,2161,Canada,Female,8.5, $64.50 
808,4/18/2014,2159,United States,Male,9, $119.20 
809,4/18/2014,2242,Germany,Female,7, $179.00 
810,4/18/2014,2225,Germany,Male,10.5, $69.50 
811,4/18/2014,2152,Germany,Male,7, $179.00 
812,4/18/2014,2179,Canada,Male,9, $74.50 
813,4/18/2014,2189,United Kingdom,Female,8.5, $139.00 
814,4/18/2014,2178,Germany,Male,10.5, $152.10 
815,4/19/2014,2184,Canada,Female,8.5, $135.20 
816,4/19/2014,2240,United States,Male,15, $189.00 
817,4/19/2014,2189,United States,Female,10.5, $149.00 
818,4/19/2014,2223,United States,Male,9, $89.50 
819,4/19/2014,2239,Germany,Male,10, $179.00 
820,4/19/2014,2214,Canada,Male,6.5, $129.00 
821,4/19/2014,2228,Canada,Female,8, $132.30 
822,4/19/2014,2160,Canada,Male,9, $149.00 
823,4/19/2014,2176,Canada,Female,8, $139.00 
824,4/20/2014,2222,United States,Male,11, $104.30 
825,4/20/2014,2240,United States,Male,15, $189.00 
826,4/20/2014,2210,Germany,Male,11, $129.00 
827,4/20/2014,2235,Germany,Female,8.5, $199.00 
828,4/20/2014,2172,United States,Female,8.5, $149.00 
829,4/20/2014,2179,Canada,Male,9, $74.50 
830,4/20/2014,2213,Germany,Male,10, $199.00 
831,4/20/2014,2193,Canada,Male,10.5, $169.00 
832,4/21/2014,2152,Germany,Male,7, $179.00 
833,4/21/2014,2197,Germany,Female,8.5, $189.00 
834,4/21/2014,2169,Canada,Male,11, $111.30 
835,4/21/2014,2147,United States,Female,8.5, $169.00 
836,4/21/2014,2160,Canada,Male,9, $149.00 
837,4/22/2014,2188,United Kingdom,Female,9.5, $89.50 
838,4/22/2014,2206,United States,Male,8, $159.00 
839,4/22/2014,2214,Canada,Male,6.5, $129.00 
840,4/22/2014,2184,United States,Female,8.5, $159.00 
841,4/22/2014,2213,United States,Female,10, $199.00 
842,4/23/2014,2213,United Kingdom,Female,8.5, $127.20 
843,4/23/2014,2203,United Kingdom,Female,9.5, $149.00 
844,4/23/2014,2189,United States,Male,8.5, $139.00 
845,4/23/2014,2179,Canada,Male,9, $74.50 
846,4/23/2014,2203,United States,Female,10, $103.20 
847,4/24/2014,2154,United States,Female,8.5, $149.00 
848,4/24/2014,2211,United Kingdom,Female,8.5, $143.10 
849,4/24/2014,2170,United Kingdom,Female,9.5, $127.20 
850,4/24/2014,2191,United States,Male,9, $189.00 
851,4/24/2014,2235,United States,Unix,10, $90.30 
852,4/24/2014,2192,Canada,Male,9.5, $149.00 
853,4/25/2014,2172,United States,Female,8.5, $149.00 
854,4/25/2014,2206,Canada,Female,8.5, $159.00 
855,4/25/2014,2173,United States,Female,8.5, $199.00 
856,4/25/2014,2209,United States,Male,9.5, $199.00 
857,4/25/2014,2169,Canada,Male,11, $111.30 
858,4/26/2014,2147,United States,Female,8.5, $169.00 
859,4/26/2014,2153,Canada,Female,8.5, $149.00 
860,4/26/2014,2204,Germany,Male,11.5, $125.30 
861,4/26/2014,2197,Germany,Male,11.5, $169.00 
862,4/26/2014,2228,Germany,Male,10.5, $169.00 
863,4/26/2014,2172,Canada,Male,9.5, $149.00 
864,4/26/2014,2206,United States,Male,8, $159.00 
865,4/26/2014,2206,Germany,Male,9.5, $161.10 
866,4/26/2014,2209,Germany,Male,10.5, $69.50 
867,4/26/2014,2214,Canada,Male,6.5, $129.00 
868,4/27/2014,2191,United States,Male,9, $169.00 
869,4/27/2014,2161,Germany,Female,7, $129.00 
870,4/27/2014,2239,Germany,Male,10, $179.00 
871,4/27/2014,2204,Germany,Male,11.5, $125.30 
872,4/27/2014,2197,Germany,Male,11.5, $169.00 
873,4/27/2014,2192,Canada,Male,9.5, $149.00 
874,4/27/2014,2213,United Kingdom,Female,8.5, $127.20 
875,4/27/2014,2228,Germany,Male,10.5, $169.00 
876,4/27/2014,2206,Germany,Male,9.5, $161.10 
877,4/28/2014,2211,Germany,Male,11.5, $125.10 
878,4/28/2014,2172,Canada,Male,9.5, $149.00 
879,4/28/2014,2210,Germany,Male,11, $129.00 
880,4/28/2014,2239,Germany,Male,10, $179.00 
881,4/28/2014,2204,Germany,Male,11.5, $125.30 
882,4/28/2014,2169,Canada,Male,11, $111.30 
883,4/28/2014,2159,Canada,Male,9.5, $84.50 
884,4/28/2014,2189,United States,Male,10.5, $129.00 
885,4/28/2014,2197,Germany,Male,11.5, $169.00 
886,4/28/2014,2228,Germany,Male,10.5, $169.00 
887,4/29/2014,2240,Germany,Male,12, $189.00 
888,4/29/2014,2176,United Kingdom,Male,10, $118.30 
889,4/29/2014,2192,Canada,Male,9.5, $149.00 
890,4/29/2014,2193,Germany,Male,13, $169.00 
891,4/29/2014,2203,Canada,Male,9, $161.10 
892,4/29/2014,2237,United States,Male,8.5, $139.00 
893,4/30/2014,2239,United States,Female,8, $189.00 
894,4/30/2014,2149,Germany,Female,9, $179.00 
895,4/30/2014,2162,United States,Female,8.5, $116.10 
896,4/30/2014,2209,Germany,Male,10.5, $69.50 
897,4/30/2014,2242,Germany,Male,9, $161.10 
898,4/30/2014,2181,United Kingdom,Female,7, $89.50 
899,4/30/2014,2168,United States,Female,9.5, $74.50 
900,4/30/2014,2240,United States,Male,10.5, $199.00 
901,4/30/2014,2182,United States,Unix,9.5, $139.00 
902,5/1/2014,2176,United Kingdom,Male,10.5, $199.00 
903,5/1/2014,2168,United States,Female,8.5, $129.00 
904,5/1/2014,2206,Germany,Male,9.5, $161.10 
905,5/1/2014,2149,Germany,Male,10.5, $149.00 
906,5/1/2014,2176,United Kingdom,Female,8.5, $149.00 
907,5/1/2014,2232,Canada,Male,9.5, $139.00 
908,5/1/2014,2228,United States,Female,9.5, $125.30 
909,5/2/2014,2217,United States,Female,8.5, $69.50 
910,5/2/2014,2160,Germany,Female,9, $129.00 
911,5/2/2014,2147,Canada,Female,8, $143.10 
912,5/2/2014,2178,United States,Female,7.5, $152.10 
913,5/2/2014,2230,United Kingdom,Female,8.5, $189.00 
914,5/2/2014,2161,Germany,Female,7, $129.00 
915,5/2/2014,2154,Germany,Female,9, $169.00 
916,5/2/2014,2206,United States,Female,9.5, $139.00 
917,5/3/2014,2149,Germany,Male,10.5, $135.20 
918,5/3/2014,2226,Canada,Female,8.5, $104.30 
919,5/3/2014,2148,United Kingdom,Male,9.5, $139.00 
920,5/3/2014,2192,Canada,Male,10, $199.00 
921,5/3/2014,2209,Canada,Female,8, $169.00 
922,5/3/2014,2193,Germany,Male,13, $169.00 
923,5/3/2014,2172,Canada,Male,9.5, $149.00 
924,5/3/2014,2160,Germany,Female,9, $129.00 
925,5/4/2014,2156,Germany,Female,7, $169.00 
926,5/4/2014,2147,Canada,Female,8, $143.10 
927,5/4/2014,2210,Canada,Female,8.5, $99.50 
928,5/4/2014,2176,United Kingdom,Male,10, $118.30 
929,5/4/2014,2222,Canada,Male,9, $64.50 
930,5/4/2014,2187,Canada,Female,8, $199.00 
931,5/4/2014,2209,Germany,Male,10.5, $69.50 
932,5/4/2014,2202,United States,Male,7.5, $169.00 
933,5/4/2014,2148,United Kingdom,Male,9.5, $139.00 
934,5/4/2014,2206,United States,Male,8, $97.30 
935,5/4/2014,2226,Canada,Male,14, $149.00 
936,5/5/2014,2184,Germany,Female,7, $199.00 
937,5/5/2014,2193,Germany,Male,13, $169.00 
938,5/5/2014,2225,Canada,Female,8.5, $189.00 
939,5/5/2014,2237,Germany,Female,7, $170.10 
940,5/5/2014,2149,Germany,Male,10.5, $135.20 
941,5/5/2014,2150,United Kingdom,Female,9, $159.00 
942,5/5/2014,2162,United States,Female,8.5, $116.10 
943,5/5/2014,2181,Canada,Female,7.5, $94.50 
944,5/5/2014,2226,Canada,Female,8.5, $104.30 
945,5/6/2014,2232,Canada,Male,9.5, $139.00 
946,5/6/2014,2203,Germany,Female,8, $111.30 
947,5/6/2014,2215,Germany,Female,9.5, $189.00 
948,5/6/2014,2190,United Kingdom,Male,9.5, $189.00 
949,5/6/2014,2168,United States,Female,8.5, $129.00 
950,5/6/2014,2204,Canada,Female,7.5, $149.00 
951,5/6/2014,2210,Canada,Unix,8.5, $99.50 
952,5/7/2014,2231,Canada,Female,9, $125.10 
953,5/7/2014,2220,Germany,Female,7, $169.00 
954,5/7/2014,2229,United States,Male,9, $129.00 
955,5/7/2014,2201,Germany,Female,8, $159.20 
956,5/7/2014,2200,Germany,Male,9.5, $179.00 
957,5/7/2014,2194,Germany,Female,9, $159.20 
958,5/7/2014,2219,United Kingdom,Female,9, $179.00 
959,5/8/2014,2188,United Kingdom,Female,8.5, $169.00 
960,5/8/2014,2152,Canada,Male,9.5, $111.30 
961,5/8/2014,2226,Canada,Female,9, $199.00 
962,5/8/2014,2215,Germany,Female,8, $79.50 
963,5/8/2014,2157,Germany,Female,9.5, $152.10 
964,5/8/2014,2222,Germany,Male,10, $159.00 
965,5/8/2014,2227,Germany,Female,9, $134.10 
966,5/8/2014,2219,Canada,Female,10, $89.50 
967,5/9/2014,2240,United States,Male,10.5, $199.00 
968,5/9/2014,2169,Canada,Male,9.5, $118.30 
969,5/9/2014,2181,Canada,Female,9, $125.10 
970,5/9/2014,2203,United States,Female,8, $89.50 
971,5/9/2014,2240,Canada,Male,8.5, $189.00 
972,5/9/2014,2189,Germany,Female,9, $104.30 
973,5/9/2014,2168,Canada,Male,10, $129.00 
974,5/9/2014,2242,Germany,Female,7, $179.00 
975,5/9/2014,2236,United States,Male,9.5, $135.20 
976,5/10/2014,2176,United Kingdom,Female,8.5, $149.00 
977,5/10/2014,2187,United States,Female,8.5, $189.00 
978,5/10/2014,2151,United Kingdom,Male,9.5, $169.00 
979,5/10/2014,2185,Germany,Female,8.5, $199.00 
980,5/10/2014,2179,Germany,Female,9, $159.00 
981,5/10/2014,2169,Germany,Male,11, $99.50 
982,5/10/2014,2195,Germany,Female,5, $189.00 
983,5/10/2014,2226,Germany,Male,12, $90.30 
984,5/10/2014,2224,Germany,Male,14, $189.00 
985,5/10/2014,2159,United Kingdom,Female,6, $94.50 
986,5/10/2014,2220,Germany,Female,7, $169.00 
987,5/10/2014,2172,United States,Male,9, $125.10 
988,5/11/2014,2154,United States,Female,8.5, $149.00 
989,5/11/2014,2194,Germany,Female,9, $159.20 
990,5/11/2014,2179,Germany,Female,9, $159.00 
991,5/11/2014,2223,United States,Male,9, $89.50 
992,5/11/2014,2218,Germany,Male,9, $129.00 
993,5/11/2014,2227,United States,Male,9, $74.50 
994,5/11/2014,2178,Germany,Female,5, $125.10 
995,5/11/2014,2156,Germany,Male,10, $79.50 
996,5/11/2014,2226,Germany,Male,12, $90.30 
997,5/11/2014,2158,United Kingdom,Female,6, $189.00 
998,5/11/2014,2152,Canada,Male,9.5, $111.30 
999,5/12/2014,2186,United States,Male,9.5, $139.30 
1000,5/12/2014,2151,Canada,Female,8.5, $159.00 
1001,5/12/2014,2172,United States,,8.5, $149.00 
1002,5/12/2014,2235,Germany,Female,8.5, $199.00 
1003,5/12/2014,2227,Germany,Female,9, $134.10 
1004,5/12/2014,2194,Germany,Female,9, $159.20 
1005,5/12/2014,2215,Canada,Female,8, $132.30 
1006,5/12/2014,2153,United States,Male,10.5, $170.10 
1007,5/12/2014,2242,Germany,Male,10.5, $127.20 
1008,5/12/2014,2156,Germany,Male,10, $79.50 
1009,5/13/2014,2219,Canada,Female,10, $89.50 
1010,5/13/2014,2163,United States,Female,9, $118.30 
1011,5/13/2014,2227,United States,Male,9, $74.50 
1012,5/13/2014,2189,United Kingdom,Male,7.5, $139.00 
1013,5/13/2014,2147,United States,Male,9.5, $129.00 
1014,5/13/2014,2199,Canada,Female,8.5, $169.00 
1015,5/14/2014,2236,United States,Male,9.5, $135.20 
1016,5/14/2014,2238,United States,Male,9, $149.00 
1017,5/14/2014,2153,United States,Male,10.5, $170.10 
1018,5/14/2014,2148,United Kingdom,Male,11.5, $189.00 
1019,5/14/2014,2185,United States,Male,9, $111.30 
1020,5/14/2014,2151,Canada,Female,8.5, $159.00 
1021,5/14/2014,2176,Canada,Female,8, $139.00 
1022,5/15/2014,2176,United States,Female,9, $139.00 
1023,5/15/2014,2152,Germany,Female,9, $99.50 
1024,5/15/2014,2153,United Kingdom,Male,10.5, $89.50 
1025,5/15/2014,2160,United Kingdom,Male,9, $189.00 
1026,5/15/2014,2182,Canada,Female,10, $189.00 
1027,5/15/2014,2227,United States,Male,9, $74.50 
1028,5/15/2014,2224,Germany,Male,14, $189.00 
1029,5/16/2014,2154,United States,Male,10.5, $161.10 
1030,5/16/2014,2189,United Kingdom,Male,7.5, $139.00 
1031,5/16/2014,2153,United Kingdom,Male,10.5, $89.50 
1032,5/16/2014,2186,United States,Male,9.5, $139.30 
1033,5/16/2014,2228,United Kingdom,Female,8.5, $159.00 
1034,5/16/2014,2201,United Kingdom,Male,9, $99.50 
1035,5/16/2014,2226,Germany,Male,12, $90.30 
1036,5/17/2014,2187,United States,Female,8.5, $189.00 
1037,5/17/2014,2148,United Kingdom,Male,11.5, $189.00 
1038,5/17/2014,2189,United Kingdom,Male,7.5, $139.00 
1039,5/17/2014,2209,United States,Female,8.5, $159.00 
1040,5/17/2014,2152,Germany,Female,9, $99.50 
1041,5/17/2014,2169,United States,Male,10.5, $189.00 
1042,5/18/2014,2157,Germany,Male,9, $129.00 
1043,5/18/2014,2154,United States,Female,8.5, $149.00 
1044,5/18/2014,2198,United States,Male,8.5, $170.10 
1045,5/18/2014,2239,United States,Male,9.5, $169.00 
1046,5/18/2014,2153,Canada,Male,11.5, $74.50 
1047,5/18/2014,2202,United States,Male,7.5, $169.00 
1048,5/18/2014,2188,United Kingdom,Female,8.5, $169.00 
1049,5/18/2014,2153,United Kingdom,Male,10.5, $89.50 
1050,5/18/2014,2177,Canada,Male,10, $199.00 
1051,5/19/2014,2149,Germany,Unix,10, $159.00 
1052,5/19/2014,2205,United States,Female,7, $159.00 
1053,5/19/2014,2154,United States,Male,10.5, $161.10 
1054,5/19/2014,2156,United States,Female,8.5, $79.50 
1055,5/19/2014,2162,United States,Female,8.5, $116.10 
1056,5/19/2014,2239,Germany,Female,9, $149.00 
1057,5/19/2014,2169,Germany,Male,8, $179.00 
1058,5/19/2014,2153,Canada,Male,9.5, $69.50 
1059,5/20/2014,2213,Canada,Female,8, $118.30 
1060,5/20/2014,2169,United Kingdom,Male,10, $152.10 
1061,5/20/2014,2186,United States,Female,7, $161.10 
1062,5/20/2014,2187,United States,Female,8.5, $189.00 
1063,5/20/2014,2235,United States,Female,8.5, $139.00 
1064,5/20/2014,2229,Germany,Female,9, $179.00 
1065,5/20/2014,2207,United States,Female,8, $116.10 
1066,5/20/2014,2183,Canada,Male,9, $116.10 
1067,5/21/2014,2178,Canada,Female,10, $179.00 
1068,5/21/2014,2183,United Kingdom,Male,9.5, $84.50 
1069,5/21/2014,2241,United States,Male,11, $161.10 
1070,5/21/2014,2184,United States,Male,12, $169.00 
1071,5/21/2014,2201,United Kingdom,Male,9, $99.50 
1072,5/21/2014,2182,United States,Female,8, $199.00 
1073,5/21/2014,2178,Germany,Male,10.5, $152.10 
1074,5/22/2014,2220,United States,Male,9, $79.50 
1075,5/22/2014,2150,United Kingdom,Female,9, $159.00 
1076,5/22/2014,2192,United States,Male,7, $169.00 
1077,5/22/2014,2241,United States,Male,11, $161.10 
1078,5/22/2014,2167,Canada,Female,8.5, $179.00 
1079,5/22/2014,2176,Canada,Female,8, $139.00 
1080,5/23/2014,2185,United States,Male,9, $111.30 
1081,5/23/2014,2185,United States,Male,10, $135.20 
1082,5/23/2014,2192,United States,Male,7, $169.00 
1083,5/23/2014,2232,United States,Male,9, $99.50 
1084,5/23/2014,2184,United States,Male,12, $169.00 
1085,5/23/2014,2224,Germany,Male,14, $189.00 
1086,5/23/2014,2196,United Kingdom,Female,9, $103.20 
1087,5/24/2014,2178,Canada,Female,10, $179.00 
1088,5/24/2014,2241,United States,Male,11, $161.10 
1089,5/24/2014,2191,United States,Male,10.5, $199.00 
1090,5/24/2014,2229,United Kingdom,Male,9.5, $179.00 
1091,5/25/2014,2220,United States,Male,9, $79.50 
1092,5/25/2014,2234,Germany,Male,10.5, $94.50 
1093,5/25/2014,2182,United States,Female,9.5, $139.00 
1094,5/25/2014,2184,United Kingdom,Female,9, $79.50 
1095,5/26/2014,2194,Germany,Female,6.5, $179.00 
1096,5/26/2014,2200,United States,Male,9.5, $199.00 
1097,5/26/2014,2208,Germany,Male,11, $129.00 
1098,5/26/2014,2237,Germany,Female,7, $170.10 
1099,5/26/2014,2228,United States,Female,9.5, $125.30 
1100,5/26/2014,2218,Germany,Male,9, $129.00 
1101,5/26/2014,2215,Canada,Unix,, $132.30 
1102,5/27/2014,2241,Canada,Male,10, $159.00 
1103,5/27/2014,2231,Canada,Female,10, $189.00 
1104,5/27/2014,2186,United States,Male,8, $199.00 
1105,5/27/2014,2207,United Kingdom,Female,7.5, $143.20 
1106,5/27/2014,2177,Canada,Male,10, $199.00 
1107,5/27/2014,2158,United Kingdom,Female,8.5, $125.30 
1108,5/27/2014,2215,Canada,Female,8, $132.30 
1109,5/27/2014,2187,Germany,Male,10, $199.00 
1110,5/28/2014,2151,Germany,Female,6.5, $125.10 
1111,5/28/2014,2232,United States,Male,9, $99.50 
1112,5/28/2014,2237,United States,Female,8.5, $179.10 
1113,5/28/2014,2153,Canada,Male,9.5, $69.50 
1114,5/28/2014,2151,United States,Male,10, $84.50 
1115,5/28/2014,2164,United States,Male,10, $139.00 
1116,5/28/2014,2178,Germany,Male,10.5, $152.10 
1117,5/28/2014,2187,Germany,Male,10, $199.00 
1118,5/29/2014,2209,United States,Female,8.5, $159.00 
1119,5/29/2014,2162,United States,Male,9, $74.50 
1120,5/29/2014,2150,United States,Male,9.5, $139.30 
1121,5/29/2014,2228,United Kingdom,Female,8.5, $159.00 
1122,5/30/2014,2222,Canada,Male,9, $64.50 
1123,5/30/2014,2237,Canada,Female,8.5, $199.00 
1124,5/30/2014,2155,Germany,Female,10, $179.00 
1125,5/30/2014,2155,United States,Male,8.5, $111.20 
1126,5/30/2014,2197,United States,Male,10.5, $149.00 
1127,5/30/2014,2185,Germany,Female,8.5, $199.00 
1128,5/30/2014,2185,Canada,Male,8.5, $199.00 
1129,5/30/2014,2169,Germany,Female,7, $189.00 
1130,5/30/2014,2172,Canada,Female,8.5, $139.00 
1131,5/31/2014,2206,United States,Male,8, $97.30 
1132,5/31/2014,2237,Germany,Female,7, $170.10 
1133,5/31/2014,2162,United States,Male,9, $74.50 
1134,5/31/2014,2155,United States,Male,8.5, $111.20 
1135,5/31/2014,2219,United States,Male,9.5, $199.00 
1136,5/31/2014,2200,United States,Male,9.5, $199.00 
1137,5/31/2014,2169,Germany,Female,7, $189.00 
1138,5/31/2014,2192,Canada,Male,10, $199.00 
1139,5/31/2014,2167,Canada,Female,8.5, $179.00 
1140,6/1/2014,2189,United Kingdom,Male,9, $169.00 
1141,6/1/2014,2177,Canada,Male,10, $199.00 
1142,6/1/2014,2226,Canada,Female,8.5, $104.30 
1143,6/1/2014,2197,United States,Male,10.5, $149.00 
1144,6/1/2014,2162,United States,Male,9, $74.50 
1145,6/1/2014,2173,Canada,Male,10.5, $179.00 
1146,6/1/2014,2155,Germany,Female,10, $179.00 
1147,6/1/2014,2161,United States,Female,7.5, $139.00 
1148,6/1/2014,2222,Canada,Male,9, $64.50 
1149,6/1/2014,2192,Canada,Male,10, $199.00 
1150,6/1/2014,2184,United States,Male,12, $169.00 
1151,6/2/2014,2200,United Kingdom,Unix,11, $179.00 
1152,6/2/2014,2197,Canada,Male,9, $111.30 
1153,6/2/2014,2155,United States,Male,8.5, $111.20 
1154,6/2/2014,2194,Germany,Female,9, $179.00 
1155,6/2/2014,2172,Germany,Male,9.5, $104.30 
1156,6/3/2014,2204,United Kingdom,Male,9.5, $143.20 
1157,6/3/2014,2149,Germany,Male,10, $159.00 
1158,6/3/2014,2213,Canada,Female,8, $118.30 
1159,6/3/2014,2237,United States,Female,6.5, $94.50 
1160,6/3/2014,2189,United Kingdom,Male,9, $169.00 
1161,6/3/2014,2238,United States,Female,7.5, $199.00 
1162,6/3/2014,2198,United Kingdom,Male,9.5, $90.30 
1163,6/4/2014,2208,Canada,Male,10.5, $199.00 
1164,6/4/2014,2213,Canada,Female,8, $118.30 
1165,6/4/2014,2169,Germany,Male,11, $99.50 
1166,6/4/2014,2187,Germany,Male,8, $169.00 
1167,6/4/2014,2200,United Kingdom,Male,11, $179.00 
1168,6/4/2014,2194,Canada,Male,10.5, $159.00 
1169,6/4/2014,2194,Germany,Female,9, $179.00 
1170,6/5/2014,2153,Canada,Male,11.5, $74.50 
1171,6/5/2014,2218,Germany,Male,9, $129.00 
1172,6/5/2014,2169,Germany,Male,11, $99.50 
1173,6/5/2014,2162,Germany,Male,10, $189.00 
1174,6/5/2014,2148,United States,Male,10, $159.00 
1175,6/5/2014,2158,Canada,Male,10.5, $199.00 
1176,6/5/2014,2189,United Kingdom,Male,9, $169.00 
1177,6/6/2014,2151,United States,Male,10.5, $199.00 
1178,6/6/2014,2205,United States,Female,7, $159.00 
1179,6/6/2014,2239,United Kingdom,Female,7.5, $179.10 
1180,6/6/2014,2200,Germany,Female,9, $179.00 
1181,6/6/2014,2179,Germany,Female,10, $179.10 
1182,6/6/2014,2168,Canada,Female,6.5, $64.50 
1183,6/7/2014,2170,Canada,Female,8.5, $69.50 
1184,6/7/2014,2203,United States,Male,9.5, $179.10 
1185,6/7/2014,2224,United States,Male,10, $179.00 
1186,6/7/2014,2165,United Kingdom,Male,10, $151.20 
1187,6/7/2014,2219,United States,Male,9.5, $199.00 
1188,6/8/2014,2240,United States,Male,8.5, $161.10 
1189,6/8/2014,2152,United Kingdom,Male,11, $159.00 
1190,6/8/2014,2183,Germany,Male,10.5, $149.00 
1191,6/8/2014,2239,United States,Male,9.5, $169.00 
1192,6/8/2014,2160,Canada,Female,8.5, $179.10 
1193,6/8/2014,2198,United Kingdom,Male,9.5, $90.30 
1194,6/9/2014,2152,United States,Female,8, $189.00 
1195,6/9/2014,2200,Germany,Female,9, $179.00 
1196,6/9/2014,2198,Germany,Male,8.5, $159.00 
1197,6/9/2014,2159,United Kingdom,Male,8, $103.20 
1198,6/9/2014,2151,United States,Male,10.5, $199.00 
1199,6/9/2014,2156,United States,Female,8.5, $79.50 
1200,6/10/2014,2169,Germany,Male,8, $179.00 
1201,6/10/2014,2157,,Unix,7, $104.30 
1202,6/10/2014,2210,Germany,Female,9, $84.50 
1203,6/10/2014,2238,United Kingdom,Female,8, $139.00 
1204,6/10/2014,2165,United Kingdom,Male,10, $151.20 
1205,6/10/2014,2202,United Kingdom,Male,9.5, $111.30 
1206,6/10/2014,2155,United States,Male,10, $143.10 
1207,6/11/2014,2207,United States,Female,8, $116.10 
1208,6/11/2014,2189,Germany,Female,7, $69.50 
1209,6/11/2014,2159,United Kingdom,Male,8, $103.20 
1210,6/11/2014,2207,United States,Male,8.5, $179.10 
1211,6/11/2014,2152,United Kingdom,Male,11, $159.00 
1212,6/11/2014,2208,Canada,Female,8.5, $179.00 
1213,6/12/2014,2185,Canada,Male,8.5, $199.00 
1214,6/12/2014,2164,United Kingdom,Male,11, $149.00 
1215,6/12/2014,2202,United Kingdom,Male,9.5, $111.30 
1216,6/12/2014,2205,United States,Male,9.5, $64.50 
1217,6/12/2014,2203,United States,Male,9.5, $179.10 
1218,6/13/2014,2201,United States,Female,7.5, $159.00 
1219,6/13/2014,2233,United States,Male,15, $125.10 
1220,6/13/2014,2189,Germany,Female,9, $104.30 
1221,6/13/2014,2180,United States,Female,9, $199.00 
1222,6/13/2014,2213,Germany,Female,8.5, $90.30 
1223,6/13/2014,2221,United States,Male,10.5, $127.20 
1224,6/14/2014,2181,United States,Male,9, $199.00 
1225,6/14/2014,2192,Germany,Male,11, $199.00 
1226,6/14/2014,2210,Germany,Female,9, $84.50 
1227,6/14/2014,2224,United States,Female,9, $179.10 
1228,6/14/2014,2178,Canada,Female,8, $127.20 
1229,6/14/2014,2240,Canada,Female,8, $139.00 
1230,6/14/2014,2189,Germany,Female,7, $69.50 
1231,6/14/2014,2214,Germany,Male,10.5, $149.00 
1232,6/14/2014,2172,United Kingdom,Female,8, $64.50 
1233,6/14/2014,2231,Canada,Female,9, $125.10 
1234,6/15/2014,2199,Germany,Male,10, $159.00 
1235,6/15/2014,2219,Canada,Male,8.5, $90.30 
1236,6/15/2014,2177,United States,Female,7.5, $127.20 
1237,6/15/2014,2148,United States,Male,10, $159.00 
1238,6/15/2014,2159,United Kingdom,Male,8, $103.20 
1239,6/15/2014,2178,Canada,Female,8, $127.20 
1240,6/15/2014,2157,Germany,Male,9, $129.00 
1241,6/15/2014,2214,Germany,Male,10.5, $149.00 
1242,6/15/2014,2185,Canada,Male,8.5, $199.00 
1243,6/15/2014,2191,Germany,Male,10, $135.20 
1244,6/15/2014,2181,Germany,Female,10, $90.30 
1245,6/15/2014,2184,United States,Male,9.5, $159.00 
1246,6/15/2014,2226,Canada,Female,9, $199.00 
1247,6/16/2014,2226,Canada,Male,14, $149.00 
1248,6/16/2014,2240,Canada,Female,8, $139.00 
1249,6/16/2014,2169,Germany,Female,7, $189.00 
1250,6/16/2014,2149,Germany,Male,10, $159.00 
1251,6/16/2014,2157,Germany,Unix,9, $129.00 
1252,6/16/2014,2214,Germany,Male,10.5, $149.00 
1253,6/16/2014,2228,United Kingdom,Female,8, $111.30 
1254,6/16/2014,2181,United Kingdom,Female,10, $139.00 
1255,6/16/2014,2233,United States,Male,15, $125.10 
1256,6/16/2014,2184,United States,Male,9.5, $159.00 
1257,6/16/2014,2237,United States,Male,9, $169.00 
1258,6/17/2014,2181,Canada,Female,7.5, $94.50 
1259,6/17/2014,2178,Canada,Female,8, $127.20 
1260,6/17/2014,2190,Germany,Female,7, $159.00 
1261,6/17/2014,2187,United States,Male,9.5, $179.00 
1262,6/17/2014,2181,United States,Male,9, $199.00 
1263,6/17/2014,2233,United States,Male,15, $125.10 
1264,6/17/2014,2221,United States,Female,8, $159.00 
1265,6/17/2014,2181,Germany,Female,10, $90.30 
1266,6/17/2014,2183,Canada,Male,8.5, $189.00 
1267,6/18/2014,2207,Germany,Female,7, $111.30 
1268,6/18/2014,2147,Germany,Female,10, $179.00 
1269,6/18/2014,2155,United Kingdom,Female,10, $129.00 
1270,6/18/2014,2158,Germany,Male,10, $159.00 
1271,6/18/2014,2184,United States,Male,9.5, $159.00 
1272,6/18/2014,2240,Canada,Male,8.5, $189.00 
1273,6/19/2014,2212,Germany,Male,10.5, $179.00 
1274,6/19/2014,2157,Canada,Male,9.5, $199.00 
1275,6/19/2014,2148,United States,Male,10, $169.00 
1276,6/19/2014,2175,United States,Male,10.5, $149.00 
1277,6/19/2014,2202,United States,Male,14, $134.10 
1278,6/19/2014,2224,Germany,Male,9, $159.20 
1279,6/19/2014,2152,United States,Female,8, $84.50 
1280,6/19/2014,2183,Canada,Female,8.5, $149.00 
1281,6/19/2014,2195,Germany,Female,5, $189.00 
1282,6/20/2014,2194,Germany,Male,10, $129.00 
1283,6/20/2014,2237,United States,Male,9, $169.00 
1284,6/20/2014,2152,United States,Male,9.5, $159.00 
1285,6/20/2014,2175,United States,Male,10.5, $149.00 
1286,6/20/2014,2223,Germany,Male,8.5, $189.00 
1287,6/20/2014,2212,Germany,Male,10.5, $179.00 
1288,6/20/2014,2170,United States,Male,10.5, $189.00 
1289,6/20/2014,2202,United States,Male,14, $134.10 
1290,6/20/2014,2172,United States,Male,9.5, $169.00 
1291,6/20/2014,2173,Germany,Male,9.5, $149.00 
1292,6/21/2014,2199,Germany,Male,10, $159.00 
1293,6/21/2014,2155,United States,Male,10, $143.10 
1294,6/21/2014,2152,United States,Male,9.5, $159.00 
1295,6/21/2014,2224,Germany,Male,9, $159.20 
1296,6/21/2014,2194,Germany,Male,10, $129.00 
1297,6/21/2014,2183,Canada,Female,8.5, $149.00 
1298,6/21/2014,2190,Germany,Male,9.5, $149.00 
1299,6/21/2014,2175,United States,Male,10.5, $149.00 
1300,6/21/2014,2169,Germany,Male,9.5, $169.00 
1301,,2147,Germany,Unix,10, $179.00 
1302,6/21/2014,2157,Germany,Male,9, $132.30 
1303,6/22/2014,2181,Germany,Female,10, $149.00 
1304,6/22/2014,2212,Germany,Male,10.5, $179.00 
1305,6/22/2014,2185,Canada,Female,8, $135.20 
1306,6/22/2014,2202,United States,Male,14, $134.10 
1307,6/22/2014,2223,Germany,Male,8.5, $189.00 
1308,6/22/2014,2197,Germany,Male,9.5, $169.00 
1309,6/22/2014,2221,United States,Female,8, $159.00 
1310,6/22/2014,2148,United States,Male,10, $169.00 
1311,6/23/2014,2171,Germany,Female,10, $169.00 
1312,6/23/2014,2228,United States,Female,8, $189.00 
1313,6/23/2014,2173,United States,Male,9.5, $179.00 
1314,6/23/2014,2157,Canada,Male,6, $169.00 
1315,6/23/2014,2190,Germany,Male,9.5, $149.00 
1316,6/23/2014,2224,Germany,Male,9, $159.20 
1317,6/23/2014,2152,United States,Female,8, $189.00 
1318,6/24/2014,2172,United States,Male,9.5, $169.00 
1319,6/24/2014,2190,Canada,Female,8.5, $135.20 
1320,6/24/2014,2220,Germany,Female,10, $129.00 
1321,6/24/2014,2218,Germany,Male,14, $74.50 
1322,6/24/2014,2183,Canada,Female,6.5, $139.00 
1323,6/24/2014,2223,Germany,Male,8.5, $189.00 
1324,6/24/2014,2156,Canada,Female,8.5, $139.00 
1325,6/24/2014,2211,United States,Male,10, $143.20 
1326,6/25/2014,2178,United States,Male,8.5, $143.20 
1327,6/25/2014,2223,United States,Female,6, $179.00 
1328,6/25/2014,2165,United States,Female,8, $149.00 
1329,6/25/2014,2209,United States,Male,10, $111.30 
1330,6/25/2014,2169,Germany,Male,10.5, $169.00 
1331,6/25/2014,2190,United States,Male,11.5, $179.00 
1332,6/25/2014,2211,United States,Male,10, $143.20 
1333,6/26/2014,2237,Canada,Female,8.5, $199.00 
1334,6/26/2014,2230,United States,Female,8, $179.00 
1335,6/26/2014,2185,Canada,Female,8, $135.20 
1336,6/26/2014,2170,United States,Male,10.5, $189.00 
1337,6/26/2014,2190,United States,Male,11.5, $179.00 
1338,6/27/2014,2165,United States,Male,10.5, $159.00 
1339,6/27/2014,2236,Germany,Male,10.5, $89.50 
1340,6/27/2014,2225,United States,Male,9, $97.30 
1341,6/27/2014,2214,Canada,Male,15, $103.20 
1342,6/27/2014,2165,Canada,Female,9, $89.50 
1343,6/27/2014,2147,Germany,Female,7, $159.00 
1344,6/27/2014,2190,Germany,Male,9.5, $149.00 
1345,6/28/2014,2156,Canada,Female,8.5, $139.00 
1346,6/28/2014,2228,United States,Female,8, $189.00 
1347,6/28/2014,2207,United Kingdom,Male,11, $97.30 
1348,6/28/2014,2239,Canada,Female,9, $159.00 
1349,6/28/2014,2221,United States,Male,10.5, $127.20 
1350,6/28/2014,2147,Germany,Female,7, $159.00 
1351,6/28/2014,2183,Canada,Unix,12, $118.30 
1352,6/29/2014,2209,United States,Male,14, $159.20 
1353,6/29/2014,2211,United States,Male,10, $143.20 
1354,6/29/2014,2222,United States,Female,9, $169.00 
1355,6/29/2014,2151,United Kingdom,Male,9.5, $169.00 
1356,6/29/2014,2151,Canada,Male,13, $69.50 
1357,6/29/2014,2183,Canada,Male,12, $118.30 
1358,6/29/2014,2231,Canada,Female,9, $125.10 
1359,6/29/2014,2165,Canada,Female,9, $89.50 
1360,6/30/2014,2191,United States,Male,10.5, $179.10 
1361,6/30/2014,2238,United States,Male,10.5, $189.00 
1362,6/30/2014,2164,United Kingdom,Male,11, $149.00 
1363,6/30/2014,2209,Germany,Male,10, $118.30 
1364,6/30/2014,2179,Germany,Female,9, $159.00 
1365,7/1/2014,2173,United States,Male,9.5, $179.00 
1366,7/1/2014,2155,United States,Male,9.5, $111.30 
1367,7/1/2014,2181,Germany,Female,10, $169.00 
1368,7/1/2014,2180,United States,Female,9, $199.00 
1369,7/1/2014,2169,Germany,Male,13, $129.00 
1370,7/2/2014,2158,United Kingdom,Female,8.5, $125.30 
1371,7/2/2014,2191,Germany,Male,11, $199.00 
1372,7/2/2014,2209,United States,Male,14, $159.20 
1373,7/2/2014,2169,Germany,Male,10.5, $169.00 
1374,7/3/2014,2186,United States,Male,11.5, $169.00 
1375,7/3/2014,2209,Germany,Male,10, $118.30 
1376,7/3/2014,2191,United States,Male,10.5, $179.10 
1377,7/3/2014,2191,Canada,Male,9.5, $199.00 
1378,7/3/2014,2164,Canada,Male,9.5, $189.00 
1379,7/4/2014,2181,Germany,Female,10, $169.00 
1380,7/4/2014,2228,United Kingdom,Female,9.5, $64.50 
1381,7/4/2014,2169,Germany,Male,13, $129.00 
1382,7/4/2014,2238,Canada,Male,9, $169.00 
1383,7/4/2014,2228,Canada,Male,11.5, $179.00 
1384,7/4/2014,2180,Canada,Male,9.5, $139.00 
1385,7/5/2014,2169,United States,Male,10, $97.30 
1386,7/5/2014,2209,United States,Male,14, $159.20 
1387,7/5/2014,2188,United Kingdom,Female,9.5, $89.50 
1388,7/5/2014,2220,Canada,Male,8, $159.00 
1389,7/5/2014,2205,United Kingdom,Female,6.5, $159.00 
1390,7/5/2014,2211,Canada,Male,8.5, $139.00 
1391,7/5/2014,2237,United States,Female,7, $169.00 
1392,7/6/2014,2155,United States,Male,9, $179.00 
1393,7/6/2014,2203,United Kingdom,Female,9.5, $149.00 
1394,7/6/2014,2185,United Kingdom,Male,11.5, $135.20 
1395,7/6/2014,2228,Canada,Male,11.5, $179.00 
1396,7/6/2014,2151,Germany,Female,10, $170.10 
1397,7/6/2014,2214,Canada,Male,15, $103.20 
1398,7/7/2014,2165,United States,Male,10.5, $159.00 
1399,7/7/2014,2186,United States,Male,8, $169.00 
1400,7/7/2014,2233,United States,Male,9, $179.00 
1401,7/7/2014,2207,United Kingdom,Unix,11, $97.30 
1402,7/7/2014,2211,Canada,Male,8.5, $139.00 
1403,7/7/2014,2174,Germany,Female,10, $139.00 
1404,7/7/2014,2165,Canada,Female,8, $159.00 
1405,7/8/2014,2175,United Kingdom,Male,8, $149.00 
1406,7/8/2014,2169,United States,Male,10, $97.30 
1407,7/8/2014,2186,United States,Male,8, $169.00 
1408,7/8/2014,2151,United Kingdom,Male,9.5, $169.00 
1409,7/8/2014,2172,United States,Male,9.5, $179.00 
1410,7/8/2014,2205,United States,Male,9.5, $159.00 
1411,7/8/2014,2186,United States,Male,11.5, $169.00 
1412,7/8/2014,2191,Germany,Male,11, $199.00 
1413,7/9/2014,2226,Germany,Male,9.5, $199.00 
1414,7/9/2014,2185,United Kingdom,Male,11.5, $135.20 
1415,7/9/2014,2155,United States,Male,9, $179.00 
1416,7/9/2014,2169,United States,Male,10, $97.30 
1417,7/9/2014,2205,United States,Male,9, $135.20 
1418,7/9/2014,2233,United States,Male,9, $179.00 
1419,7/9/2014,2172,United States,Male,9.5, $179.00 
1420,7/9/2014,2209,Germany,Male,10, $118.30 
1421,7/10/2014,2165,Canada,Female,8, $159.00 
1422,7/10/2014,2176,Germany,Male,10, $169.00 
1423,7/10/2014,2207,United Kingdom,Male,11, $97.30 
1424,7/10/2014,2222,Canada,Female,11.5, $159.00 
1425,7/10/2014,2186,United States,Male,8, $199.00 
1426,7/10/2014,2151,Canada,Female,8.5, $129.00 
1427,7/10/2014,2186,United States,Male,8, $169.00 
1428,7/10/2014,2233,United States,Male,9, $179.00 
1429,7/10/2014,2183,Canada,Female,8, $139.30 
1430,7/11/2014,2191,Germany,Male,11, $199.00 
1431,7/11/2014,2196,Germany,Female,9, $159.00 
1432,7/11/2014,2216,United Kingdom,Male,14, $179.00 
1433,7/11/2014,2203,Germany,Female,8, $111.30 
1434,7/11/2014,2214,United States,Male,9.5, $79.50 
1435,7/11/2014,2237,United States,Female,8.5, $179.10 
1436,7/11/2014,2205,United States,Male,9.5, $159.00 
1437,7/11/2014,2202,Canada,Female,8, $139.00 
1438,7/11/2014,2174,Germany,Male,10, $189.00 
1439,7/11/2014,2225,Canada,Male,11, $119.20 
1440,7/11/2014,2235,Canada,Male,9, $132.30 
1441,7/12/2014,2175,United Kingdom,Male,8, $149.00 
1442,7/12/2014,2216,United Kingdom,Male,14, $179.00 
1443,7/12/2014,2201,Germany,Female,8, $159.20 
1444,7/12/2014,2173,United States,Female,11, $74.50 
1445,7/12/2014,2172,United States,Male,9.5, $179.00 
1446,7/12/2014,2190,United States,Male,12, $143.20 
1447,7/12/2014,2226,Germany,Male,9.5, $199.00 
1448,7/12/2014,2176,Germany,Male,10, $169.00 
1449,7/12/2014,2220,Canada,Male,8, $159.00 
1450,7/12/2014,2225,Canada,Male,11, $119.20 
1451,7/13/2014,2185,United Kingdom,Unix,11.5, $135.20 
1452,7/13/2014,2175,United Kingdom,Male,8, $149.00 
1453,7/13/2014,2170,Germany,Female,9, $84.50 
1454,7/13/2014,2151,Canada,Female,8.5, $129.00 
1455,7/13/2014,2203,Germany,Female,8, $111.30 
1456,7/13/2014,2228,Canada,Male,11.5, $179.00 
1457,7/13/2014,2220,Canada,Male,8, $159.00 
1458,7/14/2014,2217,Germany,Male,8.5, $189.00 
1459,7/14/2014,2196,Germany,Female,9, $159.00 
1460,7/14/2014,2205,United States,Male,9.5, $159.00 
1461,7/14/2014,2223,United States,Male,10.5, $159.00 
1462,7/14/2014,2179,Germany,Female,10, $159.00 
1463,7/14/2014,2169,United States,Female,6.5, $84.50 
1464,7/15/2014,2226,Germany,Male,9.5, $149.00 
1465,7/15/2014,2216,United Kingdom,Male,14, $179.00 
1466,7/15/2014,2204,Germany,Female,7, $64.50 
1467,7/15/2014,2190,Canada,Male,10.5, $64.50 
1468,7/15/2014,2210,United States,Male,9.5, $159.00 
1469,7/15/2014,2216,Germany,Female,10, $89.50 
1470,7/15/2014,2184,United States,Female,6.5, $159.20 
1471,7/16/2014,2161,United States,Female,7.5, $139.00 
1472,7/16/2014,2187,United States,Male,10, $149.00 
1473,7/16/2014,2235,Canada,Male,9, $132.30 
1474,7/16/2014,2190,Canada,Male,10.5, $64.50 
1475,7/16/2014,2201,United States,Female,6.5, $139.00 
1476,7/16/2014,2160,United States,Male,11, $125.30 
1477,7/16/2014,2232,United States,Female,10, $79.50 
1478,7/17/2014,2215,Germany,Female,7, $151.20 
1479,7/17/2014,2220,United States,Male,10.5, $139.00 
1480,7/17/2014,2212,Germany,Male,10.5, $97.30 
1481,7/17/2014,2225,Canada,Male,11, $119.20 
1482,7/17/2014,2235,Canada,Male,9, $132.30 
1483,7/18/2014,2204,Germany,Female,7, $64.50 
1484,7/18/2014,2190,United States,Male,12, $143.20 
1485,7/18/2014,2228,United States,Female,8.5, $199.00 
1486,7/18/2014,2172,Germany,Female,8, $161.10 
1487,7/18/2014,2199,Germany,Male,7, $159.20 
1488,7/19/2014,2179,United States,Male,9.5, $159.20 
1489,7/19/2014,2190,Canada,Male,10.5, $64.50 
1490,7/19/2014,2236,United States,Female,8.5, $134.10 
1491,7/19/2014,2239,Germany,Female,8, $139.00 
1492,7/19/2014,2157,Germany,Female,7.5, $79.50 
1493,7/19/2014,2211,Germany,Male,9.5, $159.00 
1494,7/20/2014,2195,Germany,Female,10, $199.00 
1495,7/20/2014,2187,United States,Male,10, $149.00 
1496,7/20/2014,2152,United States,Female,8.5, $139.00 
1497,7/20/2014,2208,Canada,Male,9.5, $199.00 
1498,7/20/2014,2203,Germany,Female,7.5, $129.00 
1499,7/20/2014,2210,United States,Male,9, $139.00 
1500,7/20/2014,2222,Canada,Female,8, $189.00 
1501,7/21/2014,2170,United States,,10.5, $119.20 
1502,7/21/2014,2220,United States,Male,10.5, $139.00 
1503,7/21/2014,2167,United States,Male,9.5, $189.00 
1504,7/21/2014,2205,Canada,Male,10, $135.20 
1505,7/21/2014,2225,United States,Male,9, $97.30 
1506,7/21/2014,2212,Germany,Male,8, $152.10 
1507,7/22/2014,2227,United States,Male,9, $199.00 
1508,7/22/2014,2158,Canada,Female,8.5, $169.00 
1509,7/22/2014,2219,United States,Male,10, $149.00 
1510,7/22/2014,2216,United Kingdom,Female,5.5, $111.30 
1511,7/22/2014,2175,Canada,Male,8.5, $169.00 
1512,7/22/2014,2239,Canada,Female,9, $159.00 
1513,7/23/2014,2179,United States,Male,9.5, $159.20 
1514,7/23/2014,2213,United Kingdom,Female,8.5, $152.10 
1515,7/23/2014,2153,Germany,Female,10, $64.50 
1516,7/23/2014,2166,Canada,Male,7.5, $159.00 
1517,7/24/2014,2187,United States,Male,10, $149.00 
1518,7/24/2014,2185,Germany,Female,9, $159.00 
1519,7/24/2014,2172,Germany,Female,9, $189.00 
1520,7/24/2014,2195,Germany,Female,10, $199.00 
1521,7/24/2014,2185,Canada,Female,6.5, $135.20 
1522,7/24/2014,2149,United States,Male,9.5, $199.00 
1523,7/24/2014,2201,Germany,Female,7, $169.00 
1524,7/25/2014,2171,Germany,Male,11.5, $119.20 
1525,7/25/2014,2179,Canada,Female,8.5, $169.00 
1526,7/25/2014,2185,Germany,Female,9, $159.00 
1527,7/25/2014,2236,United Kingdom,Male,9, $169.00 
1528,7/25/2014,2170,United States,Male,10.5, $119.20 
1529,7/25/2014,2172,Canada,Male,10, $170.10 
1530,7/25/2014,2149,United States,Male,9.5, $139.00 
1531,7/25/2014,2167,Canada,Male,9, $125.30 
1532,7/26/2014,2200,Germany,Male,10, $84.50 
1533,7/26/2014,2158,Canada,Female,8.5, $169.00 
1534,7/26/2014,2171,United Kingdom,Male,10, $116.10 
1535,7/26/2014,2236,United Kingdom,Male,9, $169.00 
1536,7/26/2014,2154,United States,Male,10, $169.00 
1537,7/26/2014,2178,United States,Male,10.5, $79.50 
1538,7/26/2014,2223,Germany,Female,6.5, $134.10 
1539,7/26/2014,2196,Germany,Male,9.5, $74.50 
1540,7/26/2014,2183,Canada,Male,10, $199.00 
1541,7/26/2014,2152,Canada,Female,9, $169.00 
1542,7/27/2014,2230,United States,Female,8, $179.00 
1543,7/27/2014,2179,United States,Male,9.5, $159.20 
1544,7/27/2014,2237,United States,Female,7.5, $161.10 
1545,7/27/2014,2222,United Kingdom,Female,8.5, $149.00 
1546,7/27/2014,2228,United Kingdom,Female,9.5, $64.50 
1547,7/27/2014,2194,Germany,Female,6.5, $179.00 
1548,7/27/2014,2215,United States,Female,8, $104.30 
1549,7/28/2014,2238,United Kingdom,Male,8, $79.50 
1550,7/28/2014,2223,United States,Male,13, $132.30 
1551,7/28/2014,2171,United States,Unix,9, $139.00 
1552,7/28/2014,2228,Germany,Male,9.5, $139.00 
1553,7/28/2014,2217,United Kingdom,Female,8.5, $125.30 
1554,7/28/2014,2188,United Kingdom,Female,9.5, $89.50 
1555,7/28/2014,2231,Canada,Male,9.5, $199.00 
1556,7/28/2014,2210,United States,Female,8, $99.50 
1557,7/29/2014,2162,United Kingdom,Female,9, $125.10 
1558,7/29/2014,2154,United States,Male,10, $169.00 
1559,7/29/2014,2236,Canada,Female,8, $159.20 
1560,7/29/2014,2160,United Kingdom,Male,9.5, $84.50 
1561,7/29/2014,2153,United States,Female,7.5, $119.20 
1562,7/29/2014,2190,Canada,Female,8.5, $64.50 
1563,7/29/2014,2201,Germany,Female,7, $169.00 
1564,7/30/2014,2222,United Kingdom,Female,8.5, $149.00 
1565,7/30/2014,2196,United Kingdom,Female,9, $103.20 
1566,7/30/2014,2156,Germany,Male,10, $169.00 
1567,7/30/2014,2152,Germany,Male,11, $169.00 
1568,7/30/2014,2222,United States,Female,9, $169.00 
1569,7/30/2014,2223,Germany,Female,7, $84.50 
1570,7/30/2014,2179,Canada,Male,9.5, $84.50 
1571,7/30/2014,2211,Canada,Female,8.5, $161.10 
1572,7/30/2014,2167,Canada,Male,9, $125.30 
1573,7/30/2014,2184,United States,Female,7, $135.20 
1574,7/30/2014,2232,Germany,Female,8, $169.00 
1575,7/31/2014,2211,Germany,Male,9.5, $159.00 
1576,7/31/2014,2238,Canada,Female,8.5, $103.20 
1577,7/31/2014,2208,Germany,Male,10, $139.00 
1578,7/31/2014,2236,Canada,Female,8, $159.20 
1579,7/31/2014,2193,Canada,Male,8, $159.20 
1580,7/31/2014,2179,Canada,Male,9.5, $84.50 
1581,7/31/2014,2190,Canada,Female,8.5, $135.20 
1582,7/31/2014,2149,Canada,Male,9.5, $143.10 
1583,7/31/2014,2212,Germany,Male,10.5, $97.30 
1584,8/1/2014,2190,Canada,Female,8.5, $97.30 
1585,8/1/2014,2236,United Kingdom,Male,9, $139.00 
1586,8/1/2014,2176,Canada,Female,8, $149.00 
1587,8/1/2014,2156,Germany,Male,10, $169.00 
1588,8/1/2014,2231,Canada,Male,9.5, $199.00 
1589,8/1/2014,2193,Canada,Male,8, $159.20 
1590,8/1/2014,2216,United States,Female,7, $189.00 
1591,8/1/2014,2172,Germany,Female,8, $161.10 
1592,8/1/2014,2150,United States,Female,8.5, $159.00 
1593,8/2/2014,2172,United States,Male,10, $119.20 
1594,8/2/2014,2175,United Kingdom,Male,15, $125.10 
1595,8/2/2014,2152,Germany,Male,11, $169.00 
1596,8/2/2014,2155,United States,Female,8, $149.00 
1597,8/2/2014,2228,United States,Female,8.5, $199.00 
1598,8/3/2014,2221,Canada,Male,7.5, $119.20 
1599,8/3/2014,2164,United Kingdom,Male,10, $189.00 
1600,8/3/2014,2231,United States,Female,8, $139.00 
1601,8/3/2014,2155,Canada,Unix,, $199.00 
1602,8/3/2014,2236,United States,Female,8.5, $134.10 
1603,8/4/2014,2172,Canada,Male,10, $170.10 
1604,8/4/2014,2233,United Kingdom,Male,9, $99.50 
1605,8/4/2014,2178,United States,Female,8, $129.00 
1606,8/4/2014,2193,United States,Male,8.5, $139.30 
1607,8/4/2014,2233,United States,Female,8, $159.00 
1608,8/4/2014,2223,Germany,Female,7, $84.50 
1609,8/4/2014,2234,Germany,Female,9, $103.20 
1610,8/4/2014,2206,United Kingdom,Male,9.5, $90.30 
1611,8/5/2014,2223,Germany,Female,6.5, $134.10 
1612,8/5/2014,2236,United Kingdom,Male,9, $139.00 
1613,8/5/2014,2155,United States,Female,8, $149.00 
1614,8/5/2014,2239,United States,Male,10, $169.00 
1615,8/5/2014,2179,Canada,Male,9.5, $84.50 
1616,8/5/2014,2197,Germany,Male,9.5, $64.50 
1617,8/5/2014,2233,United Kingdom,Male,9, $99.50 
1618,8/5/2014,2206,United Kingdom,Male,9.5, $90.30 
1619,8/6/2014,2175,United Kingdom,Male,15, $125.10 
1620,8/6/2014,2231,United States,Female,8, $139.00 
1621,8/6/2014,2147,United States,Female,9.5, $103.20 
1622,8/6/2014,2201,United Kingdom,Male,11.5, $84.50 
1623,8/6/2014,2205,Germany,Male,10.5, $139.00 
1624,8/6/2014,2236,United Kingdom,Male,9, $139.00 
1625,8/6/2014,2233,United Kingdom,Male,9, $99.50 
1626,8/7/2014,2151,United States,Male,9.5, $169.00 
1627,8/7/2014,2226,Germany,Female,7, $149.00 
1628,8/7/2014,2234,Germany,Female,9, $103.20 
1629,8/7/2014,2158,Germany,Female,9, $134.10 
1630,8/7/2014,2166,Germany,Male,10.5, $135.20 
1631,8/7/2014,2208,Germany,Male,10, $139.00 
1632,8/8/2014,2203,Germany,Male,9.5, $139.00 
1633,8/8/2014,2241,Canada,Male,10.5, $94.50 
1634,8/8/2014,2150,Canada,Male,10.5, $89.50 
1635,8/8/2014,2202,Canada,Female,10.5, $143.10 
1636,8/8/2014,2149,Germany,Female,10, $64.50 
1637,8/8/2014,2206,United Kingdom,Male,9.5, $90.30 
1638,8/8/2014,2161,United Kingdom,Male,9.5, $189.00 
1639,8/8/2014,2207,United Kingdom,Female,8, $169.00 
1640,8/8/2014,2161,United Kingdom,Male,11, $149.00 
1641,8/8/2014,2224,Canada,Male,9, $69.50 
1642,8/8/2014,2211,Canada,Female,10, $159.00 
1643,8/9/2014,2197,Germany,Male,9.5, $64.50 
1644,8/9/2014,2226,Germany,Female,7, $149.00 
1645,8/9/2014,2155,Canada,Male,10.5, $199.00 
1646,8/9/2014,2205,Canada,Female,10.5, $169.00 
1647,8/9/2014,2186,Germany,Female,10, $179.00 
1648,8/9/2014,2158,Germany,Female,9, $134.10 
1649,8/9/2014,2172,United Kingdom,Female,8, $64.50 
1650,8/9/2014,2201,United Kingdom,Male,11.5, $84.50 
1651,8/9/2014,2148,United States,Unix,7, $179.10 
1652,8/9/2014,2179,Canada,Male,8.5, $189.00 
1653,8/9/2014,2182,Canada,Female,10, $179.10 
1654,8/10/2014,2205,Germany,Male,10.5, $139.00 
1655,8/10/2014,2150,Canada,Male,10.5, $89.50 
1656,8/10/2014,2236,United States,Male,9.5, $169.00 
1657,8/10/2014,2161,United Kingdom,Male,11, $149.00 
1658,8/10/2014,2219,Canada,Female,8, $129.00 
1659,8/10/2014,2213,United States,Female,7, $159.20 
1660,8/10/2014,2168,Canada,Male,9, $139.00 
1661,8/10/2014,2241,Canada,Male,10.5, $94.50 
1662,8/10/2014,2218,Canada,Female,10, $135.20 
1663,8/11/2014,2203,Germany,Male,9.5, $139.00 
1664,8/11/2014,2173,Canada,Female,8, $179.00 
1665,8/11/2014,2157,United States,Female,7, $129.00 
1666,8/11/2014,2212,Canada,Male,9, $129.00 
1667,8/12/2014,2160,United Kingdom,Male,6.5, $199.00 
1668,8/12/2014,2226,United States,Female,10, $129.00 
1669,8/12/2014,2197,Germany,Male,9.5, $64.50 
1670,8/12/2014,2219,Canada,Female,8, $129.00 
1671,8/12/2014,2206,United Kingdom,Female,7, $139.00 
1672,8/13/2014,2208,United Kingdom,Male,10, $84.50 
1673,8/13/2014,2239,Germany,Female,7, $179.00 
1674,8/13/2014,2201,Canada,Male,10.5, $139.00 
1675,8/13/2014,2213,United States,Female,10, $199.00 
1676,8/13/2014,2239,United Kingdom,Male,9, $139.00 
1677,8/13/2014,2203,Germany,Male,9.5, $139.00 
1678,8/13/2014,2183,United States,Male,10, $99.50 
1679,8/13/2014,2167,United States,Female,8, $132.30 
1680,8/13/2014,2158,United States,Male,10, $199.00 
1681,8/14/2014,2161,United Kingdom,Male,9.5, $189.00 
1682,8/14/2014,2224,Canada,Male,9, $69.50 
1683,8/14/2014,2201,Canada,Male,10.5, $139.00 
1684,8/14/2014,2203,United States,Female,10, $103.20 
1685,8/14/2014,2160,United Kingdom,Male,6.5, $199.00 
1686,8/14/2014,2211,United States,Male,8, $189.00 
1687,8/14/2014,2197,Canada,Female,8.5, $111.20 
1688,8/14/2014,2168,Germany,Female,10, $111.20 
1689,8/14/2014,2196,Germany,Male,9.5, $74.50 
1690,8/15/2014,2166,Germany,Male,10, $64.50 
1691,8/15/2014,2179,Canada,Male,8.5, $189.00 
1692,8/15/2014,2224,Canada,Male,9, $69.50 
1693,8/15/2014,2208,United Kingdom,Male,10, $84.50 
1694,8/15/2014,2232,Canada,Male,9.5, $189.00 
1695,8/15/2014,2227,United States,Male,8.5, $170.10 
1696,8/15/2014,2235,United States,Male,11, $169.00 
1697,8/15/2014,2189,United Kingdom,Male,9.5, $189.00 
1698,8/15/2014,2215,United States,Female,8, $104.30 
1699,8/15/2014,2156,United States,Male,10.5, $135.20 
1700,8/16/2014,2229,United States,Female,8, $159.00 
1701,8/16/2014,2209,,Unix,8.5, $104.30 
1702,8/16/2014,2238,United States,Female,8, $116.10 
1703,8/16/2014,2225,Germany,Female,10.5, $169.00 
1704,8/16/2014,2162,United States,Male,9, $149.00 
1705,8/16/2014,2147,Germany,Male,7, $129.00 
1706,8/16/2014,2239,Germany,Female,7, $179.00 
1707,8/16/2014,2215,Germany,Female,9.5, $189.00 
1708,8/16/2014,2239,United Kingdom,Male,9, $139.00 
1709,8/17/2014,2167,United States,Female,8, $132.30 
1710,8/17/2014,2178,United States,Female,8, $129.00 
1711,8/17/2014,2158,United States,Male,10, $159.00 
1712,8/17/2014,2194,Germany,Male,10, $129.00 
1713,8/17/2014,2227,Germany,Female,8, $189.00 
1714,8/17/2014,2221,Germany,Female,8.5, $169.00 
1715,8/17/2014,2165,Germany,Female,10.5, $143.20 
1716,8/17/2014,2201,Canada,Male,10.5, $139.00 
1717,8/17/2014,2160,United Kingdom,Male,6.5, $199.00 
1718,8/18/2014,2216,United Kingdom,Male,11, $179.00 
1719,8/18/2014,2155,United States,Female,8, $149.00 
1720,8/18/2014,2183,United States,Male,10, $99.50 
1721,8/18/2014,2199,Germany,Male,10, $159.00 
1722,8/18/2014,2232,Germany,Female,8, $169.00 
1723,8/18/2014,2200,Germany,Female,8.5, $159.00 
1724,8/18/2014,2212,Germany,Female,10.5, $199.00 
1725,8/18/2014,2206,Canada,Male,10.5, $116.10 
1726,8/18/2014,2150,Germany,Female,9, $179.00 
1727,8/18/2014,2240,Germany,Female,9, $159.00 
1728,8/19/2014,2189,United Kingdom,Male,9.5, $189.00 
1729,8/19/2014,2212,United States,Male,11.5, $199.00 
1730,8/19/2014,2240,Canada,Female,8, $139.00 
1731,8/19/2014,2220,Germany,Female,7, $159.00 
1732,8/19/2014,2150,Germany,Female,9, $179.00 
1733,8/19/2014,2216,United Kingdom,Male,11, $179.00 
1734,8/20/2014,2230,Canada,Female,6.5, $179.00 
1735,8/20/2014,2239,United Kingdom,Male,9, $139.00 
1736,8/20/2014,2209,Canada,Female,8.5, $104.30 
1737,8/20/2014,2193,United States,Male,9.5, $159.20 
1738,8/20/2014,2232,Canada,Male,9.5, $189.00 
1739,8/20/2014,2189,United Kingdom,Male,9.5, $189.00 
1740,8/20/2014,2216,United Kingdom,Male,11, $179.00 
1741,8/21/2014,2227,Canada,Female,6.5, $170.10 
1742,8/21/2014,2158,United States,Male,10, $159.00 
1743,8/21/2014,2171,United Kingdom,Male,10, $116.10 
1744,8/21/2014,2178,United States,Male,10.5, $79.50 
1745,8/22/2014,2234,United States,Male,10, $189.00 
1746,8/22/2014,2199,Canada,Female,8, $132.30 
1747,8/22/2014,2183,United Kingdom,Female,8, $84.50 
1748,8/22/2014,2181,Germany,Male,9.5, $125.10 
1749,8/22/2014,2231,Canada,Female,6.5, $159.00 
1750,8/22/2014,2170,Germany,Female,9, $84.50 
1751,8/22/2014,2228,United Kingdom,Unix,9.5, $64.50 
1752,8/22/2014,2188,Canada,Male,8.5, $169.00 
1753,8/23/2014,2178,Germany,Female,10, $159.00 
1754,8/23/2014,2192,Germany,Male,7, $125.30 
1755,8/23/2014,2190,United Kingdom,Male,10, $139.00 
1756,8/23/2014,2211,United Kingdom,Male,11, $149.00 
1757,8/23/2014,2166,Germany,Male,10.5, $135.20 
1758,8/23/2014,2199,Canada,Female,8, $132.30 
1759,8/23/2014,2198,United States,Female,11, $90.30 
1760,8/23/2014,2196,Germany,Female,9, $159.00 
1761,8/23/2014,2195,Canada,Female,8.5, $179.00 
1762,8/23/2014,2168,Germany,Female,7, $94.50 
1763,8/24/2014,2158,United States,Male,10, $199.00 
1764,8/24/2014,2151,Germany,Male,10.5, $134.10 
1765,8/24/2014,2207,Germany,Male,9, $149.00 
1766,8/24/2014,2158,United Kingdom,Male,10, $169.00 
1767,8/24/2014,2190,United Kingdom,Male,10, $139.00 
1768,8/24/2014,2207,United Kingdom,Female,8, $169.00 
1769,8/24/2014,2192,Germany,Male,7, $125.30 
1770,8/24/2014,2211,United States,Male,14, $118.30 
1771,8/24/2014,2190,Canada,Female,8.5, $64.50 
1772,8/24/2014,2206,Canada,Male,10.5, $116.10 
1773,8/25/2014,2194,United States,Female,8, $161.10 
1774,8/25/2014,2219,United States,Female,7.5, $159.00 
1775,8/25/2014,2185,United Kingdom,Male,9, $104.30 
1776,8/25/2014,2158,United Kingdom,Male,10, $169.00 
1777,8/25/2014,2182,Germany,Female,11, $179.00 
1778,8/25/2014,2211,Canada,Female,8.5, $161.10 
1779,8/25/2014,2156,Germany,Male,6, $152.10 
1780,8/26/2014,2166,Germany,Male,10, $64.50 
1781,8/26/2014,2237,United States,Female,7.5, $161.10 
1782,8/26/2014,2212,Canada,Male,12, $127.20 
1783,8/26/2014,2183,Germany,Male,8, $132.30 
1784,8/27/2014,2232,Germany,Male,8, $139.30 
1785,8/27/2014,2229,United States,Female,8, $159.00 
1786,8/27/2014,2187,Canada,Male,9, $199.00 
1787,8/27/2014,2173,United Kingdom,Male,9, $104.30 
1788,8/27/2014,2229,Germany,Female,9, $139.00 
1789,8/27/2014,2181,Germany,Male,9.5, $125.10 
1790,8/28/2014,2156,Germany,Male,6, $152.10 
1791,8/28/2014,2171,United Kingdom,Male,11, $199.00 
1792,8/28/2014,2214,United States,Male,11.5, $159.00 
1793,8/28/2014,2182,Canada,Female,8.5, $161.10 
1794,8/28/2014,2188,Canada,Male,8.5, $169.00 
1795,8/28/2014,2229,Germany,Female,9, $139.00 
1796,8/28/2014,2211,United Kingdom,Male,11, $149.00 
1797,8/28/2014,2205,Germany,Female,10, $79.50 
1798,8/28/2014,2228,Canada,Female,8, $159.00 
1799,8/29/2014,2183,Germany,Male,8, $132.30 
1800,8/29/2014,2201,United Kingdom,Male,9.5, $149.00 
1801,,2182,Canada,Unix,8.5, $161.10 
1802,8/29/2014,2176,United States,Male,10.5, $139.00 
1803,8/29/2014,2190,United Kingdom,Male,10, $139.00 
1804,8/29/2014,2211,United Kingdom,Male,11, $149.00 
1805,8/29/2014,2196,Canada,Male,8.5, $139.00 
1806,8/29/2014,2220,United States,Male,10.5, $111.20 
1807,8/29/2014,2232,Germany,Male,8, $139.30 
1808,8/30/2014,2212,United States,Male,11.5, $199.00 
1809,8/30/2014,2176,United States,Male,10.5, $139.00 
1810,8/30/2014,2171,United States,Female,9, $139.00 
1811,8/30/2014,2237,United States,Male,9.5, $132.30 
1812,8/30/2014,2151,Germany,Female,10, $139.00 
1813,8/30/2014,2236,United States,Female,8.5, $64.50 
1814,8/30/2014,2233,United States,Male,10, $125.30 
1815,8/30/2014,2212,Canada,Male,12, $127.20 
1816,8/30/2014,2234,United States,Male,10, $189.00 
1817,8/30/2014,2156,Germany,Male,6, $152.10 
1818,8/31/2014,2169,United Kingdom,Female,9.5, $179.10 
1819,8/31/2014,2225,United States,Male,10.5, $111.20 
1820,8/31/2014,2205,Germany,Female,10, $79.50 
1821,8/31/2014,2150,United States,Female,8.5, $159.00 
1822,8/31/2014,2236,United States,Female,8.5, $64.50 
1823,8/31/2014,2187,Canada,Male,9, $199.00 
1824,8/31/2014,2183,United States,Male,10.5, $159.20 
1825,9/1/2014,2161,United Kingdom,Female,9.5, $116.10 
1826,9/1/2014,2231,Germany,Female,9, $149.00 
1827,9/1/2014,2228,United States,Female,8.5, $199.00 
1828,9/1/2014,2150,United States,Female,8.5, $159.00 
1829,9/1/2014,2220,United States,Male,10.5, $111.20 
1830,9/1/2014,2191,United States,Male,9, $129.00 
1831,9/1/2014,2216,United States,Male,13, $161.10 
1832,9/2/2014,2147,United States,Male,13, $169.00 
1833,9/2/2014,2186,Canada,Male,9, $161.10 
1834,9/2/2014,2193,United Kingdom,Female,9.5, $111.30 
1835,9/2/2014,2162,Germany,Female,9, $125.30 
1836,9/2/2014,2214,United States,Male,11.5, $159.00 
1837,9/2/2014,2194,United Kingdom,Female,8, $189.00 
1838,9/2/2014,2168,Canada,Female,8, $84.50 
1839,9/3/2014,2237,United States,Male,9.5, $132.30 
1840,9/3/2014,2196,Canada,Male,8.5, $139.00 
1841,9/3/2014,2173,United Kingdom,Male,9, $104.30 
1842,9/3/2014,2241,United States,Male,6.5, $143.10 
1843,9/3/2014,2211,United Kingdom,Female,8, $125.30 
1844,9/3/2014,2170,Germany,Male,10, $84.50 
1845,9/3/2014,2228,Canada,Female,8, $159.00 
1846,9/4/2014,2225,United States,Male,10.5, $111.20 
1847,9/4/2014,2201,Canada,Male,10.5, $89.50 
1848,9/4/2014,2212,Canada,Male,12, $127.20 
1849,9/4/2014,2220,United States,Male,8, $169.00 
1850,9/4/2014,2182,United States,Male,10, $189.00 
1851,9/4/2014,2208,United States,Unix,10.5, $149.00 
1852,9/4/2014,2183,United States,Male,10.5, $159.20 
1853,9/4/2014,2236,United Kingdom,Male,9, $169.00 
1854,9/4/2014,2150,Germany,Male,9.5, $199.00 
1855,9/4/2014,2183,United Kingdom,Female,8, $84.50 
1856,9/4/2014,2232,Germany,Male,8, $139.30 
1857,9/5/2014,2186,Canada,Male,9, $161.10 
1858,9/5/2014,2241,United States,Male,6.5, $143.10 
1859,9/5/2014,2147,United States,Male,13, $169.00 
1860,9/5/2014,2182,United States,Male,10, $189.00 
1861,9/5/2014,2216,United States,Male,13, $161.10 
1862,9/5/2014,2186,Canada,Female,8.5, $199.00 
1863,9/5/2014,2185,United States,Male,10.5, $125.30 
1864,9/5/2014,2171,United Kingdom,Male,10, $116.10 
1865,9/5/2014,2194,United Kingdom,Female,8, $189.00 
1866,9/6/2014,2196,Canada,Male,8.5, $139.00 
1867,9/6/2014,2183,United States,Male,10.5, $159.20 
1868,9/6/2014,2204,Canada,Male,10, $179.00 
1869,9/6/2014,2187,Canada,Male,9.5, $159.00 
1870,9/6/2014,2237,United States,Male,9.5, $132.30 
1871,9/6/2014,2147,United States,Male,13, $169.00 
1872,9/6/2014,2220,United States,Male,8, $169.00 
1873,9/6/2014,2185,United States,Male,10.5, $125.30 
1874,9/6/2014,2170,Germany,Female,9, $84.50 
1875,9/7/2014,2207,Germany,Female,9, $74.50 
1876,9/7/2014,2165,United States,Male,10, $159.00 
1877,9/7/2014,2201,Canada,Male,10.5, $89.50 
1878,9/7/2014,2204,Canada,Male,10, $179.00 
1879,9/7/2014,2175,Canada,Male,9, $139.00 
1880,9/7/2014,2149,Canada,Female,8.5, $84.50 
1881,9/7/2014,2151,United States,Male,9.5, $179.00 
1882,9/7/2014,2241,United States,Male,6.5, $143.10 
1883,9/7/2014,2220,United States,Male,8, $169.00 
1884,9/7/2014,2213,Germany,Female,7, $159.00 
1885,9/7/2014,2162,Germany,Female,10, $199.00 
1886,9/8/2014,2184,United Kingdom,Male,9.5, $169.00 
1887,9/8/2014,2208,United States,Male,10.5, $149.00 
1888,9/8/2014,2186,Canada,Male,9, $161.10 
1889,9/8/2014,2201,Canada,Male,10.5, $89.50 
1890,9/8/2014,2170,Germany,Female,7, $139.00 
1891,9/8/2014,2186,Canada,Female,8.5, $199.00 
1892,9/8/2014,2238,United States,Female,5.5, $84.50 
1893,9/8/2014,2165,United States,Male,10, $159.00 
1894,9/8/2014,2187,Canada,Male,9.5, $159.00 
1895,9/8/2014,2151,United States,Male,9.5, $179.00 
1896,9/8/2014,2199,United Kingdom,Male,11, $118.30 
1897,9/9/2014,2190,United Kingdom,Male,9, $139.30 
1898,9/9/2014,2182,United States,Male,10, $189.00 
1899,9/9/2014,2213,Germany,Female,7, $159.00 
1900,9/9/2014,2151,United States,Female,5.5, $159.00 
1901,9/9/2014,2185,United States,Unix,10.5, $125.30 
1902,9/9/2014,2208,United States,Male,10.5, $149.00 
1903,9/9/2014,2204,Canada,Male,10, $179.00 
1904,9/9/2014,2165,United States,Male,10, $159.00 
1905,9/9/2014,2225,Germany,Female,10, $179.00 
1906,9/9/2014,2177,Germany,Male,10, $169.00 
1907,9/9/2014,2207,Germany,Female,9, $74.50 
1908,9/10/2014,2187,Canada,Male,9.5, $159.00 
1909,9/10/2014,2207,Germany,Male,8, $79.50 
1910,9/10/2014,2162,Germany,Female,10, $199.00 
1911,9/10/2014,2229,Germany,Male,9, $159.20 
1912,9/10/2014,2184,United Kingdom,Male,9.5, $169.00 
1913,9/11/2014,2195,United States,Male,14, $139.00 
1914,9/11/2014,2239,Canada,Female,6.5, $169.00 
1915,9/11/2014,2226,United Kingdom,Female,8, $129.00 
1916,9/11/2014,2195,United States,Male,11, $189.00 
1917,9/11/2014,2201,United States,Female,7.5, $159.00 
1918,9/11/2014,2151,United States,Male,9.5, $179.00 
1919,9/12/2014,2162,United States,Male,9, $149.00 
1920,9/12/2014,2156,Germany,Female,9, $104.30 
1921,9/12/2014,2202,United Kingdom,Male,9.5, $132.30 
1922,9/12/2014,2230,Canada,Female,6.5, $179.00 
1923,9/12/2014,2211,United Kingdom,Female,8, $125.30 
1924,9/12/2014,2183,United States,Female,10, $84.50 
1925,9/12/2014,2185,United States,Female,8, $161.10 
1926,9/12/2014,2149,United States,Male,9, $111.20 
1927,9/13/2014,2221,Germany,Female,8.5, $169.00 
1928,9/13/2014,2149,United Kingdom,Male,10.5, $116.10 
1929,9/13/2014,2202,United Kingdom,Male,9.5, $132.30 
1930,9/13/2014,2227,Canada,Female,6.5, $170.10 
1931,9/13/2014,2230,United States,Male,7.5, $189.00 
1932,9/13/2014,2197,United States,Female,10, $111.30 
1933,9/13/2014,2200,United States,Male,9, $189.00 
1934,9/13/2014,2183,Germany,Male,8.5, $139.00 
1935,9/14/2014,2203,Germany,Female,10, $129.00 
1936,9/14/2014,2219,United States,Male,9, $125.30 
1937,9/14/2014,2199,United Kingdom,Male,11, $118.30 
1938,9/14/2014,2149,United Kingdom,Male,10.5, $116.10 
1939,9/14/2014,2178,United States,Male,10, $169.00 
1940,9/14/2014,2194,United States,Female,8, $161.10 
1941,9/14/2014,2198,United States,Male,11, $139.00 
1942,9/15/2014,2179,Germany,Female,9, $143.10 
1943,9/15/2014,2201,Germany,Female,9, $119.20 
1944,9/15/2014,2149,United States,Male,9, $111.20 
1945,9/15/2014,2219,United States,Male,9, $125.30 
1946,9/15/2014,2152,Canada,Female,12, $159.00 
1947,9/15/2014,2209,United Kingdom,Male,10, $132.30 
1948,9/16/2014,2156,Germany,Female,9, $104.30 
1949,9/16/2014,2172,Germany,Female,9, $189.00 
1950,9/16/2014,2200,United States,Male,9, $189.00 
1951,9/16/2014,2149,United States,Unix,9, $111.20 
1952,9/16/2014,2210,United States,Male,8.5, $169.00 
1953,9/16/2014,2238,United Kingdom,Male,8, $79.50 
1954,9/17/2014,2202,United Kingdom,Male,9.5, $132.30 
1955,9/17/2014,2185,Germany,Female,9, $159.00 
1956,9/17/2014,2174,United Kingdom,Male,10.5, $159.00 
1957,9/17/2014,2203,Germany,Female,10, $129.00 
1958,9/17/2014,2162,United Kingdom,Female,9, $125.10 
1959,9/18/2014,2196,Canada,Male,8.5, $89.50 
1960,9/18/2014,2180,United Kingdom,Male,10.5, $161.10 
1961,9/18/2014,2219,United States,Male,9, $125.30 
1962,9/19/2014,2148,United States,Female,11.5, $152.10 
1963,9/19/2014,2158,Germany,Male,10.5, $149.00 
1964,9/19/2014,2172,Germany,Female,7.5, $132.30 
1965,9/19/2014,2148,United States,Female,7, $179.10 
1966,9/19/2014,2216,United States,Female,9, $139.00 
1967,9/20/2014,2216,United States,Male,10.5, $151.20 
1968,9/20/2014,2174,Canada,Female,8.5, $169.00 
1969,9/20/2014,2171,United States,Female,11.5, $104.30 
1970,9/20/2014,2151,Germany,Male,10.5, $134.10 
1971,9/20/2014,2199,Germany,Male,7, $159.20 
1972,9/20/2014,2213,United States,Female,7, $159.20 
1973,9/20/2014,2172,Germany,Female,10, $199.00 
1974,9/21/2014,2213,United States,Male,10.5, $134.10 
1975,9/21/2014,2190,United States,Male,8.5, $94.50 
1976,9/21/2014,2219,United States,Female,7.5, $159.00 
1977,9/21/2014,2181,United States,Female,11.5, $189.00 
1978,9/21/2014,2157,Germany,Female,7.5, $79.50 
1979,9/21/2014,2221,United States,Male,8.5, $116.10 
1980,9/21/2014,2211,Germany,Male,10, $159.00 
1981,9/21/2014,2216,United States,Male,10.5, $151.20 
1982,9/21/2014,2221,Germany,Female,7, $97.30 
1983,9/21/2014,2219,Canada,Male,9.5, $149.00 
1984,9/21/2014,2207,United States,Male,10.5, $89.50 
1985,9/22/2014,2210,United States,Male,8.5, $169.00 
1986,9/22/2014,2177,United States,Male,14, $143.10 
1987,9/22/2014,2172,Germany,Male,9.5, $189.00 
1988,9/22/2014,2225,Germany,Female,10.5, $169.00 
1989,9/22/2014,2217,United Kingdom,Male,11, $139.30 
1990,9/22/2014,2213,United States,Male,10.5, $134.10 
1991,9/22/2014,2218,United States,Female,11.5, $125.10 
1992,9/22/2014,2200,Canada,Male,11, $129.00 
1993,9/22/2014,2219,Canada,Male,9.5, $149.00 
1994,9/22/2014,2172,Germany,Female,10, $199.00 
1995,9/22/2014,2186,Germany,Female,9, $119.20 
1996,9/22/2014,2219,United States,Male,10.5, $152.10 
1997,9/22/2014,2188,United States,Male,12, $169.00 
1998,9/23/2014,2192,Germany,Male,15, $139.30 
1999,9/23/2014,2177,Canada,Female,8, $149.00 
2000,9/23/2014,2182,Germany,Male,10.5, $149.00 
2001,9/23/2014,2165,Germany,,10.5, $143.20 
2002,9/23/2014,2216,United Kingdom,Female,9, $170.10 
2003,9/23/2014,2179,United States,Female,11.5, $90.30 
2004,9/23/2014,2239,Canada,Male,15, $111.30 
2005,9/23/2014,2200,Canada,Male,11, $129.00 
2006,9/23/2014,2216,United States,Male,10.5, $151.20 
2007,9/23/2014,2172,Germany,Female,9, $149.00 
2008,9/23/2014,2199,United Kingdom,Female,8.5, $129.00 
2009,9/23/2014,2174,Canada,Female,8.5, $169.00 
2010,9/24/2014,2201,Canada,Male,10, $74.50 
2011,9/24/2014,2177,Canada,Female,8, $149.00 
2012,9/24/2014,2211,Germany,Male,10, $159.00 
2013,9/24/2014,2167,United Kingdom,Female,9, $179.00 
2014,9/24/2014,2148,United States,Female,11.5, $74.50 
2015,9/24/2014,2195,United States,Female,9, $143.10 
2016,9/24/2014,2178,United Kingdom,Female,8.5, $139.00 
2017,9/24/2014,2176,United Kingdom,Male,10, $159.00 
2018,9/24/2014,2197,Germany,Male,15, $94.50 
2019,9/24/2014,2190,United States,Male,8.5, $94.50 
2020,9/25/2014,2221,Germany,Female,7, $97.30 
2021,9/25/2014,2172,Germany,Male,9.5, $189.00 
2022,9/25/2014,2211,Germany,Male,10, $159.00 
2023,9/25/2014,2236,Germany,Female,7, $179.00 
2024,9/25/2014,2198,United Kingdom,Male,8.5, $179.00 
2025,9/25/2014,2207,Germany,Male,8, $79.50 
2026,9/26/2014,2219,Canada,Male,9.5, $149.00 
2027,9/26/2014,2224,Germany,Male,9, $179.00 
2028,9/26/2014,2224,Germany,Female,10, $151.20 
2029,9/26/2014,2239,United States,Male,9.5, $90.30 
2030,9/26/2014,2157,Germany,Female,7, $104.30 
2031,9/26/2014,2192,United States,Female,9, $111.30 
2032,9/26/2014,2226,United Kingdom,Female,8, $129.00 
2033,9/27/2014,2195,Canada,Female,7.5, $90.30 
2034,9/27/2014,2165,Germany,Male,10, $94.50 
2035,9/27/2014,2213,Germany,Male,9.5, $139.30 
2036,9/27/2014,2237,Germany,Female,7, $104.30 
2037,9/27/2014,2210,Canada,Female,8.5, $99.50 
2038,9/27/2014,2209,Canada,Male,10.5, $118.30 
2039,9/27/2014,2204,United States,Male,9, $139.00 
2040,9/27/2014,2239,United States,Male,9.5, $90.30 
2041,9/27/2014,2189,Germany,Female,7, $69.50 
2042,9/27/2014,2195,United States,Male,11, $152.10 
2043,9/27/2014,2191,United Kingdom,Male,9.5, $143.20 
2044,9/27/2014,2225,United States,Female,8, $129.00 
2045,9/27/2014,2178,United States,Male,8.5, $143.20 
2046,9/28/2014,2153,Canada,Male,9, $139.00 
2047,9/28/2014,2187,United Kingdom,Female,7.5, $199.00 
2048,9/28/2014,2160,Germany,Male,10.5, $199.00 
2049,9/28/2014,2154,Canada,Male,9.5, $139.00 
2050,9/28/2014,2225,Canada,Female,8.5, $189.00 
2051,9/28/2014,2237,Germany,Unix,7, $104.30 
2052,9/28/2014,2207,United States,Male,10.5, $89.50 
2053,9/28/2014,2204,United States,Male,9, $139.00 
2054,9/28/2014,2165,Germany,Male,11.5, $132.30 
2055,9/28/2014,2178,United States,Female,9, $149.00 
2056,9/28/2014,2226,United States,Female,10, $129.00 
2057,9/28/2014,2237,Canada,Female,8.5, $199.00 
2058,9/28/2014,2238,United States,Female,8, $116.10 
2059,9/29/2014,2171,Canada,Female,7.5, $132.30 
2060,9/29/2014,2192,Germany,Male,15, $139.30 
2061,9/29/2014,2208,United States,Male,10, $161.10 
2062,9/29/2014,2201,Canada,Male,10, $74.50 
2063,9/29/2014,2188,United States,Male,12, $169.00 
2064,9/29/2014,2154,Canada,Male,9.5, $139.00 
2065,9/29/2014,2213,Germany,Male,9.5, $139.30 
2066,9/29/2014,2178,United States,Female,8, $129.00 
2067,9/29/2014,2206,United States,Male,8, $97.30 
2068,9/29/2014,2195,United States,Female,9, $143.10 
2069,9/29/2014,2213,United States,Female,10, $199.00 
2070,9/30/2014,2230,United States,Female,7.5, $179.00 
2071,9/30/2014,2151,United States,Male,9.5, $149.00 
2072,9/30/2014,2224,Germany,Female,10, $151.20 
2073,9/30/2014,2160,Germany,Male,10.5, $199.00 
2074,9/30/2014,2211,Canada,Female,8.5, $161.10 
2075,10/1/2014,2205,United States,Female,7.5, $143.10 
2076,10/1/2014,2162,United States,Male,9.5, $135.20 
2077,10/1/2014,2239,United States,Male,9.5, $90.30 
2078,10/1/2014,2237,Canada,Female,8, $139.30 
2079,10/1/2014,2153,Canada,Female,8, $189.00 
2080,10/1/2014,2179,Germany,Male,9.5, $149.00 
2081,10/1/2014,2173,Germany,Male,9.5, $127.20 
2082,10/1/2014,2190,Canada,Female,8.5, $135.20 
2083,10/2/2014,2155,United States,Female,7.5, $199.00 
2084,10/2/2014,2181,United Kingdom,Female,10, $139.00 
2085,10/2/2014,2149,Canada,Female,7, $149.00 
2086,10/2/2014,2176,Canada,Male,8.5, $129.00 
2087,10/2/2014,2237,Canada,Female,8, $139.30 
2088,10/2/2014,2165,Germany,Male,11.5, $132.30 
2089,10/2/2014,2179,Germany,Male,9.5, $149.00 
2090,10/2/2014,2173,Germany,Male,9.5, $127.20 
2091,10/2/2014,2178,United States,Male,8.5, $143.20 
2092,10/3/2014,2160,Germany,Female,9, $104.30 
2093,10/3/2014,2170,Canada,Female,7, $149.00 
2094,10/3/2014,2216,Canada,Male,6, $111.20 
2095,10/3/2014,2204,Germany,Male,10.5, $199.00 
2096,10/3/2014,2213,Germany,Male,9.5, $139.30 
2097,10/3/2014,2165,Germany,Male,11.5, $132.30 
2098,10/3/2014,2179,Germany,Male,9.5, $149.00 
2099,10/3/2014,2173,Germany,Male,9.5, $127.20 
2100,10/4/2014,2201,Germany,Female,9, $119.20 
2101,10/4/2014,2231,United Kingdom,Unix,, $127.20 
2102,10/4/2014,2220,United States,Female,8, $143.20 
2103,10/4/2014,2239,Germany,Male,10.5, $170.10 
2104,10/4/2014,2177,Canada,Female,7, $134.10 
2105,10/4/2014,2209,Canada,Male,10.5, $118.30 
2106,10/4/2014,2206,United Kingdom,Female,8, $179.00 
2107,10/5/2014,2200,Canada,Male,10.5, $111.20 
2108,10/5/2014,2185,Germany,Female,7, $149.00 
2109,10/5/2014,2172,Germany,Female,9, $189.00 
2110,10/5/2014,2191,United Kingdom,Male,9.5, $143.20 
2111,10/5/2014,2230,United States,Female,7.5, $179.00 
2112,10/5/2014,2225,United States,Female,8, $129.00 
2113,10/5/2014,2156,United Kingdom,Female,8, $143.10 
2114,10/6/2014,2160,United States,Male,11, $125.30 
2115,10/6/2014,2232,Germany,Female,8, $159.00 
2116,10/6/2014,2235,United Kingdom,Male,9.5, $159.20 
2117,10/6/2014,2185,Germany,Female,7, $149.00 
2118,10/6/2014,2176,Canada,Male,8.5, $129.00 
2119,10/6/2014,2175,United States,Female,8, $99.50 
2120,10/6/2014,2154,United States,Male,9.5, $159.00 
2121,10/6/2014,2183,Canada,Female,10, $179.10 
2122,10/6/2014,2205,United States,Female,7.5, $143.10 
2123,10/6/2014,2238,United States,Female,8, $116.10 
2124,10/6/2014,2178,United States,Female,9, $149.00 
2125,10/7/2014,2151,Germany,Female,10, $170.10 
2126,10/7/2014,2152,Canada,Female,8, $64.50 
2127,10/7/2014,2211,Germany,Male,8.5, $159.20 
2128,10/7/2014,2216,Germany,Female,9, $139.30 
2129,10/7/2014,2216,Canada,Male,6, $111.20 
2130,10/7/2014,2176,Canada,Male,8.5, $129.00 
2131,10/7/2014,2220,United States,Female,8, $143.20 
2132,10/7/2014,2192,United States,Male,11.5, $111.30 
2133,10/7/2014,2211,Canada,Female,10, $159.00 
2134,10/8/2014,2200,United States,Female,7, $79.50 
2135,10/8/2014,2165,Germany,Male,11.5, $143.10 
2136,10/8/2014,2174,Germany,Female,10, $139.00 
2137,10/8/2014,2242,Germany,Male,9.5, $179.00 
2138,10/8/2014,2195,United Kingdom,Male,10.5, $170.10 
2139,10/8/2014,2225,United States,Female,8, $129.00 
2140,10/8/2014,2164,United States,Female,8.5, $189.00 
2141,10/8/2014,2182,Canada,Female,10, $179.10 
2142,10/8/2014,2163,United States,Female,9.5, $169.00 
2143,10/9/2014,2191,Canada,Male,9.5, $134.10 
2144,10/9/2014,2172,Germany,Female,7.5, $132.30 
2145,10/9/2014,2226,United States,Male,10, $129.00 
2146,10/9/2014,2191,United States,Male,10.5, $199.00 
2147,10/10/2014,2184,United States,Female,7, $135.20 
2148,10/10/2014,2188,United Kingdom,Male,10, $129.00 
2149,10/10/2014,2204,Canada,Male,8.5, $139.00 
2150,10/10/2014,2150,Canada,Male,10, $64.50 
2151,10/10/2014,2184,Germany,Unix,8.5, $179.00 
2152,10/10/2014,2182,United States,Female,9.5, $139.00 
2153,10/10/2014,2152,United States,Male,10.5, $179.00 
2154,10/10/2014,2154,Canada,Female,8.5, $179.00 
2155,10/11/2014,2165,United States,Male,10, $149.00 
2156,10/11/2014,2217,United Kingdom,Male,11, $139.30 
2157,10/11/2014,2235,Canada,Male,9.5, $103.20 
2158,10/11/2014,2214,Canada,Male,9.5, $169.00 
2159,10/11/2014,2204,Canada,Male,8.5, $139.00 
2160,10/11/2014,2192,United States,Male,8.5, $169.00 
2161,10/11/2014,2178,Germany,Male,9.5, $179.00 
2162,10/11/2014,2223,Germany,Female,8.5, $199.00 
2163,10/11/2014,2154,Canada,Female,8.5, $179.00 
2164,10/11/2014,2201,United States,Male,11.5, $118.30 
2165,10/12/2014,2236,Germany,Female,10, $199.00 
2166,10/12/2014,2216,United Kingdom,Female,9, $170.10 
2167,10/12/2014,2150,Canada,Male,10, $64.50 
2168,10/12/2014,2173,United Kingdom,Male,9, $152.10 
2169,10/12/2014,2200,Canada,Male,10.5, $111.20 
2170,10/12/2014,2214,Canada,Male,9.5, $169.00 
2171,10/12/2014,2192,United States,Female,10, $139.00 
2172,10/12/2014,2213,Germany,Male,6, $103.20 
2173,10/12/2014,2217,United States,Male,15, $149.00 
2174,10/12/2014,2201,United States,Male,11.5, $118.30 
2175,10/13/2014,2208,United States,Male,10, $161.10 
2176,10/13/2014,2188,United States,Male,8.5, $169.00 
2177,10/13/2014,2204,Canada,Male,8.5, $139.00 
2178,10/13/2014,2217,United Kingdom,Male,10.5, $127.20 
2179,10/13/2014,2205,United States,Female,7.5, $104.30 
2180,10/13/2014,2165,United States,Male,10, $149.00 
2181,10/14/2014,2160,Germany,Male,8.5, $97.30 
2182,10/14/2014,2150,United States,Male,9.5, $199.00 
2183,10/14/2014,2235,United States,Female,10, $90.30 
2184,10/14/2014,2203,United States,Female,10, $103.20 
2185,10/14/2014,2239,United States,Female,9.5, $199.00 
2186,10/14/2014,2183,Canada,Male,10, $134.10 
2187,10/14/2014,2235,United Kingdom,Male,9.5, $159.20 
2188,10/15/2014,2180,Germany,Female,7.5, $103.20 
2189,10/15/2014,2161,United States,Male,10, $139.00 
2190,10/15/2014,2190,United States,Male,10.5, $149.00 
2191,10/15/2014,2235,United States,Female,10, $90.30 
2192,10/15/2014,2167,United States,Female,8, $127.20 
2193,10/15/2014,2217,United States,Male,9.5, $129.00 
2194,10/15/2014,2147,United States,Female,9.5, $159.00 
2195,10/15/2014,2235,Canada,Male,9.5, $103.20 
2196,10/15/2014,2203,Canada,Male,12, $74.50 
2197,10/15/2014,2221,Germany,Male,10, $169.00 
2198,10/16/2014,2196,Germany,Female,7.5, $149.00 
2199,10/16/2014,2163,United States,Female,9.5, $169.00 
2200,10/16/2014,2192,United States,Male,8.5, $169.00 
2201,10/16/2014,2190,,Unix,10.5, $149.00 
2202,10/16/2014,2149,United States,Female,8, $199.00 
2203,10/16/2014,2182,United States,Female,9, $125.10 
2204,10/16/2014,2150,Canada,Male,10, $64.50 
2205,10/16/2014,2183,Canada,Male,10, $134.10 
2206,10/16/2014,2170,Germany,Female,7, $129.00 
2207,10/16/2014,2232,Canada,Male,9, $179.00 
2208,10/16/2014,2228,Canada,Male,9, $151.20 
2209,10/16/2014,2148,Canada,Male,9.5, $179.00 
2210,10/16/2014,2222,Germany,Male,10, $161.10 
2211,10/17/2014,2241,Germany,Female,8, $161.10 
2212,10/17/2014,2206,Germany,Male,12, $149.00 
2213,10/17/2014,2185,United States,Female,8, $161.10 
2214,10/17/2014,2163,United States,Female,9, $118.30 
2215,10/17/2014,2187,United States,Male,9, $159.00 
2216,10/17/2014,2235,Canada,Male,9.5, $103.20 
2217,10/17/2014,2203,Canada,Male,12, $74.50 
2218,10/17/2014,2232,Canada,Male,9, $179.00 
2219,10/17/2014,2228,Canada,Male,9, $151.20 
2220,10/17/2014,2148,Canada,Male,9.5, $179.00 
2221,10/17/2014,2150,Germany,Male,10, $169.00 
2222,10/17/2014,2160,United Kingdom,Male,9.5, $169.00 
2223,10/18/2014,2221,Germany,Male,10, $169.00 
2224,10/18/2014,2241,Germany,Female,8, $161.10 
2225,10/18/2014,2233,United States,Female,9.5, $159.00 
2226,10/18/2014,2214,Canada,Female,8.5, $199.00 
2227,10/18/2014,2183,Canada,Male,10, $134.10 
2228,10/18/2014,2203,Canada,Male,12, $74.50 
2229,10/18/2014,2232,Canada,Male,9, $179.00 
2230,10/18/2014,2228,Canada,Male,9, $151.20 
2231,10/18/2014,2173,United Kingdom,Male,9, $152.10 
2232,10/19/2014,2186,United Kingdom,Male,11, $199.00 
2233,10/19/2014,2222,Germany,Male,10, $161.10 
2234,10/19/2014,2221,Germany,Male,10, $169.00 
2235,10/19/2014,2163,United States,Female,9.5, $116.10 
2236,10/19/2014,2152,United States,Male,10.5, $179.00 
2237,10/19/2014,2239,Germany,Female,8, $199.00 
2238,10/19/2014,2217,United Kingdom,Male,10.5, $127.20 
2239,10/20/2014,2171,United States,Female,4.5, $139.30 
2240,10/20/2014,2160,United Kingdom,Male,9.5, $169.00 
2241,10/20/2014,2233,United States,Female,9.5, $104.30 
2242,10/20/2014,2151,United Kingdom,Male,10, $125.30 
2243,10/20/2014,2218,Canada,Male,10.5, $179.00 
2244,10/20/2014,2178,United States,Male,9.5, $143.10 
2245,10/20/2014,2147,Germany,Male,7, $129.00 
2246,10/20/2014,2221,United Kingdom,Male,8, $139.00 
2247,10/20/2014,2156,United Kingdom,Male,11.5, $199.00 
2248,10/20/2014,2198,United Kingdom,Male,10.5, $189.00 
2249,10/21/2014,2223,United States,Female,4.5, $199.00 
2250,10/21/2014,2173,United Kingdom,Male,9, $152.10 
2251,10/21/2014,2197,Germany,Unix,8.5, $129.00 
2252,10/21/2014,2161,Canada,Female,9, $79.50 
2253,10/21/2014,2170,Germany,Female,7, $129.00 
2254,10/21/2014,2167,United States,Female,8, $127.20 
2255,10/21/2014,2212,United States,Female,10, $129.00 
2256,10/21/2014,2227,Germany,Female,8, $189.00 
2257,10/21/2014,2186,United Kingdom,Male,11, $199.00 
2258,10/21/2014,2221,United Kingdom,Male,8, $139.00 
2259,10/21/2014,2156,United Kingdom,Male,11.5, $199.00 
2260,10/22/2014,2202,United States,Female,4.5, $139.00 
2261,10/22/2014,2150,Germany,Male,9.5, $139.00 
2262,10/22/2014,2207,Germany,Female,9, $169.00 
2263,10/22/2014,2148,Canada,Male,9.5, $179.00 
2264,10/22/2014,2216,Canada,Female,9, $189.00 
2265,10/22/2014,2180,Germany,Male,7.5, $149.00 
2266,10/22/2014,2148,Canada,Male,10, $69.50 
2267,10/22/2014,2149,United States,Female,8, $199.00 
2268,10/22/2014,2230,United States,Male,10.5, $179.00 
2269,10/22/2014,2160,United Kingdom,Male,9.5, $169.00 
2270,10/22/2014,2186,United Kingdom,Male,11, $199.00 
2271,10/22/2014,2221,United Kingdom,Male,8, $139.00 
2272,10/23/2014,2206,Germany,Male,12, $149.00 
2273,10/23/2014,2198,United Kingdom,Male,10.5, $189.00 
2274,10/23/2014,2181,United States,Male,10, $143.20 
2275,10/23/2014,2180,United Kingdom,Male,11, $189.00 
2276,10/23/2014,2197,Germany,Male,8.5, $129.00 
2277,10/23/2014,2210,Canada,Male,10.5, $127.20 
2278,10/23/2014,2196,United States,Male,9.5, $103.20 
2279,10/23/2014,2204,United States,Female,8.5, $151.20 
2280,10/23/2014,2195,United States,Male,11, $152.10 
2281,10/24/2014,2156,United Kingdom,Male,11.5, $199.00 
2282,10/24/2014,2222,Canada,Female,8.5, $129.00 
2283,10/24/2014,2181,Germany,Female,8, $129.00 
2284,10/24/2014,2207,Germany,Female,9, $169.00 
2285,10/24/2014,2150,Germany,Male,9.5, $139.00 
2286,10/24/2014,2218,Canada,Male,10.5, $179.00 
2287,10/24/2014,2183,United States,Female,8.5, $139.00 
2288,10/24/2014,2225,Canada,Female,8.5, $159.00 
2289,10/24/2014,2171,United States,Female,7.5, $125.30 
2290,10/24/2014,2219,United States,Male,10, $79.50 
2291,10/24/2014,2181,United States,Male,7, $129.00 
2292,10/24/2014,2179,Germany,Female,7, $149.00 
2293,10/25/2014,2150,United States,Female,9, $199.00 
2294,10/25/2014,2217,United States,Male,10, $159.00 
2295,10/25/2014,2199,Germany,Male,14, $143.10 
2296,10/25/2014,2187,United States,Male,9, $159.00 
2297,10/25/2014,2164,United States,Female,8.5, $199.00 
2298,10/25/2014,2180,Germany,Male,7.5, $149.00 
2299,10/25/2014,2198,United Kingdom,Male,10.5, $189.00 
2300,10/25/2014,2181,United States,Male,10, $143.20 
2301,,2151,United States,Unix,8.5, $94.50 
2302,10/25/2014,2212,United States,Female,10, $129.00 
2303,10/25/2014,2163,United States,Female,10, $129.00 
2304,10/25/2014,2165,Germany,Male,9, $119.20 
2305,10/25/2014,2148,Canada,Male,10, $69.50 
2306,10/26/2014,2217,United States,Male,9.5, $129.00 
2307,10/26/2014,2203,United States,Male,9, $119.20 
2308,10/26/2014,2181,Germany,Female,8, $129.00 
2309,10/26/2014,2208,Canada,Male,8.5, $89.50 
2310,10/26/2014,2204,United States,Female,8.5, $151.20 
2311,10/26/2014,2197,Germany,Male,8.5, $129.00 
2312,10/26/2014,2157,Canada,Male,9.5, $199.00 
2313,10/26/2014,2213,United States,Female,7.5, $139.30 
2314,10/26/2014,2230,United States,Male,10.5, $179.00 
2315,10/26/2014,2219,United States,Male,10, $79.50 
2316,10/26/2014,2210,Canada,Male,10.5, $127.20 
2317,10/27/2014,2182,United States,Female,9, $125.10 
2318,10/27/2014,2181,United States,Male,7, $129.00 
2319,10/27/2014,2159,United States,Male,9, $111.30 
2320,10/27/2014,2180,Germany,Male,7.5, $149.00 
2321,10/27/2014,2179,Germany,Female,7, $149.00 
2322,10/27/2014,2183,United States,Female,8.5, $139.00 
2323,10/27/2014,2236,Germany,Female,7, $179.00 
2324,10/27/2014,2179,Germany,Female,8, $159.00 
2325,10/28/2014,2217,United States,Male,10, $159.00 
2326,10/28/2014,2218,United Kingdom,Female,7, $189.00 
2327,10/28/2014,2148,Canada,Male,10, $69.50 
2328,10/28/2014,2157,Germany,Female,7, $104.30 
2329,10/28/2014,2186,Germany,Male,11.5, $125.30 
2330,10/29/2014,2203,United States,Male,12, $111.20 
2331,10/29/2014,2188,United States,Male,13, $159.00 
2332,10/29/2014,2203,United States,Male,9, $119.20 
2333,10/29/2014,2205,United Kingdom,Female,7, $189.00 
2334,10/29/2014,2169,Germany,Male,13, $129.00 
2335,10/29/2014,2199,Germany,Male,14, $143.10 
2336,10/30/2014,2159,United States,Male,9, $111.30 
2337,10/30/2014,2203,United States,Male,12, $111.20 
2338,10/30/2014,2157,United States,Male,8, $149.00 
2339,10/30/2014,2174,United Kingdom,Female,7, $199.00 
2340,10/30/2014,2169,Germany,Male,10.5, $169.00 
2341,10/30/2014,2214,Germany,Female,7, $89.50 
2342,10/31/2014,2217,United States,Male,10, $159.00 
2343,10/31/2014,2159,United States,Male,9, $111.30 
2344,10/31/2014,2224,United States,Male,7.5, $161.10 
2345,10/31/2014,2165,Canada,Female,8.5, $116.10 
2346,10/31/2014,2185,Germany,Female,9, $129.00 
2347,10/31/2014,2185,Canada,Female,8, $135.20 
2348,10/31/2014,2168,Canada,Male,9, $179.00 
2349,11/1/2014,2196,United States,Male,9.5, $103.20 
2350,11/1/2014,2157,United States,Male,8, $149.00 
2351,11/1/2014,2209,Germany,Unix,8, $134.10 
2352,11/1/2014,2201,Germany,Female,9, $169.00 
2353,11/1/2014,2208,Canada,Male,8.5, $89.50 
2354,11/2/2014,2208,Germany,Female,7, $199.00 
2355,11/2/2014,2215,Canada,Male,9, $111.30 
2356,11/2/2014,2224,United States,Male,7.5, $161.10 
2357,11/2/2014,2179,Germany,Female,8, $159.00 
2358,11/2/2014,2180,United Kingdom,Male,11, $189.00 
2359,11/2/2014,2158,United Kingdom,Male,9, $127.20 
2360,11/2/2014,2231,United Kingdom,Female,9.5, $199.00 
2361,11/3/2014,2214,Germany,Female,7, $89.50 
2362,11/3/2014,2198,Germany,Female,6.5, $199.00 
2363,11/3/2014,2186,Germany,Male,11.5, $125.30 
2364,11/3/2014,2168,Germany,Female,8.5, $149.00 
2365,11/3/2014,2166,United Kingdom,Male,6, $159.00 
2366,11/3/2014,2169,United Kingdom,Female,9.5, $179.10 
2367,11/4/2014,2177,United States,Male,9, $169.00 
2368,11/4/2014,2168,Canada,Male,9, $179.00 
2369,11/4/2014,2169,Germany,Female,6.5, $161.10 
2370,11/4/2014,2202,Canada,Female,8, $139.00 
2371,11/4/2014,2173,United States,Female,7, $116.10 
2372,11/4/2014,2169,Canada,Female,7, $169.00 
2373,11/4/2014,2219,Canada,Male,10, $74.50 
2374,11/4/2014,2226,United States,Male,10, $129.00 
2375,11/4/2014,2241,United Kingdom,Female,9, $139.30 
2376,11/4/2014,2161,United Kingdom,Female,9.5, $116.10 
2377,11/5/2014,2238,United Kingdom,Male,12, $139.00 
2378,11/5/2014,2165,Canada,Female,8.5, $116.10 
2379,11/5/2014,2226,Germany,Male,9.5, $199.00 
2380,11/5/2014,2149,Canada,Female,7, $149.00 
2381,11/5/2014,2169,Canada,Female,7, $169.00 
2382,11/5/2014,2171,Canada,Male,11, $104.30 
2383,11/5/2014,2228,Canada,Male,8.5, $159.00 
2384,11/5/2014,2184,Germany,Female,8.5, $179.00 
2385,11/6/2014,2209,United Kingdom,Male,12, $159.20 
2386,11/6/2014,2157,United States,Male,8, $149.00 
2387,11/6/2014,2237,United Kingdom,Male,9.5, $149.00 
2388,11/6/2014,2170,Canada,Female,7, $149.00 
2389,11/6/2014,2149,Canada,Female,7, $149.00 
2390,11/6/2014,2230,Canada,Male,9.5, $125.30 
2391,11/6/2014,2165,Canada,Female,8, $159.00 
2392,11/6/2014,2173,United States,Female,7, $116.10 
2393,11/7/2014,2225,Germany,Female,8, $99.50 
2394,11/7/2014,2187,United Kingdom,Male,10.5, $169.00 
2395,11/7/2014,2238,United Kingdom,Male,12, $139.00 
2396,11/7/2014,2171,Canada,Male,11, $104.30 
2397,11/7/2014,2221,Germany,Male,10.5, $149.00 
2398,11/8/2014,2190,Germany,Male,10, $169.00 
2399,11/8/2014,2151,Germany,Female,8, $99.50 
2400,11/8/2014,2209,United Kingdom,Male,12, $159.20 
2401,11/8/2014,2175,United States,Unix,8, $99.50 
2402,11/9/2014,2192,Germany,Male,9.5, $135.20 
2403,11/9/2014,2221,United States,Male,9.5, $159.00 
2404,11/9/2014,2225,Germany,Female,8, $99.50 
2405,11/9/2014,2206,United States,Male,10, $159.00 
2406,11/9/2014,2157,United States,Male,9, $111.20 
2407,11/9/2014,2220,United States,Female,8, $143.20 
2408,11/10/2014,2190,Canada,Female,9.5, $179.00 
2409,11/10/2014,2190,Germany,Male,10, $169.00 
2410,11/10/2014,2176,United States,Male,11.5, $179.00 
2411,11/10/2014,2235,United States,Male,10.5, $89.50 
2412,11/10/2014,2206,United States,Male,10, $159.00 
2413,11/10/2014,2231,Germany,Female,9, $159.00 
2414,11/10/2014,2213,Germany,Female,9, $189.00 
2415,11/10/2014,2160,United States,Male,9.5, $74.50 
2416,11/11/2014,2195,Canada,Female,9.5, $199.00 
2417,11/11/2014,2188,United States,Male,13, $159.00 
2418,11/11/2014,2177,United States,Male,9, $169.00 
2419,11/11/2014,2235,United States,Male,10.5, $89.50 
2420,11/11/2014,2231,Germany,Female,9, $159.00 
2421,11/11/2014,2237,United Kingdom,Male,9.5, $149.00 
2422,11/11/2014,2198,United States,Male,10, $119.20 
2423,11/11/2014,2184,Germany,Female,8.5, $104.30 
2424,11/12/2014,2196,United States,Female,10, $149.00 
2425,11/12/2014,2203,United States,Male,12, $111.20 
2426,11/12/2014,2238,United Kingdom,Male,12, $139.00 
2427,11/12/2014,2237,United Kingdom,Male,9.5, $149.00 
2428,11/12/2014,2157,United States,Male,9, $111.20 
2429,11/12/2014,2168,Germany,Female,8.5, $149.00 
2430,11/13/2014,2163,United States,Male,7.5, $189.00 
2431,11/13/2014,2218,United States,Male,10.5, $199.00 
2432,11/13/2014,2176,United States,Male,11.5, $179.00 
2433,11/13/2014,2163,Germany,Male,10, $79.50 
2434,11/13/2014,2239,United Kingdom,Female,9.5, $199.00 
2435,11/13/2014,2206,United States,Male,10, $159.00 
2436,11/14/2014,2198,United States,Male,10, $119.20 
2437,11/14/2014,2148,United Kingdom,Female,10, $90.30 
2438,11/14/2014,2188,United States,Male,13, $159.00 
2439,11/14/2014,2160,Germany,Male,8.5, $97.30 
2440,11/14/2014,2205,United States,Female,7, $159.00 
2441,11/14/2014,2231,United Kingdom,Female,9.5, $199.00 
2442,11/15/2014,2157,United States,Male,9, $111.20 
2443,11/15/2014,2237,United Kingdom,Female,10, $199.00 
2444,11/15/2014,2180,Germany,Female,7.5, $103.20 
2445,11/15/2014,2195,Canada,Female,8.5, $129.00 
2446,11/15/2014,2186,United States,Female,7, $161.10 
2447,11/15/2014,2198,United States,Female,10, $159.00 
2448,11/15/2014,2169,United Kingdom,Female,9.5, $179.10 
2449,11/15/2014,2234,United States,Male,10, $129.00 
2450,11/16/2014,2163,United States,Male,7.5, $189.00 
2451,11/16/2014,2228,Canada,Unix,8.5, $159.00 
2452,11/16/2014,2196,United States,Female,10, $149.00 
2453,11/16/2014,2225,United States,Male,8.5, $170.10 
2454,11/16/2014,2195,Canada,Female,8.5, $129.00 
2455,11/17/2014,2234,United States,Male,13, $189.00 
2456,11/17/2014,2198,United States,Male,10, $119.20 
2457,11/17/2014,2176,United States,Male,11.5, $179.00 
2458,11/17/2014,2221,United States,Male,9.5, $159.00 
2459,11/17/2014,2188,United Kingdom,Male,10.5, $103.20 
2460,11/17/2014,2230,United Kingdom,Male,10, $189.00 
2461,11/17/2014,2163,United States,Male,7.5, $189.00 
2462,11/18/2014,2178,United States,Male,9.5, $143.10 
2463,11/18/2014,2230,United States,Male,10.5, $179.00 
2464,11/18/2014,2190,Canada,Female,9.5, $179.00 
2465,11/18/2014,2212,United Kingdom,Male,8, $151.20 
2466,11/18/2014,2188,United Kingdom,Male,10.5, $103.20 
2467,11/19/2014,2167,United States,Female,8, $127.20 
2468,11/19/2014,2171,Canada,Female,8, $125.30 
2469,11/19/2014,2195,United States,Male,11, $152.10 
2470,11/19/2014,2160,Germany,Male,10.5, $94.50 
2471,11/19/2014,2227,United Kingdom,Male,10, $111.30 
2472,11/19/2014,2212,United Kingdom,Male,8, $151.20 
2473,11/20/2014,2183,Canada,Female,8, $139.30 
2474,11/20/2014,2149,Canada,Male,9.5, $143.10 
2475,11/20/2014,2216,United States,Female,7, $189.00 
2476,11/20/2014,2226,United States,Female,10, $129.00 
2477,11/20/2014,2241,Germany,Female,8, $189.00 
2478,11/20/2014,2185,Canada,Female,8.5, $199.00 
2479,11/21/2014,2154,Germany,Female,9, $129.00 
2480,11/21/2014,2202,Canada,Female,8, $139.00 
2481,11/21/2014,2216,United States,Female,7, $189.00 
2482,11/21/2014,2208,Canada,Male,10.5, $199.00 
2483,11/21/2014,2207,Germany,Male,10.5, $179.00 
2484,11/21/2014,2236,Canada,Female,8.5, $143.20 
2485,11/22/2014,2164,United States,Male,7, $111.20 
2486,11/22/2014,2238,United Kingdom,Male,10.5, $69.50 
2487,11/22/2014,2230,United Kingdom,Male,10, $189.00 
2488,11/22/2014,2153,Canada,Male,11.5, $74.50 
2489,11/22/2014,2208,Canada,Male,10.5, $199.00 
2490,11/22/2014,2186,Canada,Male,9.5, $84.50 
2491,11/22/2014,2234,United States,Male,10, $129.00 
2492,11/23/2014,2154,United States,Female,10.5, $179.00 
2493,11/23/2014,2154,Germany,Female,9, $129.00 
2494,11/23/2014,2162,United States,Male,9, $139.00 
2495,11/23/2014,2188,United Kingdom,Male,10.5, $103.20 
2496,11/23/2014,2181,Canada,Female,7.5, $139.00 
2497,11/23/2014,2158,United States,Female,8.5, $99.50 
2498,11/23/2014,2202,Canada,Male,7.5, $132.30 
2499,11/24/2014,2227,United States,Female,10.5, $159.20 
2500,11/24/2014,2230,United Kingdom,Male,10, $189.00 
2501,11/24/2014,2150,Germany,,9.5, $111.20 
2502,11/24/2014,2195,Canada,Female,7.5, $90.30 
2503,11/24/2014,2206,United Kingdom,Male,9.5, $143.20 
2504,11/24/2014,2164,United States,Female,8.5, $199.00 
2505,11/24/2014,2155,Canada,Male,10.5, $119.20 
2506,11/25/2014,2222,Germany,Female,9.5, $179.00 
2507,11/25/2014,2184,Germany,Male,10, $159.00 
2508,11/25/2014,2151,United Kingdom,Female,9, $125.10 
2509,11/25/2014,2200,United States,Female,7, $79.50 
2510,11/25/2014,2204,United States,Female,8.5, $151.20 
2511,11/26/2014,2172,Canada,Female,8.5, $169.00 
2512,11/26/2014,2193,Germany,Male,10, $99.50 
2513,11/26/2014,2184,United Kingdom,Female,9, $129.00 
2514,11/27/2014,2149,United States,Female,10, $169.00 
2515,11/27/2014,2210,United States,Male,9, $159.00 
2516,11/27/2014,2160,Germany,Male,10.5, $94.50 
2517,11/27/2014,2188,Canada,Female,8.5, $169.00 
2518,11/28/2014,2176,United States,Male,10, $189.00 
2519,11/28/2014,2183,United States,Male,15, $189.00 
2520,11/28/2014,2211,Germany,Female,9, $189.00 
2521,11/28/2014,2172,Canada,Female,8.5, $169.00 
2522,11/29/2014,2197,United States,Male,10.5, $129.00 
2523,11/29/2014,2172,United States,Female,10, $149.00 
2524,11/29/2014,2201,Germany,Female,9, $149.00 
2525,11/29/2014,2210,United States,Male,9, $159.00 
2526,11/30/2014,2185,Canada,Male,9.5, $179.00 
2527,11/30/2014,2149,United States,Female,10, $169.00 
2528,11/30/2014,2238,United Kingdom,Male,10.5, $69.50 
2529,11/30/2014,2234,Germany,Male,8, $189.00 
2530,12/1/2014,2175,Canada,Male,9, $139.00 
2531,12/1/2014,2176,United States,Male,10, $189.00 
2532,12/1/2014,2171,Canada,Male,11.5, $129.00 
2533,12/1/2014,2161,Germany,Male,9, $179.00 
2534,12/2/2014,2191,Canada,Male,9.5, $134.10 
2535,12/2/2014,2213,Canada,Male,10.5, $125.10 
2536,12/2/2014,2238,United States,Female,5.5, $84.50 
2537,12/2/2014,2171,United States,Female,4.5, $139.30 
2538,12/2/2014,2188,United Kingdom,Female,7.5, $199.00 
2539,12/3/2014,2181,United States,Male,6.5, $179.00 
2540,12/3/2014,2186,Canada,Male,9.5, $84.50 
2541,12/3/2014,2184,United States,Female,7, $135.20 
2542,12/3/2014,2220,Germany,Male,10.5, $151.20 
2543,12/3/2014,2155,Canada,Male,10.5, $119.20 
2544,12/3/2014,2223,United States,Female,4.5, $199.00 
2545,12/4/2014,2178,United States,Female,9, $129.00 
2546,12/4/2014,2149,Canada,Male,9.5, $143.10 
2547,12/4/2014,2181,Canada,Female,7.5, $139.00 
2548,12/4/2014,2211,United States,Male,9.5, $189.00 
2549,12/4/2014,2221,Germany,Male,10.5, $149.00 
2550,12/4/2014,2200,United States,Female,7, $79.50 
2551,12/4/2014,2162,Canada,Unix,10.5, $189.00 
2552,12/5/2014,2150,United States,Female,9, $199.00 
2553,12/5/2014,2233,United States,Female,9.5, $159.00 
2554,12/5/2014,2213,Germany,Female,8, $139.30 
2555,12/5/2014,2175,United States,Female,8, $99.50 
2556,12/5/2014,2191,Canada,Male,9.5, $134.10 
2557,12/5/2014,2239,Canada,Female,6.5, $169.00 
2558,12/6/2014,2163,United States,Female,9.5, $116.10 
2559,12/6/2014,2155,United States,Female,7, $111.20 
2560,12/6/2014,2184,Germany,Male,10, $159.00 
2561,12/6/2014,2230,Canada,Female,6.5, $179.00 
2562,12/7/2014,2163,Germany,Male,9.5, $179.00 
2563,12/7/2014,2202,Canada,Male,7.5, $132.30 
2564,12/7/2014,2193,Germany,Male,10, $99.50 
2565,12/7/2014,2235,United States,Male,8, $199.00 
2566,12/8/2014,2213,Germany,Female,8, $139.30 
2567,12/8/2014,2215,United States,Male,9.5, $159.00 
2568,12/8/2014,2148,Germany,Male,8.5, $152.10 
2569,12/8/2014,2231,Germany,Male,10.5, $69.50 
2570,12/8/2014,2155,Canada,Male,10.5, $119.20 
2571,12/8/2014,2218,United States,Male,8.5, $139.00 
2572,12/9/2014,2190,United States,Male,11, $99.50 
2573,12/9/2014,2185,United States,Male,9, $94.50 
2574,12/9/2014,2184,Germany,Male,10, $159.00 
2575,12/9/2014,2219,United States,Male,10.5, $152.10 
2576,12/9/2014,2192,United Kingdom,Female,8, $74.50 
2577,12/9/2014,2204,Germany,Male,10.5, $199.00 
2578,12/9/2014,2169,Canada,Female,10, $159.20 
2579,12/9/2014,2185,United States,Female,7, $169.00 
2580,12/9/2014,2148,United States,Female,10, $179.00 
2581,12/9/2014,2231,Germany,Female,9, $159.00 
2582,12/9/2014,2227,United States,Male,10, $135.20 
2583,12/10/2014,2235,United States,Male,8, $199.00 
2584,12/10/2014,2190,United States,Male,11, $99.50 
2585,12/10/2014,2206,United Kingdom,Female,8, $179.00 
2586,12/10/2014,2168,United Kingdom,Female,8, $151.20 
2587,12/10/2014,2199,United Kingdom,Female,8.5, $129.00 
2588,12/10/2014,2166,United States,Male,11, $118.30 
2589,12/10/2014,2183,Canada,Female,10, $179.10 
2590,12/10/2014,2155,United States,Female,7, $111.20 
2591,12/10/2014,2190,United States,Male,9.5, $151.20 
2592,12/10/2014,2226,United Kingdom,Male,8.5, $129.00 
2593,12/11/2014,2218,United States,Male,8.5, $139.00 
2594,12/11/2014,2235,United States,Male,8, $199.00 
2595,12/11/2014,2207,Germany,Female,7, $111.30 
2596,12/11/2014,2185,United States,Male,9, $94.50 
2597,12/11/2014,2166,United States,Female,10, $199.00 
2598,12/11/2014,2202,Canada,Male,7.5, $132.30 
2599,12/11/2014,2211,Canada,Female,10, $159.00 
2600,12/11/2014,2179,United States,Male,9, $149.00 
2601,12/11/2014,2209,United Kingdom,Unix,, $169.00 
2602,12/11/2014,2182,Germany,Female,9, $79.50 
2603,12/12/2014,2157,Canada,Male,9.5, $199.00 
2604,12/12/2014,2165,United Kingdom,Male,9, $118.30 
2605,12/12/2014,2234,Canada,Male,9, $111.30 
2606,12/12/2014,2191,United Kingdom,Female,8.5, $125.30 
2607,12/12/2014,2190,United States,Male,11, $99.50 
2608,12/12/2014,2148,United States,Female,10, $179.00 
2609,12/12/2014,2231,Germany,Female,9, $159.00 
2610,12/13/2014,2169,Germany,Male,10, $139.00 
2611,12/13/2014,2236,Germany,Female,7, $179.00 
2612,12/13/2014,2151,United Kingdom,Male,10, $125.30 
2613,12/13/2014,2240,Canada,Male,9, $159.00 
2614,12/13/2014,2214,United States,Male,9, $111.20 
2615,12/13/2014,2179,United States,Female,7, $159.00 
2616,12/13/2014,2167,United States,Male,10, $74.50 
2617,12/13/2014,2190,United States,Male,9.5, $151.20 
2618,12/13/2014,2206,Germany,Male,9.5, $103.20 
2619,12/13/2014,2226,United Kingdom,Male,8.5, $129.00 
2620,12/14/2014,2236,Germany,Male,9, $179.00 
2621,12/14/2014,2219,Canada,Male,9, $169.00 
2622,12/14/2014,2161,Canada,Female,9, $79.50 
2623,12/14/2014,2242,Germany,Female,8, $159.00 
2624,12/14/2014,2166,United States,Male,11, $118.30 
2625,12/14/2014,2234,Canada,Male,9, $111.30 
2626,12/14/2014,2234,United Kingdom,Female,8.5, $94.50 
2627,12/14/2014,2231,Germany,Male,10.5, $69.50 
2628,12/15/2014,2213,Canada,Female,8.5, $149.00 
2629,12/15/2014,2163,Germany,Male,9.5, $179.00 
2630,12/15/2014,2169,Germany,Male,10, $139.00 
2631,12/15/2014,2185,United States,Male,9, $94.50 
2632,12/15/2014,2240,Canada,Male,9, $159.00 
2633,12/15/2014,2192,United Kingdom,Female,8, $74.50 
2634,12/16/2014,2173,Germany,Female,8, $189.00 
2635,12/16/2014,2214,United States,Male,9, $111.20 
2636,12/16/2014,2236,Germany,Male,9, $179.00 
2637,12/16/2014,2181,United Kingdom,Female,8, $89.50 
2638,12/17/2014,2242,Germany,Female,8, $159.00 
2639,12/17/2014,2166,United States,Male,11, $118.30 
2640,12/17/2014,2175,United States,Male,10, $199.00 
2641,12/17/2014,2231,United States,Female,9, $64.50 
2642,12/17/2014,2224,Germany,Male,9.5, $149.00 
2643,12/18/2014,2169,Germany,Male,10, $139.00 
2644,12/18/2014,2164,United Kingdom,Male,10, $189.00 
2645,12/18/2014,2202,Germany,Female,8, $179.10 
2646,12/18/2014,2181,United States,Male,6.5, $179.00 
2647,12/18/2014,2166,United States,Female,9, $134.10 
2648,12/18/2014,2168,United Kingdom,Female,8, $139.30 
2649,12/19/2014,2160,Canada,Male,11.5, $151.20 
2650,12/19/2014,2215,Canada,Female,9, $125.30 
2651,12/19/2014,2179,Germany,Unix,9.5, $199.00 
2652,12/19/2014,2160,Germany,Female,9, $104.30 
2653,12/19/2014,2178,United States,Female,9, $129.00 
2654,12/19/2014,2153,United States,Female,9, $143.10 
2655,12/19/2014,2167,Germany,Female,8, $125.10 
2656,12/19/2014,2155,Canada,Male,10.5, $104.30 
2657,12/20/2014,2229,Canada,Female,9, $179.00 
2658,12/20/2014,2179,United States,Female,7, $159.00 
2659,12/20/2014,2239,Germany,Female,8, $199.00 
2660,12/20/2014,2201,Germany,Female,9, $119.20 
2661,12/20/2014,2203,United States,Male,10, $189.00 
2662,12/20/2014,2220,Canada,Male,9.5, $199.00 
2663,12/20/2014,2213,Germany,Male,9, $90.30 
2664,12/20/2014,2205,Canada,Male,10, $159.00 
2665,12/21/2014,2234,Canada,Male,9, $111.30 
2666,12/21/2014,2210,Canada,Female,9, $125.10 
2667,12/21/2014,2213,Canada,Female,8.5, $149.00 
2668,12/21/2014,2225,Germany,Male,10.5, $159.20 
2669,12/21/2014,2155,Canada,Male,10.5, $104.30 
2670,12/21/2014,2174,Germany,Male,9.5, $129.00 
2671,12/21/2014,2160,Canada,Male,11.5, $151.20 
2672,12/22/2014,2186,United States,Male,10.5, $139.00 
2673,12/22/2014,2214,United States,Male,9, $111.20 
2674,12/22/2014,2167,Germany,Female,8, $125.10 
2675,12/22/2014,2205,Canada,Male,10, $159.00 
2676,12/22/2014,2209,United States,Male,9.5, $139.00 
2677,12/23/2014,2233,Germany,Female,8, $127.20 
2678,12/23/2014,2182,Germany,Male,9.5, $69.50 
2679,12/23/2014,2216,Germany,Female,10, $89.50 
2680,12/23/2014,2210,United States,Male,8.5, $149.00 
2681,12/23/2014,2239,United States,Male,9.5, $84.50 
2682,12/23/2014,2182,United Kingdom,Male,9.5, $149.00 
2683,12/23/2014,2229,Germany,Female,8.5, $159.00 
2684,12/23/2014,2225,Germany,Female,8.5, $169.00 
2685,12/23/2014,2213,Germany,Male,9, $90.30 
2686,12/23/2014,2234,United States,Female,7, $129.00 
2687,12/23/2014,2188,United States,Male,8.5, $169.00 
2688,12/24/2014,2160,United States,Male,11, $125.30 
2689,12/24/2014,2175,Germany,Male,9.5, $111.20 
2690,12/24/2014,2233,Germany,Female,8, $127.20 
2691,12/24/2014,2229,United States,Male,9, $84.50 
2692,12/24/2014,2154,United States,Male,9, $116.10 
2693,12/24/2014,2233,Germany,Female,9, $189.00 
2694,12/24/2014,2229,Germany,Female,8.5, $159.00 
2695,12/24/2014,2210,United States,Male,8.5, $149.00 
2696,12/24/2014,2149,Germany,Male,9.5, $199.00 
2697,12/24/2014,2220,Canada,Male,9.5, $199.00 
2698,12/24/2014,2239,United States,Female,9.5, $199.00 
2699,12/25/2014,2225,Germany,Male,10.5, $159.20 
2700,12/25/2014,2175,Germany,Male,9.5, $111.20 
2701,12/25/2014,2151,,Unix,10, $170.10 
2702,12/25/2014,2203,United States,Male,10, $189.00 
2703,12/25/2014,2232,United Kingdom,Male,9.5, $132.30 
2704,12/25/2014,2229,United States,Male,9, $84.50 
2705,12/25/2014,2210,United States,Male,8.5, $149.00 
2706,12/25/2014,2219,Canada,Male,9, $169.00 
2707,12/25/2014,2209,Germany,Male,9.5, $94.50 
2708,12/25/2014,2155,Canada,Male,10.5, $104.30 
2709,12/26/2014,2186,United States,Male,10.5, $159.00 
2710,12/26/2014,2213,United Kingdom,Female,10, $149.00 
2711,12/26/2014,2155,United States,Male,10, $69.50 
2712,12/26/2014,2185,United States,Female,7, $169.00 
2713,12/26/2014,2181,United Kingdom,Female,8, $89.50 
2714,12/27/2014,2213,Germany,Female,9, $143.20 
2715,12/27/2014,2213,United Kingdom,Female,10, $149.00 
2716,12/27/2014,2186,United States,Male,10.5, $139.00 
2717,12/27/2014,2155,United States,Male,10, $69.50 
2718,12/27/2014,2155,United States,Female,7, $111.20 
2719,12/27/2014,2167,United States,Female,7, $199.00 
2720,12/28/2014,2213,United States,Male,11.5, $125.30 
2721,12/28/2014,2217,United Kingdom,Male,9, $104.30 
2722,12/28/2014,2239,United States,Male,9.5, $84.50 
2723,12/28/2014,2186,United States,Male,10.5, $139.00 
2724,12/28/2014,2155,United States,Male,10, $69.50 
2725,12/28/2014,2175,United Kingdom,Male,15, $125.10 
2726,12/28/2014,2234,United States,Female,7, $129.00 
2727,12/29/2014,2211,United States,Male,9.5, $189.00 
2728,12/29/2014,2182,United Kingdom,Male,9.5, $149.00 
2729,12/29/2014,2190,Canada,Male,7, $189.00 
2730,12/29/2014,2164,United Kingdom,Male,10, $189.00 
2731,12/29/2014,2178,United Kingdom,Male,11, $111.20 
2732,12/29/2014,2184,United States,Male,9, $179.00 
2733,12/29/2014,2220,Canada,Male,9.5, $199.00 
2734,12/29/2014,2189,Germany,Male,9.5, $169.00 
2735,12/30/2014,2233,United States,Female,9.5, $159.00 
2736,12/30/2014,2183,Canada,Male,9.5, $89.50 
2737,12/30/2014,2160,Germany,Female,9, $104.30 
2738,12/30/2014,2216,Canada,Male,10, $179.00 
2739,12/30/2014,2213,Germany,Female,9, $143.20 
2740,12/30/2014,2241,United States,Male,9.5, $189.00 
2741,12/30/2014,2188,Germany,Female,8, $132.30 
2742,12/31/2014,2175,Germany,Female,5, $179.00 
2743,12/31/2014,2238,Germany,Male,10, $97.30 
2744,12/31/2014,2220,Germany,Male,10, $129.00 
2745,12/31/2014,2210,Germany,Male,10.5, $89.50 
2746,12/31/2014,2160,Canada,Female,7.5, $151.20 
2747,12/31/2014,2189,United States,Female,8.5, $199.00 
2748,12/31/2014,2230,United Kingdom,Male,10.5, $111.20 
2749,12/31/2014,2219,Canada,Male,10, $74.50 
2750,12/31/2014,2173,United States,Male,10.5, $118.30 
2751,12/31/2014,2191,United Kingdom,Unix,8.5, $125.30 
2752,12/31/2014,2217,United Kingdom,Male,9, $104.30 
2753,12/31/2014,2182,Germany,Male,9.5, $69.50 
2754,1/1/2015,2187,United States,Male,9.5, $179.00 
2755,1/1/2015,2174,United States,Male,8.5, $169.00 
2756,1/1/2015,2240,United States,Male,9, $116.10 
2757,1/1/2015,2220,Germany,Male,10, $129.00 
2758,1/1/2015,2199,United Kingdom,Male,9.5, $139.00 
2759,1/1/2015,2169,Canada,Female,7, $169.00 
2760,1/1/2015,2188,Germany,Female,9.5, $189.00 
2761,1/2/2015,2155,United Kingdom,Female,10, $129.00 
2762,1/2/2015,2173,United States,Female,9, $179.00 
2763,1/2/2015,2222,Germany,Female,7.5, $64.50 
2764,1/2/2015,2181,United Kingdom,Male,9.5, $139.30 
2765,1/2/2015,2178,United Kingdom,Male,11, $111.20 
2766,1/2/2015,2220,Germany,Female,10, $129.00 
2767,1/2/2015,2226,United States,Male,10, $199.00 
2768,1/2/2015,2199,United States,Male,9.5, $139.00 
2769,1/3/2015,2235,Germany,Male,9.5, $118.30 
2770,1/3/2015,2199,United Kingdom,Male,9.5, $139.00 
2771,1/3/2015,2209,United States,Male,10, $111.30 
2772,1/3/2015,2238,United States,Female,7.5, $179.00 
2773,1/3/2015,2171,Germany,Male,8, $189.00 
2774,1/4/2015,2214,United States,Male,10.5, $179.00 
2775,1/4/2015,2165,Canada,Female,8, $139.00 
2776,1/4/2015,2238,Germany,Female,7.5, $179.00 
2777,1/4/2015,2219,Canada,Male,10, $169.00 
2778,1/4/2015,2162,United States,Male,9.5, $135.20 
2779,1/4/2015,2199,Germany,Male,6.5, $179.00 
2780,1/4/2015,2239,Germany,Male,10.5, $170.10 
2781,1/4/2015,2166,United States,Female,9, $134.10 
2782,1/5/2015,2216,United States,Male,10.5, $129.00 
2783,1/5/2015,2218,Canada,Female,8, $170.10 
2784,1/5/2015,2210,Germany,Female,8.5, $129.00 
2785,1/5/2015,2152,United States,Female,7.5, $104.30 
2786,1/5/2015,2161,United States,Female,7.5, $169.00 
2787,1/5/2015,2226,Germany,Female,6.5, $159.20 
2788,1/5/2015,2241,Germany,Female,8, $129.00 
2789,1/5/2015,2172,Germany,Female,9, $159.00 
2790,1/5/2015,2189,Germany,Male,9.5, $169.00 
2791,1/6/2015,2236,United States,Male,10.5, $139.00 
2792,1/6/2015,2216,United States,Male,10.5, $129.00 
2793,1/6/2015,2203,United Kingdom,Female,8.5, $189.00 
2794,1/6/2015,2194,United States,Female,7.5, $129.00 
2795,1/6/2015,2192,Germany,Female,7.5, $159.00 
2796,1/6/2015,2202,Germany,Male,10, $159.00 
2797,1/6/2015,2187,United States,Male,9.5, $179.00 
2798,1/6/2015,2193,Germany,Male,10, $179.00 
2799,1/6/2015,2149,United States,Female,7, $69.50 
2800,1/6/2015,2181,Canada,Male,8.5, $135.20 
2801,,2179,United Kingdom,Unix,9, $69.50 
2802,1/6/2015,2159,Germany,Male,12, $64.50 
2803,1/7/2015,2238,Germany,Male,10, $97.30 
2804,1/7/2015,2211,United States,Female,7.5, $159.00 
2805,1/7/2015,2213,Germany,Male,9, $90.30 
2806,1/7/2015,2215,Germany,Male,10.5, $151.20 
2807,1/7/2015,2194,United States,Male,9, $169.00 
2808,1/7/2015,2172,Canada,Male,12, $189.00 
2809,1/7/2015,2198,Canada,Male,8, $179.00 
2810,1/7/2015,2231,Canada,Male,9, $169.00 
2811,1/7/2015,2158,Germany,Female,9, $199.00 
2812,1/8/2015,2237,Canada,Female,7, $169.00 
2813,1/8/2015,2154,United Kingdom,Female,7.5, $134.10 
2814,1/8/2015,2214,United States,Male,8.5, $170.10 
2815,1/8/2015,2228,United Kingdom,Female,7.5, $199.00 
2816,1/8/2015,2205,United States,Male,9.5, $139.30 
2817,1/8/2015,2228,Germany,Female,7.5, $116.10 
2818,1/8/2015,2205,Germany,Male,10, $170.10 
2819,1/8/2015,2240,Canada,Male,10, $129.00 
2820,1/8/2015,2151,United States,Female,8, $135.20 
2821,1/8/2015,2166,United States,Male,11.5, $189.00 
2822,1/8/2015,2148,Canada,Female,7.5, $125.10 
2823,1/8/2015,2226,Germany,Female,6.5, $159.20 
2824,1/8/2015,2184,United Kingdom,Male,9, $103.20 
2825,1/8/2015,2170,Germany,Male,11.5, $169.00 
2826,1/9/2015,2166,Germany,Male,9.5, $159.00 
2827,1/9/2015,2224,Germany,Male,11, $189.00 
2828,1/9/2015,2214,Germany,Male,9.5, $152.10 
2829,1/9/2015,2210,United Kingdom,Male,6.5, $199.00 
2830,1/9/2015,2237,Germany,Male,10.5, $74.50 
2831,1/9/2015,2153,United States,Male,10.5, $170.10 
2832,1/9/2015,2176,Germany,Female,8, $179.10 
2833,1/10/2015,2147,Germany,Male,10, $159.00 
2834,1/10/2015,2204,United Kingdom,Female,7.5, $179.00 
2835,1/10/2015,2220,Canada,Male,9.5, $129.00 
2836,1/10/2015,2217,United States,Female,8, $103.20 
2837,1/10/2015,2185,United States,Male,9.5, $129.00 
2838,1/10/2015,2241,United States,Male,9.5, $199.00 
2839,1/10/2015,2194,United States,Male,9, $159.00 
2840,1/10/2015,2203,United States,Female,6.5, $179.00 
2841,1/10/2015,2174,United States,Female,8.5, $99.50 
2842,1/10/2015,2196,Germany,Male,10.5, $189.00 
2843,1/10/2015,2192,Germany,Male,9, $127.20 
2844,1/10/2015,2176,United States,Female,6.5, $103.20 
2845,1/11/2015,2186,Canada,Female,7, $159.00 
2846,1/11/2015,2174,United States,Male,8.5, $169.00 
2847,1/11/2015,2169,Germany,Female,9, $129.00 
2848,1/11/2015,2176,United States,Female,9, $159.00 
2849,1/11/2015,2218,Germany,Male,10, $143.10 
2850,1/11/2015,2202,United States,Male,11, $159.00 
2851,1/11/2015,2225,Germany,Unix,10.5, $159.20 
2852,1/11/2015,2203,Canada,Male,10, $111.20 
2853,1/11/2015,2193,United States,Female,9, $127.20 
2854,1/12/2015,2185,United States,Male,9.5, $129.00 
2855,1/12/2015,2148,United Kingdom,Female,10, $90.30 
2856,1/12/2015,2166,Germany,Male,9.5, $159.00 
2857,1/12/2015,2151,United States,Male,9.5, $149.00 
2858,1/12/2015,2205,United States,Male,9.5, $139.30 
2859,1/12/2015,2196,Germany,Male,10.5, $189.00 
2860,1/12/2015,2170,Germany,Female,10.5, $170.10 
2861,1/13/2015,2212,Canada,Male,9.5, $199.00 
2862,1/13/2015,2218,Germany,Male,10, $149.00 
2863,1/13/2015,2232,Germany,Female,8, $169.00 
2864,1/13/2015,2202,Germany,Male,8.5, $125.10 
2865,1/13/2015,2162,United States,Male,9.5, $135.20 
2866,1/13/2015,2165,Germany,Male,9.5, $149.00 
2867,1/13/2015,2225,Canada,Male,10, $189.00 
2868,1/13/2015,2238,United States,Male,9, $179.00 
2869,1/13/2015,2191,United States,Male,6.5, $161.10 
2870,1/13/2015,2186,United States,Female,7.5, $179.00 
2871,1/13/2015,2195,United States,Male,14, $129.00 
2872,1/13/2015,2183,Germany,Male,9.5, $139.00 
2873,1/13/2015,2233,United States,Male,9.5, $125.10 
2874,1/13/2015,2183,United States,Male,12, $179.00 
2875,1/14/2015,2223,United States,Female,9, $139.30 
2876,1/14/2015,2229,United States,Female,8, $143.20 
2877,1/14/2015,2227,Germany,Male,8.5, $179.00 
2878,1/14/2015,2165,Canada,Male,11, $159.00 
2879,1/14/2015,2217,Germany,Male,15, $159.00 
2880,1/14/2015,2162,United States,Female,8.5, $169.00 
2881,1/14/2015,2220,Germany,Male,9.5, $179.00 
2882,1/14/2015,2225,Canada,Male,10, $189.00 
2883,1/14/2015,2160,United States,Female,9.5, $149.00 
2884,1/15/2015,2158,United States,Male,8, $139.00 
2885,1/15/2015,2225,Germany,Male,12, $139.00 
2886,1/15/2015,2196,Germany,Male,10.5, $189.00 
2887,1/15/2015,2223,Germany,Male,6, $111.20 
2888,1/15/2015,2211,Canada,Male,7.5, $125.10 
2889,1/15/2015,2169,Canada,Female,10, $159.20 
2890,1/15/2015,2217,Canada,Female,9, $161.10 
2891,1/15/2015,2200,Canada,Female,9.5, $169.00 
2892,1/15/2015,2198,Germany,Female,6.5, $199.00 
2893,1/15/2015,2159,Germany,Male,9, $149.00 
2894,1/15/2015,2165,Canada,Male,11, $159.00 
2895,1/15/2015,2211,Germany,Female,9.5, $79.50 
2896,1/16/2015,2158,United States,Female,9, $94.50 
2897,1/16/2015,2239,Germany,Female,7.5, $64.50 
2898,1/16/2015,2182,United States,Female,8, $97.30 
2899,1/16/2015,2224,United Kingdom,Female,8, $139.00 
2900,1/16/2015,2178,United States,Female,7.5, $152.10 
2901,1/16/2015,2214,Canada,Unix,10.5, $139.00 
2902,1/16/2015,2172,United States,Male,9, $139.00 
2903,1/16/2015,2198,Canada,Male,11.5, $132.30 
2904,1/16/2015,2183,Germany,Male,8.5, $127.20 
2905,1/16/2015,2227,Germany,Male,8.5, $179.00 
2906,1/16/2015,2182,United States,Male,10, $99.50 
2907,1/16/2015,2225,Canada,Male,10, $189.00 
2908,1/17/2015,2218,United States,Male,10.5, $199.00 
2909,1/17/2015,2202,Germany,Male,8.5, $125.10 
2910,1/17/2015,2202,United States,Male,11, $159.00 
2911,1/17/2015,2224,Canada,Male,10, $169.00 
2912,1/17/2015,2186,United States,Female,7.5, $179.00 
2913,1/17/2015,2201,United States,Female,7.5, $189.00 
2914,1/17/2015,2154,United States,Male,11.5, $199.00 
2915,1/17/2015,2209,Germany,Male,9, $149.00 
2916,1/18/2015,2187,United States,Male,10, $94.50 
2917,1/18/2015,2234,Germany,Male,10, $97.30 
2918,1/18/2015,2180,Canada,Male,10, $199.00 
2919,1/18/2015,2176,United States,Male,9, $169.00 
2920,1/18/2015,2236,Germany,Female,8.5, $179.00 
2921,1/18/2015,2188,United Kingdom,Male,10, $139.00 
2922,1/18/2015,2233,Germany,Female,8, $127.20 
2923,1/18/2015,2227,United States,Male,11, $103.20 
2924,1/18/2015,2198,United States,Female,8, $189.00 
2925,1/18/2015,2235,Canada,Male,9, $149.00 
2926,1/19/2015,2172,United States,Male,9, $139.00 
2927,1/19/2015,2159,Germany,Male,9, $149.00 
2928,1/19/2015,2203,United States,Female,6.5, $74.50 
2929,1/19/2015,2242,United Kingdom,Male,9.5, $97.30 
2930,1/19/2015,2226,United States,Female,8, $179.00 
2931,1/19/2015,2165,Canada,Male,9, $119.20 
2932,1/19/2015,2234,Germany,Male,10, $97.30 
2933,1/20/2015,2154,United States,Male,11.5, $199.00 
2934,1/20/2015,2155,Canada,Male,10, $139.00 
2935,1/20/2015,2183,Germany,Male,8.5, $127.20 
2936,1/20/2015,2235,Canada,Male,9, $149.00 
2937,1/20/2015,2232,United Kingdom,Male,9.5, $132.30 
2938,1/20/2015,2163,Canada,Male,7.5, $169.00 
2939,1/20/2015,2194,Canada,Female,9, $179.00 
2940,1/20/2015,2220,Germany,Male,9.5, $179.00 
2941,1/20/2015,2173,Germany,Male,9.5, $179.00 
2942,1/20/2015,2222,United States,Male,9.5, $159.00 
2943,1/21/2015,2162,United Kingdom,Male,9.5, $125.30 
2944,1/21/2015,2169,United States,Female,6.5, $84.50 
2945,1/21/2015,2207,Germany,Male,9.5, $89.50 
2946,1/21/2015,2148,Germany,Male,9.5, $170.10 
2947,1/21/2015,2183,United States,Male,10, $111.20 
2948,1/21/2015,2147,United States,Male,6.5, $139.30 
2949,1/21/2015,2217,Canada,Female,9, $99.50 
2950,1/21/2015,2202,Germany,Male,10.5, $161.10 
2951,1/21/2015,2221,Germany,Unix,10, $134.10 
2952,1/21/2015,2196,Germany,Male,10, $129.00 
2953,1/21/2015,2226,Germany,Female,8, $89.50 
2954,1/22/2015,2215,Germany,Female,8.5, $169.00 
2955,1/22/2015,2184,Germany,Female,8, $94.50 
2956,1/22/2015,2182,Germany,Female,9, $79.50 
2957,1/22/2015,2175,Germany,Female,8, $189.00 
2958,1/22/2015,2156,Germany,Female,9, $129.00 
2959,1/22/2015,2219,United States,Male,9.5, $143.20 
2960,1/22/2015,2225,Germany,Female,10, $179.00 
2961,1/22/2015,2220,United States,Female,8, $179.00 
2962,1/22/2015,2183,Germany,Male,9.5, $199.00 
2963,1/22/2015,2171,Canada,Female,8, $125.30 
2964,1/22/2015,2202,Germany,Female,8, $179.10 
2965,1/22/2015,2172,United States,Male,9, $139.00 
2966,1/22/2015,2187,United States,Male,10, $94.50 
2967,1/23/2015,2233,Germany,Female,9, $189.00 
2968,1/23/2015,2233,United States,Male,9.5, $179.00 
2969,1/23/2015,2180,Canada,Male,10, $199.00 
2970,1/23/2015,2168,Germany,Female,8, $179.00 
2971,1/23/2015,2173,United States,Male,10.5, $125.30 
2972,1/23/2015,2175,United States,Male,6.5, $139.00 
2973,1/23/2015,2219,United States,Male,9.5, $143.20 
2974,1/23/2015,2162,Germany,Female,10, $199.00 
2975,1/23/2015,2171,United Kingdom,Female,8.5, $199.00 
2976,1/23/2015,2183,Canada,Female,8, $139.30 
2977,1/23/2015,2202,United Kingdom,Female,8.5, $139.00 
2978,1/23/2015,2167,Germany,Male,12, $159.00 
2979,1/23/2015,2222,Germany,Male,9.5, $159.00 
2980,1/23/2015,2225,Germany,Male,8.5, $179.00 
2981,1/24/2015,2181,United States,Female,7, $159.00 
2982,1/24/2015,2232,United Kingdom,Male,9.5, $132.30 
2983,1/24/2015,2214,United Kingdom,Female,10, $94.50 
2984,1/24/2015,2215,Germany,Female,8.5, $159.20 
2985,1/24/2015,2209,Germany,Male,11.5, $129.00 
2986,1/24/2015,2175,United States,Male,10, $199.00 
2987,1/24/2015,2215,United Kingdom,Female,8.5, $97.30 
2988,1/24/2015,2187,United States,Male,8, $149.00 
2989,1/24/2015,2167,Germany,Male,12, $159.00 
2990,1/25/2015,2168,United States,Female,7, $170.10 
2991,1/25/2015,2210,Germany,Female,9, $149.00 
2992,1/25/2015,2217,Germany,Male,9, $119.20 
2993,1/25/2015,2198,United Kingdom,Male,9.5, $103.20 
2994,1/25/2015,2229,United States,Female,8, $143.20 
2995,1/25/2015,2156,United States,Male,11, $111.20 
2996,1/25/2015,2176,United States,Male,9, $169.00 
2997,1/25/2015,2175,Germany,Female,5, $179.00 
2998,1/25/2015,2188,Germany,Male,11.5, $179.00 
2999,1/25/2015,2169,Germany,Male,9.5, $179.00 
3000,1/25/2015,2150,Germany,Male,8, $189.00 
3001,1/26/2015,2240,Canada,,9, $159.00 
3002,1/26/2015,2238,United States,Female,7.5, $199.00 
3003,1/26/2015,2222,Germany,Male,9.5, $159.00 
3004,1/26/2015,2189,United States,Male,10, $129.00 
3005,1/26/2015,2167,Germany,Male,10, $199.00 
3006,1/26/2015,2207,Germany,Male,9.5, $89.50 
3007,1/26/2015,2215,Canada,Female,9, $125.30 
3008,1/26/2015,2183,United States,Female,8, $139.00 
3009,1/26/2015,2240,Germany,Male,10.5, $159.00 
3010,1/26/2015,2222,United States,Male,9.5, $159.00 
3011,1/27/2015,2222,United States,Male,8, $169.00 
3012,1/27/2015,2215,Germany,Female,8.5, $151.20 
3013,1/27/2015,2242,Germany,Male,9, $161.10 
3014,1/27/2015,2209,Germany,Male,11.5, $129.00 
3015,1/27/2015,2207,Canada,Female,9, $189.00 
3016,1/27/2015,2229,Canada,Female,9, $179.00 
3017,1/27/2015,2238,Germany,Male,8.5, $152.10 
3018,1/27/2015,2209,Canada,Female,8, $97.30 
3019,1/27/2015,2172,Germany,Male,9.5, $104.30 
3020,1/28/2015,2187,United States,Male,8, $149.00 
3021,1/28/2015,2185,United States,Female,7, $169.00 
3022,1/28/2015,2149,Germany,Male,10.5, $149.00 
3023,1/28/2015,2162,United States,Male,9, $84.50 
3024,1/28/2015,2217,Germany,Male,9, $119.20 
3025,1/28/2015,2222,Germany,Male,9.5, $159.00 
3026,1/28/2015,2198,United Kingdom,Male,9.5, $103.20 
3027,1/28/2015,2219,Canada,Male,9.5, $125.30 
3028,1/28/2015,2161,Germany,Male,9.5, $134.10 
3029,1/28/2015,2156,Germany,Male,9.5, $69.50 
3030,1/28/2015,2225,Germany,Male,8.5, $179.00 
3031,1/28/2015,2152,Canada,Female,8, $64.50 
3032,1/28/2015,2238,United States,Female,7.5, $199.00 
3033,1/29/2015,2199,United States,Male,9.5, $134.10 
3034,1/29/2015,2156,United States,Male,8.5, $159.00 
3035,1/29/2015,2164,Germany,Male,13, $189.00 
3036,1/29/2015,2161,Germany,Male,9.5, $134.10 
3037,1/29/2015,2190,United Kingdom,Male,9, $179.00 
3038,1/29/2015,2217,United States,Female,10.5, $103.20 
3039,1/30/2015,2214,Canada,Female,9.5, $161.10 
3040,1/30/2015,2211,Canada,Male,10, $84.50 
3041,1/30/2015,2185,Canada,Female,6, $169.00 
3042,1/30/2015,2207,United Kingdom,Male,8, $129.00 
3043,1/30/2015,2222,United States,Female,10.5, $152.10 
3044,1/30/2015,2163,Germany,Female,8.5, $132.30 
3045,1/30/2015,2189,Germany,Male,10, $189.00 
3046,1/30/2015,2192,Germany,Male,10, $159.20 
3047,1/30/2015,2195,Canada,Female,8.5, $179.00 
3048,1/31/2015,2198,Canada,Male,10, $139.00 
3049,1/31/2015,2222,United States,Male,8, $169.00 
3050,1/31/2015,2148,Canada,Male,10.5, $103.20 
3051,1/31/2015,2211,Canada,Unix,10, $84.50 
3052,1/31/2015,2192,Germany,Female,8.5, $149.00 
3053,1/31/2015,2156,Germany,Female,9, $129.00 
3054,1/31/2015,2147,United States,Male,6.5, $139.30 
3055,1/31/2015,2156,United States,Male,11, $111.20 
3056,1/31/2015,2156,Germany,Male,9.5, $69.50 
3057,1/31/2015,2191,United States,Female,7, $104.30 
3058,1/31/2015,2157,Germany,Female,7.5, $139.30 
3059,2/1/2015,2184,Germany,Female,8, $152.10 
3060,2/1/2015,2226,Germany,Male,10, $169.00 
3061,2/1/2015,2197,United States,Female,8, $149.00 
3062,2/1/2015,2158,Germany,Male,8, $143.20 
3063,2/1/2015,2185,Canada,Female,6, $169.00 
3064,2/1/2015,2187,United States,Male,8, $149.00 
3065,2/1/2015,2214,Canada,Female,9.5, $161.10 
3066,2/1/2015,2148,Canada,Male,10.5, $103.20 
3067,2/1/2015,2152,Germany,Female,8.5, $132.30 
3068,2/1/2015,2175,Germany,Female,8.5, $161.10 
3069,2/1/2015,2228,United States,Male,9.5, $189.00 
3070,2/1/2015,2199,United States,Female,8, $90.30 
3071,2/1/2015,2232,Canada,Female,9, $143.20 
3072,2/1/2015,2218,United States,Male,9, $149.00 
3073,2/1/2015,2172,United Kingdom,Female,8.5, $152.10 
3074,2/1/2015,2171,United States,Female,11.5, $104.30 
3075,2/2/2015,2158,Germany,Male,8, $143.20 
3076,2/2/2015,2222,United States,Male,8, $169.00 
3077,2/2/2015,2157,Canada,Female,9, $159.00 
3078,2/2/2015,2228,United States,Male,9.5, $189.00 
3079,2/2/2015,2170,United Kingdom,Female,4.5, $103.20 
3080,2/2/2015,2211,Germany,Male,8.5, $94.50 
3081,2/2/2015,2228,United Kingdom,Female,8.5, $189.00 
3082,2/2/2015,2160,Canada,Male,9, $169.00 
3083,2/2/2015,2171,United States,Male,10.5, $149.00 
3084,2/2/2015,2181,Germany,Male,9.5, $199.00 
3085,2/2/2015,2215,Germany,Male,10, $179.00 
3086,2/2/2015,2207,United States,Female,8, $143.20 
3087,2/2/2015,2172,Canada,Male,9.5, $143.20 
3088,2/3/2015,2238,Germany,Male,8.5, $152.10 
3089,2/3/2015,2233,United States,Male,10, $125.30 
3090,2/3/2015,2205,United States,Female,10, $97.30 
3091,2/3/2015,2191,United States,Female,7, $104.30 
3092,2/3/2015,2221,United States,Female,8, $159.00 
3093,2/3/2015,2165,United States,Male,9.5, $125.30 
3094,2/3/2015,2215,United Kingdom,Female,4.5, $159.00 
3095,2/3/2015,2151,Canada,Male,10, $159.00 
3096,2/3/2015,2214,Germany,Male,9.5, $152.10 
3097,2/3/2015,2237,Canada,Female,9, $94.50 
3098,2/3/2015,2221,Germany,Female,10, $134.10 
3099,2/3/2015,2157,Germany,Male,9.5, $104.30 
3100,2/3/2015,2156,United States,Male,11, $111.20 
3101,2/3/2015,2149,Germany,Unix,, $159.20 
3102,2/3/2015,2215,United Kingdom,Male,11, $125.30 
3103,2/3/2015,2238,United States,Female,7.5, $179.00 
3104,2/3/2015,2186,United States,Female,6.5, $149.00 
3105,2/4/2015,2236,United States,Female,8.5, $64.50 
3106,2/4/2015,2181,United States,Male,9, $159.00 
3107,2/4/2015,2239,Canada,Male,9, $179.10 
3108,2/4/2015,2222,United States,Female,4.5, $169.00 
3109,2/4/2015,2152,Canada,Female,9, $143.20 
3110,2/4/2015,2225,Germany,Female,10, $179.00 
3111,2/4/2015,2211,Germany,Female,7.5, $79.50 
3112,2/4/2015,2154,Germany,Male,11.5, $132.30 
3113,2/4/2015,2157,Germany,Female,9, $129.00 
3114,2/4/2015,2192,Germany,Male,10, $159.20 
3115,2/4/2015,2233,United States,Female,8, $139.30 
3116,2/4/2015,2205,Canada,Male,9, $179.10 
3117,2/5/2015,2230,Canada,Male,12, $129.00 
3118,2/5/2015,2230,United States,Male,11, $179.00 
3119,2/5/2015,2200,Germany,Female,7, $129.00 
3120,2/5/2015,2173,United Kingdom,Female,7.5, $149.00 
3121,2/5/2015,2231,United States,Male,9, $149.00 
3122,2/5/2015,2190,United Kingdom,Male,9, $179.00 
3123,2/6/2015,2205,United States,Female,7, $179.00 
3124,2/6/2015,2190,United States,Female,8, $199.00 
3125,2/6/2015,2175,United States,Male,9.5, $179.00 
3126,2/6/2015,2188,United States,Female,8, $129.00 
3127,2/6/2015,2151,United States,Male,9.5, $149.00 
3128,2/6/2015,2183,United States,Female,7.5, $139.00 
3129,2/6/2015,2168,Germany,Female,7.5, $169.00 
3130,2/6/2015,2172,Canada,Male,9.5, $143.20 
3131,2/7/2015,2207,United States,Female,9.5, $90.30 
3132,2/7/2015,2205,United States,Male,7.5, $152.10 
3133,2/7/2015,2230,Canada,Male,12, $129.00 
3134,2/7/2015,2198,Canada,Male,10, $139.00 
3135,2/7/2015,2200,United States,Female,6.5, $94.50 
3136,2/7/2015,2173,United States,Male,10, $129.00 
3137,2/7/2015,2214,Canada,Female,9.5, $104.30 
3138,2/7/2015,2188,Germany,Male,8, $199.00 
3139,2/7/2015,2227,United States,Female,6, $139.00 
3140,2/7/2015,2199,Germany,Male,10, $159.00 
3141,2/7/2015,2192,Germany,Male,10, $159.20 
3142,2/7/2015,2157,Canada,Male,7.5, $189.00 
3143,2/7/2015,2173,United Kingdom,Female,8.5, $143.20 
3144,2/8/2015,2173,Canada,Female,7.5, $143.10 
3145,2/8/2015,2207,United States,Female,6.5, $103.20 
3146,2/8/2015,2170,United States,Male,10.5, $134.10 
3147,2/8/2015,2200,Germany,Female,9, $94.50 
3148,2/8/2015,2176,Canada,Male,10.5, $199.00 
3149,2/8/2015,2237,United States,Female,7.5, $132.30 
3150,2/8/2015,2173,Canada,Female,9.5, $199.00 
3151,2/8/2015,2223,United States,Unix,6.5, $129.00 
3152,2/8/2015,2169,United States,Female,8, $139.30 
3153,2/8/2015,2213,Canada,Female,7.5, $149.00 
3154,2/8/2015,2188,Germany,Female,8.5, $159.00 
3155,2/8/2015,2151,United States,Male,9.5, $149.00 
3156,2/9/2015,2234,United States,Female,9.5, $139.00 
3157,2/9/2015,2191,United States,Female,11.5, $127.20 
3158,2/9/2015,2188,United States,Male,10.5, $97.30 
3159,2/9/2015,2186,Germany,Male,9.5, $127.20 
3160,2/9/2015,2196,Germany,Male,8, $139.30 
3161,2/9/2015,2190,United States,Female,8, $199.00 
3162,2/9/2015,2218,Canada,Male,10.5, $179.00 
3163,2/9/2015,2203,Canada,Female,9.5, $169.00 
3164,2/9/2015,2209,United States,Female,8, $134.10 
3165,2/9/2015,2154,Canada,Male,9.5, $139.00 
3166,2/9/2015,2190,United States,Female,8, $69.50 
3167,2/9/2015,2198,Canada,Male,8, $179.00 
3168,2/9/2015,2181,United States,Male,9.5, $74.50 
3169,2/10/2015,2218,Canada,Male,12, $104.30 
3170,2/10/2015,2149,Canada,Female,7.5, $159.00 
3171,2/10/2015,2189,United States,Male,10.5, $129.00 
3172,2/10/2015,2186,Germany,Female,7.5, $129.00 
3173,2/10/2015,2227,United States,Female,7.5, $199.00 
3174,2/10/2015,2224,United Kingdom,Female,7.5, $99.50 
3175,2/10/2015,2214,Germany,Male,9.5, $152.10 
3176,2/10/2015,2150,United States,Female,10, $149.00 
3177,2/10/2015,2169,United States,Female,8, $139.30 
3178,2/10/2015,2226,United States,Male,10, $179.00 
3179,2/10/2015,2235,Germany,Male,9.5, $118.30 
3180,2/11/2015,2237,United States,Male,8.5, $139.00 
3181,2/11/2015,2222,Germany,Male,10.5, $119.20 
3182,2/11/2015,2235,Germany,Male,11, $74.50 
3183,2/11/2015,2173,Canada,Male,10.5, $84.50 
3184,2/11/2015,2171,United States,Female,4.5, $139.30 
3185,2/11/2015,2186,Canada,Male,10.5, $90.30 
3186,2/11/2015,2190,United States,Female,8, $69.50 
3187,2/11/2015,2165,Canada,Female,8, $139.00 
3188,2/12/2015,2189,United States,Male,10.5, $129.00 
3189,2/12/2015,2147,Canada,Male,8, $64.50 
3190,2/12/2015,2214,United Kingdom,Male,9.5, $79.50 
3191,2/12/2015,2228,United States,Male,9, $179.00 
3192,2/12/2015,2222,Germany,Male,10.5, $119.20 
3193,2/12/2015,2237,United States,Male,9.5, $159.20 
3194,2/12/2015,2175,Germany,Female,8, $189.00 
3195,2/12/2015,2196,Canada,Female,7.5, $169.00 
3196,2/12/2015,2169,United States,Female,8, $139.30 
3197,2/12/2015,2152,Germany,Female,8.5, $139.00 
3198,2/13/2015,2222,Germany,Female,7.5, $64.50 
3199,2/13/2015,2170,United Kingdom,Female,4.5, $103.20 
3200,2/13/2015,2229,Germany,Male,10, $179.10 
3201,2/13/2015,2235,,Unix,10, $99.50 
3202,2/13/2015,2238,Germany,Male,9, $129.00 
3203,2/13/2015,2181,Germany,Male,9.5, $179.10 
3204,2/13/2015,2201,United States,Male,8, $199.00 
3205,2/13/2015,2229,Germany,Male,8, $90.30 
3206,2/13/2015,2168,Germany,Female,8, $179.00 
3207,2/13/2015,2179,Canada,Female,7.5, $159.00 
3208,2/13/2015,2222,Canada,Female,6, $129.00 
3209,2/13/2015,2240,United States,Male,9.5, $159.20 
3210,2/13/2015,2235,Germany,Male,11, $74.50 
3211,2/14/2015,2155,Canada,Male,12, $199.00 
3212,2/14/2015,2235,Canada,Male,10, $99.50 
3213,2/14/2015,2221,Germany,Female,9, $149.00 
3214,2/14/2015,2233,Germany,Male,11, $159.00 
3215,2/14/2015,2238,Germany,Male,9, $129.00 
3216,2/14/2015,2179,United States,Male,8.5, $139.00 
3217,2/14/2015,2236,Germany,Male,10, $79.50 
3218,2/14/2015,2197,Germany,Female,8.5, $170.10 
3219,2/14/2015,2233,United Kingdom,Male,10.5, $84.50 
3220,2/14/2015,2232,Germany,Male,6.5, $104.30 
3221,2/14/2015,2168,Canada,Female,6, $189.00 
3222,2/14/2015,2167,United States,Male,6.5, $127.20 
3223,2/15/2015,2237,United States,Male,9.5, $159.00 
3224,2/15/2015,2180,Canada,Female,9, $97.30 
3225,2/15/2015,2241,United States,Male,10, $129.00 
3226,2/15/2015,2217,Germany,Male,8.5, $189.00 
3227,2/15/2015,2232,Germany,Male,9.5, $159.00 
3228,2/15/2015,2182,Germany,Male,10, $169.00 
3229,2/15/2015,2226,United States,Male,10, $179.00 
3230,2/15/2015,2216,United Kingdom,Male,8.5, $74.50 
3231,2/15/2015,2150,Germany,Male,11, $189.00 
3232,2/15/2015,2147,Canada,Male,8, $64.50 
3233,2/15/2015,2191,Canada,Male,9.5, $189.00 
3234,2/16/2015,2241,Germany,Male,11, $169.00 
3235,2/16/2015,2209,United Kingdom,Female,8, $149.00 
3236,2/16/2015,2226,Germany,Male,9.5, $149.00 
3237,2/16/2015,2227,United States,Female,5.5, $159.20 
3238,2/16/2015,2179,Germany,Male,10, $189.00 
3239,2/16/2015,2223,Germany,Female,8.5, $90.30 
3240,2/16/2015,2161,United States,Male,8.5, $139.00 
3241,2/16/2015,2161,United States,Female,7.5, $169.00 
3242,2/16/2015,2219,United States,Female,8, $69.50 
3243,2/16/2015,2174,United States,Female,9, $152.10 
3244,2/16/2015,2165,Canada,Female,9, $104.30 
3245,2/16/2015,2177,United States,Female,9, $189.00 
3246,2/17/2015,2181,Germany,Male,9.5, $179.10 
3247,2/17/2015,2188,United States,Male,10.5, $97.30 
3248,2/17/2015,2202,Germany,Male,9, $149.00 
3249,2/17/2015,2158,United States,Female,5.5, $139.00 
3250,2/17/2015,2233,United States,Male,9, $149.00 
3251,2/17/2015,2161,United States,Unix,8.5, $139.00 
3252,2/17/2015,2157,United States,Male,10.5, $118.30 
3253,2/17/2015,2159,United States,Female,6, $143.10 
3254,2/17/2015,2158,United States,Male,10, $179.00 
3255,2/17/2015,2204,United States,Male,10.5, $199.00 
3256,2/18/2015,2215,United Kingdom,Female,7.5, $89.50 
3257,2/18/2015,2223,United States,Male,10, $129.00 
3258,2/18/2015,2175,United Kingdom,Female,8, $139.00 
3259,2/18/2015,2171,United States,Female,8, $170.10 
3260,2/18/2015,2236,Germany,Male,10, $79.50 
3261,2/18/2015,2184,United States,Male,9, $139.00 
3262,2/18/2015,2233,United States,Male,9, $149.00 
3263,2/18/2015,2230,United States,Male,9, $139.00 
3264,2/18/2015,2217,United States,Male,9, $139.30 
3265,2/18/2015,2180,Canada,Male,12, $132.30 
3266,2/18/2015,2225,United States,Female,7.5, $129.00 
3267,2/19/2015,2184,United Kingdom,Female,8, $129.00 
3268,2/19/2015,2216,Canada,Male,6, $111.20 
3269,2/19/2015,2240,United States,Male,9.5, $159.20 
3270,2/19/2015,2199,Canada,Female,8.5, $169.00 
3271,2/19/2015,2181,Germany,Male,9.5, $179.10 
3272,2/19/2015,2167,Germany,Male,12, $139.30 
3273,2/19/2015,2153,United States,Female,7.5, $119.20 
3274,2/19/2015,2235,United States,Male,11.5, $169.00 
3275,2/19/2015,2200,United States,Male,9, $189.00 
3276,2/19/2015,2210,United Kingdom,Male,6.5, $199.00 
3277,2/19/2015,2209,Germany,Male,9.5, $199.00 
3278,2/19/2015,2207,United States,Male,10.5, $179.10 
3279,2/19/2015,2241,Germany,Female,8, $129.00 
3280,2/19/2015,2239,United States,Male,10, $169.00 
3281,2/20/2015,2166,United States,Male,10.5, $129.00 
3282,2/20/2015,2228,Germany,Male,9.5, $139.00 
3283,2/20/2015,2218,United States,Male,11, $97.30 
3284,2/20/2015,2198,United States,Male,11, $139.00 
3285,2/20/2015,2208,Canada,Female,8.5, $161.10 
3286,2/20/2015,2212,Canada,Male,9, $149.00 
3287,2/20/2015,2221,Germany,Female,6, $129.00 
3288,2/20/2015,2151,Germany,Male,9, $111.20 
3289,2/20/2015,2150,United States,Female,8, $169.00 
3290,2/20/2015,2160,United Kingdom,Male,10, $143.10 
3291,2/21/2015,2212,United States,Male,9, $129.00 
3292,2/21/2015,2204,United States,Male,10.5, $199.00 
3293,2/21/2015,2156,Germany,Male,9.5, $179.00 
3294,2/21/2015,2196,Canada,Male,11, $159.00 
3295,2/21/2015,2207,United Kingdom,Female,8, $135.20 
3296,2/21/2015,2242,Germany,Male,10.5, $179.00 
3297,2/21/2015,2233,United States,Male,9.5, $179.00 
3298,2/21/2015,2155,Germany,Male,15, $159.00 
3299,2/21/2015,2154,Germany,Female,8, $94.50 
3300,2/21/2015,2157,Germany,Male,9.5, $104.30 
3301,,2229,Germany,Unix,10, $179.10 
3302,2/21/2015,2226,United States,Male,10, $74.50 
3303,2/21/2015,2210,United Kingdom,Male,6.5, $199.00 
3304,2/22/2015,2175,Germany,Female,8.5, $159.00 
3305,2/22/2015,2221,United States,Male,8.5, $116.10 
3306,2/22/2015,2195,Germany,Male,9, $139.00 
3307,2/22/2015,2158,United States,Male,10, $179.00 
3308,2/22/2015,2161,United States,Female,6.5, $179.00 
3309,2/22/2015,2197,United States,Female,10, $179.00 
3310,2/22/2015,2177,Canada,Female,9.5, $189.00 
3311,2/22/2015,2160,Germany,Male,11, $129.00 
3312,2/22/2015,2216,Canada,Male,9.5, $199.00 
3313,2/22/2015,2160,United States,Male,9, $189.00 
3314,2/22/2015,2201,United Kingdom,Male,11.5, $84.50 
3315,2/22/2015,2160,United States,Male,9.5, $74.50 
3316,2/23/2015,2225,Germany,Female,10.5, $169.00 
3317,2/23/2015,2195,Germany,Male,9.5, $103.20 
3318,2/23/2015,2215,United States,Male,10.5, $159.00 
3319,2/23/2015,2158,United States,Female,6.5, $169.00 
3320,2/23/2015,2235,United States,Male,11.5, $169.00 
3321,2/23/2015,2165,United States,Male,9, $199.00 
3322,2/23/2015,2242,Germany,Male,10.5, $179.00 
3323,2/23/2015,2178,Canada,Male,9, $125.30 
3324,2/24/2015,2160,Germany,Female,8, $179.10 
3325,2/24/2015,2175,Germany,Male,9, $159.00 
3326,2/24/2015,2195,Germany,Male,9.5, $103.20 
3327,2/24/2015,2235,United States,Male,11.5, $169.00 
3328,2/24/2015,2223,United States,Male,10, $129.00 
3329,2/24/2015,2237,United States,Male,9.5, $159.00 
3330,2/24/2015,2198,United States,Male,11, $139.00 
3331,2/24/2015,2202,United Kingdom,Female,10.5, $127.20 
3332,2/24/2015,2234,United States,Male,9, $149.00 
3333,2/25/2015,2147,Canada,Male,8.5, $111.30 
3334,2/25/2015,2189,Germany,Male,9.5, $169.00 
3335,2/25/2015,2161,United States,Female,6.5, $179.00 
3336,2/25/2015,2239,United States,Female,9.5, $199.00 
3337,2/25/2015,2192,Germany,Male,10.5, $139.00 
3338,2/25/2015,2166,United States,Male,10.5, $129.00 
3339,2/26/2015,2150,Canada,Male,8.5, $169.00 
3340,2/26/2015,2199,United States,Female,8, $90.30 
3341,2/26/2015,2147,United States,Female,9.5, $159.00 
3342,2/26/2015,2230,United States,Female,7.5, $139.30 
3343,2/26/2015,2240,Germany,Male,10.5, $159.00 
3344,2/26/2015,2232,Canada,Male,8, $143.10 
3345,2/26/2015,2222,United States,Female,7.5, $179.00 
3346,2/26/2015,2235,United Kingdom,Male,10, $125.10 
3347,2/26/2015,2156,United States,Male,14, $103.20 
3348,2/27/2015,2229,Canada,Female,7, $149.00 
3349,2/27/2015,2213,United States,Male,10, $129.00 
3350,2/27/2015,2172,United States,Female,8, $135.20 
3351,2/27/2015,2229,United States,Unix,8, $143.20 
3352,2/27/2015,2209,Canada,Female,8, $97.30 
3353,2/27/2015,2173,Canada,Female,7.5, $143.10 
3354,2/27/2015,2197,United States,Male,10, $149.00 
3355,2/27/2015,2205,Germany,Female,9, $199.00 
3356,2/27/2015,2151,United States,Male,9.5, $116.10 
3357,2/28/2015,2194,United States,Male,9.5, $125.30 
3358,2/28/2015,2154,United States,Male,14, $129.00 
3359,2/28/2015,2180,Canada,Male,12, $132.30 
3360,2/28/2015,2158,Germany,Female,8, $125.30 
3361,2/28/2015,2212,Germany,Male,8, $152.10 
3362,2/28/2015,2167,United Kingdom,Female,8.5, $135.20 
3363,2/28/2015,2215,Canada,Female,7.5, $139.00 
3364,2/28/2015,2198,Germany,Male,11.5, $111.20 
3365,2/28/2015,2189,Germany,Female,9, $179.00 
3366,2/28/2015,2216,Canada,Male,9.5, $199.00 
3367,3/1/2015,2207,United Kingdom,Female,8, $135.20 
3368,3/1/2015,2172,United States,Male,10, $79.50 
3369,3/1/2015,2200,Germany,Female,7.5, $149.00 
3370,3/1/2015,2171,Canada,Female,8, $125.30 
3371,3/1/2015,2165,Germany,Female,8.5, $149.00 
3372,3/1/2015,2188,United States,Male,8.5, $169.00 
3373,3/1/2015,2169,United States,Female,10, $118.30 
3374,3/1/2015,2214,United Kingdom,Male,9.5, $79.50 
3375,3/1/2015,2159,United States,Female,7.5, $199.00 
3376,3/2/2015,2160,Germany,Male,11, $129.00 
3377,3/2/2015,2217,United Kingdom,Male,9, $104.30 
3378,3/2/2015,2194,United Kingdom,Female,7.5, $199.00 
3379,3/2/2015,2222,Germany,Male,10.5, $132.30 
3380,3/2/2015,2167,United States,Female,6.5, $79.50 
3381,3/2/2015,2164,United States,Female,7, $151.20 
3382,3/2/2015,2210,Germany,Female,8.5, $129.00 
3383,3/2/2015,2152,Canada,Male,9, $159.00 
3384,3/2/2015,2161,Germany,Male,8, $179.00 
3385,3/3/2015,2241,Germany,Female,8, $129.00 
3386,3/3/2015,2201,United States,Female,10.5, $179.00 
3387,3/3/2015,2186,Germany,Male,8.5, $159.00 
3388,3/3/2015,2167,United Kingdom,Female,8.5, $135.20 
3389,3/3/2015,2169,United States,Female,7, $169.00 
3390,3/3/2015,2205,Canada,Male,10, $159.00 
3391,3/3/2015,2148,United Kingdom,Female,10, $90.30 
3392,3/3/2015,2155,United States,Female,7.5, $199.00 
3393,3/3/2015,2239,United States,Male,9, $179.00 
3394,3/4/2015,2223,United States,Male,10.5, $159.00 
3395,3/4/2015,2227,Germany,Male,10, $159.00 
3396,3/4/2015,2222,Germany,Male,10, $159.00 
3397,3/4/2015,2226,United States,Male,10.5, $179.00 
3398,3/4/2015,2191,United States,Male,10.5, $179.10 
3399,3/4/2015,2174,Germany,Male,10.5, $189.00 
3400,3/4/2015,2160,Canada,Male,11.5, $151.20 
3401,3/4/2015,2158,Germany,Unix,10.5, $149.00 
3402,3/4/2015,2177,United States,Female,9.5, $125.30 
3403,3/4/2015,2175,Germany,Female,9, $116.10 
3404,3/4/2015,2150,Canada,Male,8.5, $169.00 
3405,3/4/2015,2157,Canada,Female,9, $159.00 
3406,3/5/2015,2212,United States,Female,6.5, $129.00 
3407,3/5/2015,2180,Canada,Male,10.5, $149.00 
3408,3/5/2015,2158,Germany,Female,8, $125.30 
3409,3/5/2015,2173,United States,Male,9.5, $179.00 
3410,3/5/2015,2241,Germany,Male,8.5, $179.10 
3411,3/5/2015,2202,Germany,Male,14, $159.20 
3412,3/5/2015,2152,Canada,Male,9, $159.00 
3413,3/6/2015,2178,Germany,Male,8, $159.00 
3414,3/6/2015,2241,Canada,Male,10.5, $90.30 
3415,3/6/2015,2220,Germany,Female,10, $129.00 
3416,3/6/2015,2204,Canada,Female,9, $139.00 
3417,3/6/2015,2180,United States,Female,7.5, $135.20 
3418,3/6/2015,2148,Germany,Male,8, $149.00 
3419,3/6/2015,2209,United States,Male,9.5, $139.00 
3420,3/7/2015,2226,United States,Male,10, $199.00 
3421,3/7/2015,2180,Canada,Male,10.5, $149.00 
3422,3/7/2015,2154,Germany,Male,10, $199.00 
3423,3/7/2015,2215,Germany,Female,7.5, $90.30 
3424,3/7/2015,2182,Germany,Male,10.5, $134.10 
3425,3/7/2015,2224,Germany,Male,11, $189.00 
3426,3/7/2015,2156,Germany,Male,10, $169.00 
3427,3/7/2015,2197,United States,Female,10, $111.30 
3428,3/7/2015,2157,Germany,Male,10.5, $116.10 
3429,3/7/2015,2201,Canada,Female,9, $199.00 
3430,3/7/2015,2213,Germany,Male,10.5, $69.50 
3431,3/7/2015,2231,United States,Female,7.5, $199.00 
3432,3/8/2015,2209,Germany,Female,7.5, $169.00 
3433,3/8/2015,2158,Germany,Female,7.5, $129.00 
3434,3/8/2015,2218,Germany,Female,7.5, $97.30 
3435,3/8/2015,2225,United Kingdom,Female,7.5, $152.10 
3436,3/8/2015,2242,Canada,Male,10, $199.00 
3437,3/8/2015,2155,United Kingdom,Male,9.5, $189.00 
3438,3/8/2015,2220,Canada,Male,8.5, $179.00 
3439,3/8/2015,2223,Germany,Female,8, $119.20 
3440,3/8/2015,2211,Germany,Male,9.5, $159.00 
3441,3/8/2015,2228,United States,Female,7.5, $111.30 
3442,3/8/2015,2224,United States,Female,7.5, $159.00 
3443,3/8/2015,2222,United States,Male,11, $97.30 
3444,3/8/2015,2212,United States,Male,11.5, $111.20 
3445,3/8/2015,2167,Germany,Male,12, $127.20 
3446,3/9/2015,2210,Germany,Male,10.5, $199.00 
3447,3/9/2015,2210,Germany,Female,9.5, $94.50 
3448,3/9/2015,2212,United States,Male,9.5, $149.00 
3449,3/9/2015,2187,United States,Male,9, $199.00 
3450,3/9/2015,2196,United States,Female,10, $199.00 
3451,3/9/2015,2155,United States,Unix,7.5, $199.00 
3452,3/9/2015,2200,Germany,Female,7.5, $149.00 
3453,3/9/2015,2176,Germany,Female,8, $179.10 
3454,3/9/2015,2170,Germany,Male,11.5, $169.00 
3455,3/9/2015,2238,United Kingdom,Female,7.5, $111.20 
3456,3/9/2015,2198,Germany,Male,7, $169.00 
3457,3/9/2015,2152,United States,Male,9.5, $199.00 
3458,3/9/2015,2167,United States,Male,10, $199.00 
3459,3/9/2015,2154,United States,Male,11, $189.00 
3460,3/9/2015,2154,Germany,Female,9, $139.00 
3461,3/9/2015,2207,United States,Male,9.5, $116.10 
3462,3/9/2015,2180,Germany,Female,10.5, $159.20 
3463,3/9/2015,2218,United States,Female,7.5, $129.00 
3464,3/9/2015,2148,Germany,Female,8.5, $99.50 
3465,3/9/2015,2236,Germany,Female,10.5, $149.00 
3466,3/10/2015,2232,Canada,Female,10.5, $169.00 
3467,3/10/2015,2196,United States,Female,10, $199.00 
3468,3/10/2015,2191,United States,Female,8.5, $149.00 
3469,3/10/2015,2158,Germany,Male,10.5, $149.00 
3470,3/10/2015,2223,Germany,Male,9.5, $152.10 
3471,3/10/2015,2193,Germany,Male,10.5, $129.00 
3472,3/10/2015,2219,United States,Male,11.5, $134.10 
3473,3/10/2015,2189,United States,Male,10, $111.20 
3474,3/10/2015,2171,United Kingdom,Female,8.5, $199.00 
3475,3/10/2015,2187,Germany,Female,8.5, $199.00 
3476,3/10/2015,2214,United States,Female,7.5, $179.00 
3477,3/10/2015,2239,United States,Male,9, $179.00 
3478,3/10/2015,2198,Germany,Male,10.5, $189.00 
3479,3/10/2015,2200,Germany,Female,10.5, $134.10 
3480,3/10/2015,2195,Germany,Female,9, $111.20 
3481,3/11/2015,2241,Canada,Female,8.5, $179.00 
3482,3/11/2015,2166,United States,Female,9, $159.00 
3483,3/11/2015,2173,United States,Female,9.5, $199.00 
3484,3/11/2015,2168,United States,Male,11, $139.00 
3485,3/11/2015,2195,United States,Male,14, $129.00 
3486,3/11/2015,2151,Germany,Male,11, $129.00 
3487,3/11/2015,2202,Germany,Male,14, $159.20 
3488,3/11/2015,2193,Germany,Male,10.5, $129.00 
3489,3/11/2015,2149,United States,Male,9, $169.00 
3490,3/11/2015,2177,United States,Female,9.5, $125.30 
3491,3/11/2015,2201,United States,Male,9.5, $179.10 
3492,3/11/2015,2211,United States,Male,9.5, $125.10 
3493,3/11/2015,2151,United States,Male,9.5, $116.10 
3494,3/11/2015,2204,Canada,Female,10, $159.00 
3495,3/11/2015,2180,United States,Female,7.5, $135.20 
3496,3/11/2015,2232,Canada,Male,8.5, $135.20 
3497,3/11/2015,2154,Germany,Female,9, $169.00 
3498,3/12/2015,2175,Canada,Female,9.5, $135.20 
3499,3/12/2015,2222,United States,Male,10, $139.00 
3500,3/12/2015,2211,Germany,Male,9.5, $179.00 
3501,3/12/2015,2218,United States,,8.5, $89.50 
3502,3/12/2015,2215,Germany,Female,8.5, $169.00 
3503,3/12/2015,2197,Canada,Female,10, $84.50 
3504,3/13/2015,2187,Canada,Male,11, $169.00 
3505,3/13/2015,2157,Canada,Male,9, $179.00 
3506,3/13/2015,2214,Canada,Female,9.5, $111.30 
3507,3/13/2015,2168,Germany,Female,8, $179.00 
3508,3/13/2015,2167,United States,Male,10, $199.00 
3509,3/13/2015,2192,United States,Male,9.5, $199.00 
3510,3/13/2015,2237,Germany,Male,11.5, $111.20 
3511,3/13/2015,2200,Germany,Male,10.5, $199.00 
3512,3/13/2015,2190,Canada,Male,6.5, $199.00 
3513,3/14/2015,2206,Canada,Male,9.5, $125.10 
3514,3/14/2015,2217,Canada,Female,9.5, $199.00 
3515,3/14/2015,2178,United States,Female,9.5, $134.10 
3516,3/14/2015,2189,United States,Male,10, $111.20 
3517,3/14/2015,2208,Germany,Male,9, $116.10 
3518,3/14/2015,2205,Germany,Female,9, $199.00 
3519,3/14/2015,2168,Canada,Male,10, $139.00 
3520,3/14/2015,2202,United States,Male,7.5, $99.50 
3521,3/14/2015,2234,Germany,Male,10, $179.00 
3522,3/14/2015,2193,Germany,Male,8.5, $111.30 
3523,3/15/2015,2170,Germany,Male,11.5, $169.00 
3524,3/15/2015,2149,United Kingdom,Female,8, $134.10 
3525,3/15/2015,2241,Germany,Female,8, $129.00 
3526,3/15/2015,2167,Germany,Male,12, $127.20 
3527,3/15/2015,2189,Germany,Female,9, $179.00 
3528,3/15/2015,2215,Germany,Male,10, $179.00 
3529,3/15/2015,2183,Germany,Male,9.5, $139.00 
3530,3/15/2015,2182,Germany,Female,9, $99.50 
3531,3/15/2015,2149,United States,Male,9, $169.00 
3532,3/15/2015,2213,Canada,Male,14, $119.20 
3533,3/15/2015,2173,United States,Female,8, $119.20 
3534,3/15/2015,2152,United States,Male,9.5, $199.00 
3535,3/16/2015,2241,Canada,Male,9, $199.00 
3536,3/16/2015,2237,Germany,Male,11.5, $111.20 
3537,3/16/2015,2224,United Kingdom,Female,7.5, $159.20 
3538,3/16/2015,2200,Germany,Female,7, $170.10 
3539,3/16/2015,2219,Germany,Male,9.5, $159.00 
3540,3/16/2015,2238,United States,Female,7.5, $179.00 
3541,3/16/2015,2150,Germany,Female,9.5, $111.20 
3542,3/16/2015,2205,United Kingdom,Male,9.5, $159.20 
3543,3/17/2015,2147,Canada,Male,9.5, $139.30 
3544,3/17/2015,2149,United States,Male,9.5, $134.10 
3545,3/17/2015,2208,Germany,Male,9, $116.10 
3546,3/17/2015,2205,Germany,Female,7, $199.00 
3547,3/17/2015,2187,Germany,Male,8, $169.00 
3548,3/17/2015,2158,Germany,Male,9.5, $69.50 
3549,3/17/2015,2185,Canada,Female,10.5, $127.20 
3550,3/17/2015,2160,Germany,Female,8, $179.10 
3551,3/17/2015,2199,Germany,Unix,9, $94.50 
3552,3/17/2015,2236,Germany,Male,11.5, $169.00 
3553,3/17/2015,2188,United Kingdom,Male,10.5, $189.00 
3554,3/17/2015,2193,Germany,Male,9, $159.20 
3555,3/18/2015,2176,Germany,Male,8, $139.00 
3556,3/18/2015,2210,United States,Female,9, $189.00 
3557,3/18/2015,2218,Germany,Female,8.5, $111.30 
3558,3/18/2015,2217,Canada,Female,9, $99.50 
3559,3/18/2015,2242,United States,Female,8, $189.00 
3560,3/18/2015,2224,Germany,Female,7, $152.10 
3561,3/18/2015,2189,Germany,Male,11, $179.00 
3562,3/18/2015,2150,Canada,Male,9, $139.00 
3563,3/18/2015,2215,Germany,Male,10, $179.00 
3564,3/18/2015,2189,United States,Male,10.5, $179.10 
3565,3/18/2015,2225,United Kingdom,Male,10.5, $127.20 
3566,3/18/2015,2241,Canada,Male,9, $199.00 
3567,3/18/2015,2188,United Kingdom,Female,7.5, $170.10 
3568,3/18/2015,2231,Germany,Female,9.5, $199.00 
3569,3/18/2015,2191,United States,Female,8, $99.50 
3570,3/19/2015,2177,United States,Male,10, $64.50 
3571,3/19/2015,2223,United States,Male,9.5, $149.00 
3572,3/19/2015,2220,United States,Female,8, $179.00 
3573,3/19/2015,2201,United States,Male,9.5, $179.10 
3574,3/19/2015,2148,United States,Male,9, $125.10 
3575,3/19/2015,2183,United States,Male,13, $97.30 
3576,3/19/2015,2168,Canada,Male,10, $139.00 
3577,3/19/2015,2205,United Kingdom,Male,9.5, $159.20 
3578,3/19/2015,2233,United Kingdom,Female,7.5, $64.50 
3579,3/19/2015,2236,United States,Male,10.5, $149.00 
3580,3/19/2015,2188,Germany,Female,9.5, $189.00 
3581,3/20/2015,2226,United States,Male,10.5, $139.30 
3582,3/20/2015,2155,Canada,Male,9, $159.00 
3583,3/20/2015,2196,Canada,Male,11, $159.00 
3584,3/20/2015,2225,Germany,Male,9.5, $149.00 
3585,3/21/2015,2226,United States,Male,10.5, $139.30 
3586,3/21/2015,2163,United States,Female,6.5, $99.50 
3587,3/21/2015,2184,Canada,Male,9.5, $159.00 
3588,3/21/2015,2231,United Kingdom,Female,8.5, $169.00 
3589,3/21/2015,2236,United States,Male,8.5, $169.00 
3590,3/21/2015,2185,Canada,Male,8.5, $169.00 
3591,3/21/2015,2181,United States,Male,8, $97.30 
3592,3/21/2015,2166,United States,Female,8, $179.00 
3593,3/22/2015,2205,United Kingdom,Male,9.5, $159.20 
3594,3/22/2015,2238,United Kingdom,Male,7, $125.30 
3595,3/22/2015,2203,Germany,Male,11.5, $139.00 
3596,3/22/2015,2203,Canada,Female,9.5, $169.00 
3597,3/22/2015,2226,United States,Male,9.5, $119.20 
3598,3/22/2015,2203,Germany,Male,11, $159.00 
3599,3/22/2015,2149,United States,Male,9.5, $134.10 
3600,3/22/2015,2172,United States,Male,11, $139.00 
3601,3/22/2015,2154,Germany,Unix,, $125.30 
3602,3/22/2015,2211,Germany,Male,10.5, $89.50 
3603,3/22/2015,2231,United Kingdom,Female,8.5, $169.00 
3604,3/22/2015,2236,United States,Male,10.5, $149.00 
3605,3/22/2015,2222,Canada,Female,10.5, $199.00 
3606,3/22/2015,2227,United States,Female,8, $149.00 
3607,3/22/2015,2158,Germany,Male,9.5, $69.50 
3608,3/22/2015,2198,United States,Female,8, $129.00 
3609,3/23/2015,2193,Germany,Male,9, $159.20 
3610,3/23/2015,2208,United States,Female,8, $129.00 
3611,3/23/2015,2211,Germany,Male,10, $139.00 
3612,3/23/2015,2184,Canada,Male,9.5, $159.00 
3613,3/23/2015,2206,Germany,Male,10.5, $97.30 
3614,3/23/2015,2173,United States,Male,7.5, $129.00 
3615,3/23/2015,2168,United States,Female,7.5, $170.10 
3616,3/23/2015,2176,United States,Female,8, $129.00 
3617,3/23/2015,2206,Germany,Female,8.5, $97.30 
3618,3/23/2015,2201,Germany,Male,11, $152.10 
3619,3/24/2015,2203,Germany,Male,11, $159.00 
3620,3/24/2015,2203,Germany,Male,11.5, $139.00 
3621,3/24/2015,2221,United States,Male,9.5, $199.00 
3622,3/24/2015,2220,Canada,Male,8, $169.00 
3623,3/24/2015,2236,Germany,Male,11.5, $169.00 
3624,3/24/2015,2226,United States,Male,9.5, $119.20 
3625,3/24/2015,2166,Canada,Female,10.5, $64.50 
3626,3/24/2015,2148,Germany,Male,8, $149.00 
3627,3/24/2015,2207,United States,Female,8, $179.10 
3628,3/24/2015,2214,United States,Female,7.5, $179.00 
3629,3/24/2015,2189,United States,Female,8, $139.00 
3630,3/24/2015,2173,United States,Female,7.5, $79.50 
3631,3/24/2015,2185,Germany,Male,6.5, $159.20 
3632,3/24/2015,2169,Canada,Female,8, $118.30 
3633,3/25/2015,2211,Germany,Male,10, $139.00 
3634,3/25/2015,2225,United Kingdom,Male,11, $149.00 
3635,3/25/2015,2216,United States,Female,8.5, $179.10 
3636,3/25/2015,2214,United States,Female,6.5, $149.00 
3637,3/25/2015,2176,Canada,Male,9, $116.10 
3638,3/25/2015,2199,Germany,Female,8.5, $199.00 
3639,3/25/2015,2231,United States,Female,7.5, $199.00 
3640,3/25/2015,2215,United Kingdom,Female,4.5, $159.00 
3641,3/25/2015,2150,United States,Female,8, $169.00 
3642,3/25/2015,2167,Germany,Male,10, $159.00 
3643,3/26/2015,2205,Canada,Female,10.5, $169.00 
3644,3/26/2015,2228,United States,Female,9, $125.30 
3645,3/26/2015,2226,Canada,Male,12, $103.20 
3646,3/26/2015,2165,United Kingdom,Male,8.5, $179.00 
3647,3/26/2015,2185,Canada,Male,8.5, $169.00 
3648,3/26/2015,2239,United States,Male,9.5, $159.00 
3649,3/26/2015,2238,Canada,Female,8.5, $118.30 
3650,3/26/2015,2212,United States,Female,8, $149.00 
3651,3/26/2015,2200,Germany,Unix,7, $170.10 
3652,3/26/2015,2232,United States,Female,9, $199.00 
3653,3/27/2015,2151,Canada,Male,13, $69.50 
3654,3/27/2015,2179,Canada,Female,8.5, $169.00 
3655,3/27/2015,2158,Canada,Male,9.5, $143.10 
3656,3/27/2015,2166,Germany,Male,10.5, $74.50 
3657,3/27/2015,2206,Germany,Male,10.5, $97.30 
3658,3/27/2015,2163,United States,Male,10, $139.00 
3659,3/28/2015,2173,United States,Female,7.5, $79.50 
3660,3/28/2015,2237,Germany,Female,8.5, $159.00 
3661,3/28/2015,2150,Canada,Male,9, $139.00 
3662,3/28/2015,2205,United States,Female,7.5, $119.20 
3663,3/28/2015,2223,United States,Male,9.5, $129.00 
3664,3/28/2015,2184,United States,Female,9, $127.20 
3665,3/29/2015,2240,United States,Male,10, $179.00 
3666,3/29/2015,2180,United States,Male,9.5, $69.50 
3667,3/29/2015,2225,Germany,Male,9.5, $149.00 
3668,3/29/2015,2187,United States,Female,7.5, $74.50 
3669,3/29/2015,2179,United States,Female,9.5, $179.00 
3670,3/30/2015,2213,United States,Male,8.5, $169.00 
3671,3/30/2015,2173,United States,Male,10, $129.00 
3672,3/30/2015,2234,United States,Male,9.5, $79.50 
3673,3/30/2015,2224,United States,Male,9, $129.00 
3674,3/30/2015,2238,United Kingdom,Female,8, $139.00 
3675,3/30/2015,2196,Germany,Female,8, $159.20 
3676,3/30/2015,2164,United States,Female,8.5, $199.00 
3677,3/30/2015,2204,Canada,Male,9, $199.00 
3678,3/30/2015,2163,United States,Male,10, $139.00 
3679,3/30/2015,2221,United States,Male,9.5, $199.00 
3680,3/30/2015,2181,Germany,Male,11, $69.50 
3681,3/30/2015,2207,United States,Male,10, $139.30 
3682,3/30/2015,2167,Germany,Female,6.5, $94.50 
3683,3/30/2015,2183,United Kingdom,Male,10, $189.00 
3684,3/31/2015,2166,Germany,Male,10.5, $74.50 
3685,3/31/2015,2234,United States,Female,9.5, $159.00 
3686,3/31/2015,2157,Canada,Female,9, $159.00 
3687,3/31/2015,2220,United States,Male,9.5, $149.00 
3688,3/31/2015,2217,Canada,Male,9, $199.00 
3689,3/31/2015,2238,United Kingdom,Female,8, $139.00 
3690,3/31/2015,2203,Germany,Female,8, $64.50 
3691,3/31/2015,2205,Germany,Male,10.5, $94.50 
3692,3/31/2015,2204,Germany,Female,9.5, $139.00 
3693,3/31/2015,2231,Canada,Male,9, $169.00 
3694,3/31/2015,2183,United States,Female,9, $139.00 
3695,4/1/2015,2236,Germany,Female,8, $199.00 
3696,4/1/2015,2190,United States,Male,9, $129.00 
3697,4/1/2015,2148,Canada,Female,10.5, $139.00 
3698,4/1/2015,2188,Germany,Male,8, $199.00 
3699,4/1/2015,2156,Canada,Male,9.5, $149.00 
3700,4/1/2015,2203,United States,Female,6, $149.00 
3701,4/1/2015,2159,,Unix,9, $169.00 
3702,4/1/2015,2215,United States,Male,10.5, $199.00 
3703,4/1/2015,2167,Germany,Male,10, $159.00 
3704,4/1/2015,2185,Canada,Male,8.5, $169.00 
3705,4/1/2015,2204,Canada,Female,9, $139.00 
3706,4/2/2015,2220,Canada,Male,9.5, $169.00 
3707,4/2/2015,2221,United Kingdom,Female,6.5, $127.20 
3708,4/2/2015,2237,United Kingdom,Female,9.5, $161.10 
3709,4/2/2015,2196,Germany,Female,8, $84.50 
3710,4/2/2015,2190,United States,Female,9.5, $118.30 
3711,4/2/2015,2236,Germany,Male,9.5, $118.30 
3712,4/2/2015,2148,Canada,Female,10.5, $139.00 
3713,4/2/2015,2181,Germany,Male,11, $69.50 
3714,4/2/2015,2189,United States,Male,10, $129.00 
3715,4/2/2015,2150,United Kingdom,Female,6.5, $179.00 
3716,4/2/2015,2190,Canada,Female,8.5, $97.30 
3717,4/2/2015,2221,Canada,Male,9, $199.00 
3718,4/3/2015,2221,United Kingdom,Female,6.5, $127.20 
3719,4/3/2015,2222,United States,Male,11, $129.00 
3720,4/3/2015,2239,United Kingdom,Female,9.5, $199.00 
3721,4/3/2015,2169,Germany,Male,9, $134.10 
3722,4/3/2015,2179,Germany,Male,10.5, $189.00 
3723,4/3/2015,2202,Canada,Male,10.5, $143.20 
3724,4/3/2015,2191,Canada,Male,9.5, $199.00 
3725,4/3/2015,2185,United Kingdom,Male,9, $104.30 
3726,4/3/2015,2237,Canada,Female,9.5, $90.30 
3727,4/4/2015,2195,United States,Male,12, $152.10 
3728,4/4/2015,2177,United States,Male,10, $159.20 
3729,4/4/2015,2234,Canada,Male,9, $149.00 
3730,4/4/2015,2239,United States,Female,8.5, $139.00 
3731,4/4/2015,2231,United Kingdom,Female,9.5, $199.00 
3732,4/4/2015,2151,Germany,Male,10.5, $139.00 
3733,4/4/2015,2216,Germany,Female,10, $89.50 
3734,4/4/2015,2228,Canada,Female,6, $135.20 
3735,4/4/2015,2180,Canada,Male,10.5, $149.00 
3736,4/4/2015,2238,Canada,Female,8.5, $118.30 
3737,4/5/2015,2232,United States,Female,9, $199.00 
3738,4/5/2015,2177,United States,Male,10, $129.00 
3739,4/5/2015,2214,United States,Female,8.5, $149.00 
3740,4/5/2015,2193,United States,Male,10.5, $118.30 
3741,4/5/2015,2158,United Kingdom,Male,10, $169.00 
3742,4/5/2015,2184,United States,Male,9, $139.00 
3743,4/5/2015,2150,Germany,Female,9, $179.00 
3744,4/5/2015,2149,United States,Female,7.5, $179.00 
3745,4/5/2015,2211,Germany,Female,6.5, $129.00 
3746,4/5/2015,2218,Canada,Female,6, $179.00 
3747,4/5/2015,2181,United Kingdom,Male,11, $151.20 
3748,4/6/2015,2201,United States,Female,10.5, $179.00 
3749,4/6/2015,2148,United States,Female,9.5, $103.20 
3750,4/6/2015,2225,United Kingdom,Male,11, $149.00 
3751,4/6/2015,2183,United States,Unix,10, $169.00 
3752,4/6/2015,2230,Canada,Female,10.5, $169.00 
3753,4/6/2015,2214,United States,Male,10, $139.00 
3754,4/6/2015,2185,United Kingdom,Male,9, $104.30 
3755,4/6/2015,2226,United States,Female,10, $103.20 
3756,4/6/2015,2202,Canada,Male,9.5, $111.20 
3757,4/6/2015,2198,United States,Male,9.5, $199.00 
3758,4/6/2015,2179,Germany,Male,10.5, $189.00 
3759,4/6/2015,2178,United States,Female,8, $125.30 
3760,4/6/2015,2182,Germany,Female,9, $99.50 
3761,4/6/2015,2167,United States,Female,6.5, $79.50 
3762,4/6/2015,2214,Germany,Male,8.5, $169.00 
3763,4/7/2015,2159,Canada,Male,9.5, $84.50 
3764,4/7/2015,2178,United States,Female,9.5, $134.10 
3765,4/7/2015,2238,United States,Female,10.5, $179.00 
3766,4/7/2015,2212,Canada,Male,9, $129.00 
3767,4/7/2015,2223,United States,Male,9.5, $129.00 
3768,4/7/2015,2240,Germany,Female,9, $159.00 
3769,4/7/2015,2158,Germany,Male,10.5, $104.30 
3770,4/7/2015,2150,United States,Female,10, $149.00 
3771,4/7/2015,2177,United States,Male,11, $99.50 
3772,4/7/2015,2196,United States,Male,9, $169.00 
3773,4/7/2015,2213,Canada,Male,8.5, $84.50 
3774,4/7/2015,2212,United Kingdom,Male,9, $125.10 
3775,4/7/2015,2230,Canada,Female,10.5, $169.00 
3776,4/7/2015,2219,Germany,Male,10.5, $149.00 
3777,4/8/2015,2198,Germany,Male,8.5, $159.00 
3778,4/8/2015,2239,United States,Male,10, $116.10 
3779,4/8/2015,2160,United States,Male,9.5, $169.00 
3780,4/8/2015,2196,United States,Male,9, $169.00 
3781,4/8/2015,2206,United Kingdom,Male,9.5, $143.20 
3782,4/8/2015,2175,Germany,Male,10.5, $69.50 
3783,4/8/2015,2162,United States,Male,11, $143.20 
3784,4/8/2015,2210,United States,Female,5.5, $64.50 
3785,4/9/2015,2201,Germany,Female,8, $189.00 
3786,4/9/2015,2192,Germany,Male,10.5, $189.00 
3787,4/9/2015,2200,United Kingdom,Male,9.5, $84.50 
3788,4/9/2015,2181,Canada,Male,9, $189.00 
3789,4/9/2015,2195,Canada,Female,9.5, $199.00 
3790,4/9/2015,2205,United States,Male,9.5, $119.20 
3791,4/9/2015,2242,United States,Female,8, $189.00 
3792,4/9/2015,2239,United States,Male,9, $179.00 
3793,4/9/2015,2160,United States,Male,9.5, $169.00 
3794,4/9/2015,2177,United States,Male,11, $99.50 
3795,4/9/2015,2181,Canada,Male,9, $118.30 
3796,4/9/2015,2163,United States,Male,10, $111.30 
3797,4/9/2015,2191,Germany,Male,10, $135.20 
3798,4/10/2015,2201,Germany,Female,8, $189.00 
3799,4/10/2015,2202,Canada,Male,9.5, $111.20 
3800,4/10/2015,2178,Canada,Female,9, $199.00 
3801,,2205,United States,Unix,10.5, $143.10 
3802,4/10/2015,2159,United Kingdom,Male,9.5, $199.00 
3803,4/10/2015,2168,Canada,Male,9, $139.00 
3804,4/10/2015,2209,Canada,Male,10.5, $103.20 
3805,4/10/2015,2213,United States,Female,7.5, $90.30 
3806,4/10/2015,2180,Canada,Male,8, $84.50 
3807,4/11/2015,2194,Germany,Female,8.5, $118.30 
3808,4/11/2015,2219,Germany,Male,10.5, $149.00 
3809,4/11/2015,2213,Canada,Male,8.5, $84.50 
3810,4/11/2015,2205,United States,Male,10.5, $143.10 
3811,4/11/2015,2205,United Kingdom,Female,6.5, $159.00 
3812,4/11/2015,2197,Germany,Male,8.5, $125.10 
3813,4/11/2015,2214,Canada,Male,10, $143.20 
3814,4/11/2015,2168,United States,Female,6, $116.10 
3815,4/11/2015,2180,Germany,Female,8.5, $139.00 
3816,4/11/2015,2230,United States,Male,11, $139.00 
3817,4/11/2015,2207,United Kingdom,Female,8, $169.00 
3818,4/11/2015,2181,Canada,Male,9, $118.30 
3819,4/11/2015,2184,Germany,Male,9, $89.50 
3820,4/11/2015,2168,Canada,Male,10.5, $90.30 
3821,4/12/2015,2163,United States,Male,10, $111.30 
3822,4/12/2015,2149,Germany,Male,10, $129.00 
3823,4/12/2015,2235,United Kingdom,Male,10, $149.00 
3824,4/12/2015,2209,Canada,Male,10.5, $103.20 
3825,4/12/2015,2181,Canada,Male,9, $189.00 
3826,4/12/2015,2235,Germany,Male,12, $89.50 
3827,4/12/2015,2218,United States,Female,8.5, $134.10 
3828,4/12/2015,2155,Canada,Female,9, $64.50 
3829,4/12/2015,2232,United Kingdom,Female,9, $179.00 
3830,4/12/2015,2218,United States,Male,11.5, $169.00 
3831,4/12/2015,2191,Germany,Female,8.5, $169.00 
3832,4/12/2015,2155,United States,Male,9.5, $179.00 
3833,4/12/2015,2168,Canada,Male,9, $139.00 
3834,4/12/2015,2218,Germany,Female,7, $169.00 
3835,4/13/2015,2213,United States,Male,10, $169.00 
3836,4/13/2015,2148,United States,Male,10, $169.00 
3837,4/13/2015,2181,Canada,Male,9, $118.30 
3838,4/13/2015,2202,Canada,Male,9.5, $111.20 
3839,4/13/2015,2176,Germany,Male,9.5, $139.00 
3840,4/13/2015,2190,Canada,Male,6.5, $199.00 
3841,4/13/2015,2201,Canada,Male,11.5, $159.00 
3842,4/13/2015,2168,United States,Female,7.5, $170.10 
3843,4/13/2015,2159,United States,Male,10.5, $129.00 
3844,4/13/2015,2220,United States,Female,8.5, $179.00 
3845,4/13/2015,2176,Canada,Male,9, $127.20 
3846,4/13/2015,2174,Canada,Male,9.5, $159.00 
3847,4/13/2015,2184,Germany,Male,9, $89.50 
3848,4/13/2015,2224,Germany,Female,8.5, $118.30 
3849,4/13/2015,2203,Canada,Male,9, $161.10 
3850,4/13/2015,2193,Germany,Female,9.5, $129.00 
3851,4/13/2015,2205,United Kingdom,Unix,6.5, $159.00 
3852,4/14/2015,2183,United States,Female,9, $69.50 
3853,4/14/2015,2196,United States,Female,9, $169.00 
3854,4/14/2015,2237,United States,Male,9, $169.00 
3855,4/14/2015,2233,United States,Female,9.5, $189.00 
3856,4/14/2015,2159,United States,Female,8, $159.00 
3857,4/14/2015,2239,Germany,Male,11, $89.50 
3858,4/14/2015,2201,United Kingdom,Male,9, $99.50 
3859,4/14/2015,2187,Germany,Male,8.5, $149.00 
3860,4/14/2015,2181,Canada,Male,9, $189.00 
3861,4/14/2015,2181,United Kingdom,Male,11, $151.20 
3862,4/14/2015,2167,United States,Female,7.5, $170.10 
3863,4/15/2015,2183,Canada,Male,12, $118.30 
3864,4/15/2015,2177,Germany,Male,9.5, $199.00 
3865,4/15/2015,2152,Germany,Female,9, $99.50 
3866,4/15/2015,2194,United States,Male,9.5, $159.00 
3867,4/15/2015,2239,Germany,Male,11, $89.50 
3868,4/16/2015,2229,United States,Male,9.5, $139.30 
3869,4/16/2015,2211,United Kingdom,Male,11.5, $129.00 
3870,4/16/2015,2151,Canada,Male,13, $69.50 
3871,4/16/2015,2183,United States,Male,10, $169.00 
3872,4/16/2015,2157,Germany,Male,9, $64.50 
3873,4/16/2015,2172,Canada,Male,12, $189.00 
3874,4/16/2015,2201,Canada,Male,11.5, $159.00 
3875,4/16/2015,2176,United States,Male,10, $189.00 
3876,4/16/2015,2226,Canada,Female,7.5, $132.30 
3877,4/16/2015,2210,United States,Male,7.5, $199.00 
3878,4/16/2015,2166,United States,Female,10, $199.00 
3879,4/17/2015,2232,United Kingdom,Male,10.5, $199.00 
3880,4/17/2015,2166,Germany,Male,11.5, $149.00 
3881,4/17/2015,2225,United States,Male,10.5, $90.30 
3882,4/17/2015,2205,Germany,Male,10.5, $94.50 
3883,4/17/2015,2150,Germany,Male,9.5, $199.00 
3884,4/17/2015,2200,Canada,Female,9.5, $169.00 
3885,4/17/2015,2197,United States,Male,10.5, $129.00 
3886,4/17/2015,2232,Canada,Male,8, $143.10 
3887,4/17/2015,2221,Canada,Male,7, $159.00 
3888,4/17/2015,2149,Canada,Male,9.5, $143.20 
3889,4/17/2015,2202,United States,Male,11, $89.50 
3890,4/17/2015,2150,United States,Male,9, $74.50 
3891,4/17/2015,2189,Germany,Male,9.5, $69.50 
3892,4/17/2015,2148,United States,Female,10, $179.00 
3893,4/17/2015,2182,United Kingdom,Male,10, $169.00 
3894,4/18/2015,2242,United Kingdom,Female,8.5, $139.00 
3895,4/18/2015,2152,Germany,Male,9.5, $149.00 
3896,4/18/2015,2166,Germany,Male,10.5, $119.20 
3897,4/18/2015,2151,United States,Female,8, $143.20 
3898,4/18/2015,2214,Canada,Male,9.5, $169.00 
3899,4/18/2015,2180,United States,Female,8, $159.00 
3900,4/18/2015,2234,United States,Female,7, $129.00 
3901,4/18/2015,2198,United States,Unix,10, $159.00 
3902,4/18/2015,2213,Canada,Male,9, $143.20 
3903,4/18/2015,2226,United Kingdom,Female,8, $129.00 
3904,4/18/2015,2159,Canada,Female,7.5, $159.00 
3905,4/18/2015,2162,Canada,Male,10.5, $189.00 
3906,4/18/2015,2156,United States,Male,11.5, $64.50 
3907,4/18/2015,2212,United States,Female,9, $189.00 
3908,4/19/2015,2233,United States,Male,9, $149.00 
3909,4/19/2015,2200,Canada,Male,10.5, $111.20 
3910,4/19/2015,2238,United States,Female,8, $159.00 
3911,4/19/2015,2221,United States,Male,9.5, $159.00 
3912,4/19/2015,2207,Germany,Male,9, $179.10 
3913,4/19/2015,2196,Germany,Male,8.5, $129.00 
3914,4/19/2015,2210,United States,Male,10.5, $119.20 
3915,4/19/2015,2234,Germany,Male,10, $79.50 
3916,4/19/2015,2211,United Kingdom,Female,8, $125.30 
3917,4/19/2015,2226,Canada,Male,9.5, $189.00 
3918,4/19/2015,2210,Germany,Female,8.5, $129.00 
3919,4/19/2015,2155,Canada,Female,9, $64.50 
3920,4/19/2015,2176,Germany,Male,9.5, $139.00 
3921,4/20/2015,2185,Germany,Female,7, $149.00 
3922,4/20/2015,2225,United States,Male,8.5, $170.10 
3923,4/20/2015,2170,Canada,Female,10.5, $97.30 
3924,4/20/2015,2224,United States,Female,9.5, $64.50 
3925,4/20/2015,2212,Germany,Male,8.5, $189.00 
3926,4/20/2015,2227,United States,Female,8.5, $149.00 
3927,4/20/2015,2213,Germany,Male,10.5, $69.50 
3928,4/21/2015,2188,United States,Female,5.5, $64.50 
3929,4/21/2015,2226,United States,Female,10, $103.20 
3930,4/21/2015,2175,United States,Female,8, $151.20 
3931,4/21/2015,2210,Germany,Male,11, $199.00 
3932,4/21/2015,2152,United States,Female,8.5, $199.00 
3933,4/21/2015,2232,United States,Male,9.5, $139.00 
3934,4/21/2015,2160,United States,Male,9.5, $179.00 
3935,4/21/2015,2151,United States,Male,9, $169.00 
3936,4/21/2015,2206,Germany,Male,9, $179.00 
3937,4/21/2015,2165,Germany,Male,8.5, $159.00 
3938,4/21/2015,2206,United States,Female,7, $199.00 
3939,4/21/2015,2209,United States,Male,11.5, $159.00 
3940,4/21/2015,2184,United Kingdom,Female,9, $143.10 
3941,4/21/2015,2229,United Kingdom,Male,11, $169.00 
3942,4/21/2015,2228,United States,Female,7.5, $111.30 
3943,4/21/2015,2226,Germany,Male,10, $111.20 
3944,4/22/2015,2229,United States,Female,8, $169.00 
3945,4/22/2015,2223,Germany,Female,9, $159.00 
3946,4/22/2015,2192,Canada,Male,9.5, $161.10 
3947,4/22/2015,2192,United States,Female,9.5, $199.00 
3948,4/22/2015,2217,United States,Female,10.5, $103.20 
3949,4/23/2015,2220,United States,Male,10, $161.10 
3950,4/23/2015,2179,Germany,Female,7.5, $199.00 
3951,4/23/2015,2224,United Kingdom,Unix,6.5, $179.00 
3952,4/23/2015,2239,United Kingdom,Male,9.5, $125.30 
3953,4/23/2015,2152,Canada,Male,8.5, $159.00 
3954,4/23/2015,2169,United States,Female,7, $169.00 
3955,4/23/2015,2182,United Kingdom,Male,10, $169.00 
3956,4/23/2015,2191,United States,Male,6.5, $161.10 
3957,4/24/2015,2234,Germany,Female,9.5, $94.50 
3958,4/24/2015,2230,Germany,Male,10.5, $179.10 
3959,4/24/2015,2205,Germany,Female,9, $199.00 
3960,4/24/2015,2186,United States,Male,11, $74.50 
3961,4/24/2015,2192,Germany,Male,10.5, $189.00 
3962,4/25/2015,2196,Germany,Male,8.5, $129.00 
3963,4/25/2015,2214,United States,Female,7.5, $179.00 
3964,4/25/2015,2232,Canada,Female,9, $143.20 
3965,4/25/2015,2151,Canada,Male,11, $159.00 
3966,4/25/2015,2168,Canada,Male,9.5, $139.00 
3967,4/25/2015,2221,Canada,Female,8, $189.00 
3968,4/25/2015,2236,United States,Male,14, $149.00 
3969,4/25/2015,2165,United Kingdom,Female,6, $199.00 
3970,4/26/2015,2148,United States,Female,9, $149.00 
3971,4/26/2015,2204,Germany,Female,9.5, $139.00 
3972,4/26/2015,2232,United States,Female,7.5, $135.20 
3973,4/26/2015,2172,Canada,Female,8, $119.20 
3974,4/26/2015,2206,Germany,Male,10.5, $179.00 
3975,4/26/2015,2162,Germany,Female,9, $125.30 
3976,4/26/2015,2181,Germany,Male,11, $69.50 
3977,4/26/2015,2206,Canada,Male,10.5, $129.00 
3978,4/26/2015,2190,United States,Male,10, $69.50 
3979,4/26/2015,2215,Canada,Male,9, $139.00 
3980,4/27/2015,2186,Germany,Female,8.5, $143.20 
3981,4/27/2015,2213,Germany,Male,10.5, $69.50 
3982,4/27/2015,2236,United States,Male,14, $149.00 
3983,4/27/2015,2213,Canada,Female,8, $139.00 
3984,4/27/2015,2197,Germany,Male,15, $94.50 
3985,4/27/2015,2173,United Kingdom,Male,9, $104.30 
3986,4/27/2015,2189,Germany,Female,8, $169.00 
3987,4/27/2015,2227,United States,Female,8, $149.00 
3988,4/27/2015,2165,United Kingdom,Female,6, $199.00 
3989,4/27/2015,2161,United States,Male,9.5, $139.00 
3990,4/27/2015,2220,Canada,Male,8.5, $129.00 
3991,4/27/2015,2176,Canada,Male,8, $189.00 
3992,4/28/2015,2193,Germany,Male,9.5, $103.20 
3993,4/28/2015,2224,United Kingdom,Female,6, $129.00 
3994,4/28/2015,2165,Germany,Male,10.5, $125.10 
3995,4/28/2015,2190,United Kingdom,Female,7, $189.00 
3996,4/28/2015,2185,United Kingdom,Female,7, $103.20 
3997,4/28/2015,2207,Germany,Male,8, $79.50 
3998,4/28/2015,2220,Germany,Male,9.5, $118.30 
3999,4/28/2015,2165,Germany,Male,8.5, $159.00 
4000,4/28/2015,2150,United Kingdom,Female,6.5, $179.00 
4001,4/28/2015,2164,Germany,,9.5, $149.00 
4002,4/28/2015,2232,Canada,Female,9, $143.20 
4003,4/28/2015,2188,United States,Male,12, $169.00 
4004,4/28/2015,2215,United States,Female,9.5, $84.50 
4005,4/29/2015,2236,United States,Female,8, $169.00 
4006,4/29/2015,2236,Germany,Female,8, $199.00 
4007,4/29/2015,2181,Germany,Male,11, $159.00 
4008,4/29/2015,2199,Germany,Male,6.5, $179.00 
4009,4/29/2015,2192,Canada,Male,9.5, $161.10 
4010,4/29/2015,2156,Germany,Male,8, $79.50 
4011,4/29/2015,2162,Germany,Female,9, $125.30 
4012,4/29/2015,2213,Canada,Male,14, $119.20 
4013,4/29/2015,2220,United States,Male,9.5, $149.00 
4014,4/30/2015,2160,United States,Female,9.5, $64.50 
4015,4/30/2015,2177,Germany,Female,8, $161.10 
4016,4/30/2015,2147,Germany,Male,15, $161.10 
4017,4/30/2015,2206,Germany,Male,10.5, $179.00 
4018,4/30/2015,2220,United States,Male,10, $161.10 
4019,4/30/2015,2152,United States,Male,9.5, $152.10 
4020,4/30/2015,2188,United States,Male,12, $169.00 
4021,4/30/2015,2227,United States,Male,9.5, $69.50 
4022,5/1/2015,2209,Germany,Male,11, $169.00 
4023,5/1/2015,2177,United States,Female,8, $139.00 
4024,5/1/2015,2242,United Kingdom,Male,8, $90.30 
4025,5/1/2015,2203,Germany,Male,7.5, $189.00 
4026,5/1/2015,2241,Germany,Male,10.5, $159.00 
4027,5/1/2015,2182,Germany,Female,11, $179.00 
4028,5/1/2015,2212,United States,Female,6.5, $129.00 
4029,5/1/2015,2186,United States,Male,8, $170.10 
4030,5/1/2015,2197,Germany,Male,15, $94.50 
4031,5/1/2015,2208,United States,Male,9.5, $129.00 
4032,5/2/2015,2242,United States,Female,8.5, $135.20 
4033,5/2/2015,2241,Canada,Female,10.5, $129.00 
4034,5/2/2015,2220,United States,Male,9.5, $149.00 
4035,5/2/2015,2204,United States,Female,9, $179.00 
4036,5/2/2015,2222,United States,Male,10.5, $149.00 
4037,5/2/2015,2173,Germany,Male,8.5, $179.00 
4038,5/2/2015,2219,Canada,Female,8.5, $179.00 
4039,5/2/2015,2175,United States,Male,9.5, $159.00 
4040,5/2/2015,2231,United States,Male,9, $149.00 
4041,5/3/2015,2217,Germany,Male,9.5, $104.30 
4042,5/3/2015,2147,Germany,Male,15, $161.10 
4043,5/3/2015,2159,United Kingdom,Female,6, $94.50 
4044,5/3/2015,2206,Germany,Male,13, $159.00 
4045,5/3/2015,2154,Germany,Male,10.5, $159.20 
4046,5/3/2015,2223,Canada,Female,9.5, $139.00 
4047,5/3/2015,2164,Canada,Female,8.5, $152.10 
4048,5/3/2015,2236,United States,Female,9.5, $132.30 
4049,5/3/2015,2196,Canada,Male,9, $97.30 
4050,5/3/2015,2217,Canada,Female,8.5, $159.00 
4051,5/3/2015,2227,United States,Unix,10.5, $199.00 
4052,5/3/2015,2208,United States,Male,9.5, $129.00 
4053,5/3/2015,2175,United States,Male,9.5, $159.00 
4054,5/3/2015,2195,United States,Female,8.5, $151.20 
4055,5/4/2015,2164,Germany,Male,9.5, $149.00 
4056,5/4/2015,2169,Germany,Male,9.5, $129.00 
4057,5/4/2015,2179,Germany,Male,9.5, $119.20 
4058,5/4/2015,2238,Canada,Female,8.5, $103.20 
4059,5/4/2015,2224,Germany,Male,11, $189.00 
4060,5/4/2015,2159,United States,Female,8, $159.00 
4061,5/4/2015,2231,Canada,Female,10.5, $169.00 
4062,5/4/2015,2240,United States,Female,8.5, $159.20 
4063,5/5/2015,2198,Canada,Male,9, $118.30 
4064,5/5/2015,2176,Germany,Male,11.5, $139.30 
4065,5/5/2015,2227,Canada,Female,8, $125.30 
4066,5/5/2015,2221,Canada,Female,8, $189.00 
4067,5/5/2015,2165,United States,Female,8.5, $90.30 
4068,5/5/2015,2190,Canada,Female,8.5, $97.30 
4069,5/5/2015,2165,United States,Female,8.5, $170.10 
4070,5/5/2015,2178,Germany,Female,8, $129.00 
4071,5/5/2015,2225,United Kingdom,Female,7.5, $152.10 
4072,5/5/2015,2232,United States,Male,8.5, $199.00 
4073,5/5/2015,2165,United States,Female,8.5, $170.10 
4074,5/6/2015,2196,Canada,Male,9, $97.30 
4075,5/6/2015,2206,United States,Male,6, $139.00 
4076,5/6/2015,2224,United States,Female,8, $116.10 
4077,5/6/2015,2174,United States,Male,10.5, $179.10 
4078,5/6/2015,2238,Germany,Male,10, $119.20 
4079,5/6/2015,2241,Germany,Male,9.5, $139.00 
4080,5/6/2015,2196,United States,Female,8, $103.20 
4081,5/6/2015,2226,Germany,Female,8, $89.50 
4082,5/6/2015,2160,Canada,Female,9.5, $189.00 
4083,5/6/2015,2222,Canada,Male,10, $129.00 
4084,5/7/2015,2224,United States,Female,8, $116.10 
4085,5/7/2015,2219,Germany,Male,9.5, $129.00 
4086,5/7/2015,2194,Canada,Male,9.5, $129.00 
4087,5/7/2015,2225,United States,Female,7.5, $129.00 
4088,5/7/2015,2221,Canada,Female,8, $189.00 
4089,5/7/2015,2159,United States,Female,6, $143.10 
4090,5/7/2015,2193,Germany,Male,9.5, $103.20 
4091,5/7/2015,2227,Germany,Male,12, $125.30 
4092,5/7/2015,2209,Germany,Female,8.5, $179.10 
4093,5/7/2015,2151,United States,Female,8, $118.30 
4094,5/7/2015,2190,Canada,Male,11, $125.10 
4095,5/7/2015,2231,Canada,Male,10, $99.50 
4096,5/7/2015,2219,Canada,Female,8.5, $179.00 
4097,5/7/2015,2147,United States,Male,9, $149.00 
4098,5/7/2015,2160,Canada,Male,12, $169.00 
4099,5/7/2015,2158,United States,Male,11, $189.00 
4100,5/7/2015,2163,Germany,Male,10.5, $129.00 
4101,5/8/2015,2197,Germany,Unix,, $170.10 
4102,5/8/2015,2181,Germany,Male,11, $159.00 
4103,5/8/2015,2158,Germany,Male,10.5, $169.00 
4104,5/8/2015,2201,Germany,Male,10.5, $143.10 
4105,5/8/2015,2184,Germany,Male,9.5, $159.00 
4106,5/8/2015,2236,United States,Female,8, $169.00 
4107,5/8/2015,2174,United States,Female,8, $159.20 
4108,5/8/2015,2224,United States,Female,9, $179.10 
4109,5/8/2015,2203,Canada,Female,9, $149.00 
4110,5/8/2015,2163,United States,Female,7.5, $64.50 
4111,5/8/2015,2239,United States,Male,9.5, $159.00 
4112,5/8/2015,2159,Canada,Female,7.5, $159.00 
4113,5/8/2015,2217,Canada,Female,8.5, $159.00 
4114,5/8/2015,2151,United States,Male,10.5, $159.00 
4115,5/8/2015,2220,United States,Female,9.5, $94.50 
4116,5/8/2015,2157,United States,Female,7.5, $139.00 
4117,5/9/2015,2227,United States,Male,10.5, $199.00 
4118,5/9/2015,2149,Germany,Female,8.5, $139.00 
4119,5/9/2015,2232,United States,Male,6, $119.20 
4120,5/9/2015,2157,United States,Male,8.5, $139.00 
4121,5/9/2015,2169,United States,Male,10.5, $139.00 
4122,5/9/2015,2194,Canada,Male,9.5, $129.00 
4123,5/9/2015,2177,Canada,Male,9.5, $94.50 
4124,5/9/2015,2200,Germany,Male,8, $69.50 
4125,5/9/2015,2242,United Kingdom,Male,8, $90.30 
4126,5/9/2015,2241,Canada,Female,9, $159.00 
4127,5/9/2015,2147,United States,Male,9, $135.20 
4128,5/9/2015,2197,Germany,Male,8.5, $125.10 
4129,5/9/2015,2206,Germany,Male,13, $159.00 
4130,5/10/2015,2232,United States,Male,6, $119.20 
4131,5/10/2015,2202,United States,Female,10, $90.30 
4132,5/10/2015,2158,United States,Female,7.5, $143.20 
4133,5/10/2015,2215,Germany,Male,9.5, $139.30 
4134,5/10/2015,2225,United States,Female,7.5, $161.10 
4135,5/10/2015,2159,United States,Female,8, $159.00 
4136,5/10/2015,2168,Germany,Female,8.5, $111.20 
4137,5/10/2015,2165,Canada,Female,9.5, $129.00 
4138,5/10/2015,2228,United States,Male,9, $139.30 
4139,5/10/2015,2215,Canada,Female,9, $199.00 
4140,5/10/2015,2230,United States,Male,9, $169.00 
4141,5/10/2015,2186,Germany,Male,11, $169.00 
4142,5/11/2015,2200,United States,Female,8, $199.00 
4143,5/11/2015,2203,United States,Female,9, $139.30 
4144,5/11/2015,2213,United States,Male,13, $97.30 
4145,5/11/2015,2206,United Kingdom,Female,8, $179.00 
4146,5/11/2015,2190,United States,Female,8.5, $135.20 
4147,5/11/2015,2236,Germany,Male,9.5, $159.20 
4148,5/11/2015,2241,Germany,Male,10.5, $159.00 
4149,5/11/2015,2160,United Kingdom,Male,9.5, $84.50 
4150,5/11/2015,2234,United Kingdom,Male,10.5, $129.00 
4151,5/11/2015,2191,United States,Unix,7, $169.00 
4152,5/11/2015,2242,United States,Female,12, $161.10 
4153,5/11/2015,2212,Canada,Male,10.5, $169.00 
4154,5/11/2015,2187,United States,Female,6, $159.00 
4155,5/11/2015,2215,United States,Male,10.5, $159.00 
4156,5/11/2015,2149,United Kingdom,Female,6.5, $189.00 
4157,5/11/2015,2215,Canada,Male,9, $89.50 
4158,5/11/2015,2225,United States,Male,11.5, $111.30 
4159,5/11/2015,2220,Canada,Female,8, $169.00 
4160,5/11/2015,2171,United States,Female,7.5, $64.50 
4161,5/11/2015,2158,Germany,Female,9, $199.00 
4162,5/12/2015,2189,United States,Female,7.5, $74.50 
4163,5/12/2015,2241,Germany,Male,10.5, $159.00 
4164,5/12/2015,2232,United Kingdom,Male,9.5, $169.00 
4165,5/12/2015,2222,United States,Female,9, $169.00 
4166,5/12/2015,2168,United Kingdom,Female,8, $151.20 
4167,5/12/2015,2149,Canada,Male,14, $90.30 
4168,5/12/2015,2208,Canada,Female,7, $129.00 
4169,5/12/2015,2222,Canada,Male,10, $129.00 
4170,5/12/2015,2202,United States,Female,7.5, $94.50 
4171,5/12/2015,2190,Canada,Male,10.5, $161.10 
4172,5/12/2015,2192,United States,Male,7, $189.00 
4173,5/12/2015,2185,United States,Male,10, $135.20 
4174,5/12/2015,2191,Germany,Male,9.5, $139.30 
4175,5/12/2015,2172,Canada,Male,12, $189.00 
4176,5/12/2015,2156,Germany,Male,9, $111.30 
4177,5/12/2015,2184,United Kingdom,Male,9, $103.20 
4178,5/13/2015,2236,Germany,Female,10.5, $149.00 
4179,5/13/2015,2194,United States,Male,9.5, $159.00 
4180,5/13/2015,2225,United Kingdom,Female,6.5, $169.00 
4181,5/13/2015,2164,United Kingdom,Male,11, $149.00 
4182,5/13/2015,2192,Canada,Female,7, $149.00 
4183,5/13/2015,2168,United States,Female,7, $152.10 
4184,5/13/2015,2149,United Kingdom,Female,8, $179.00 
4185,5/13/2015,2179,United States,Female,8, $139.00 
4186,5/13/2015,2158,Germany,Female,7.5, $129.00 
4187,5/13/2015,2163,Germany,Male,10.5, $129.00 
4188,5/13/2015,2187,Germany,Female,8.5, $199.00 
4189,5/13/2015,2172,Germany,Female,9, $159.00 
4190,5/13/2015,2191,United States,Female,12, $179.00 
4191,5/13/2015,2218,United States,Male,9, $179.00 
4192,5/14/2015,2181,United Kingdom,Female,6.5, $104.30 
4193,5/14/2015,2204,Germany,Male,10.5, $199.00 
4194,5/14/2015,2225,United States,Male,11.5, $111.30 
4195,5/14/2015,2184,Germany,Male,9.5, $159.00 
4196,5/14/2015,2149,United States,Male,11.5, $179.00 
4197,5/14/2015,2193,Germany,Female,9, $179.00 
4198,5/14/2015,2171,Canada,Female,7, $127.20 
4199,5/14/2015,2171,United States,Female,9, $139.00 
4200,5/14/2015,2225,Germany,Male,9.5, $179.00 
4201,5/14/2015,2242,,Unix,8.5, $135.20 
4202,5/14/2015,2174,United States,Female,12, $159.00 
4203,5/14/2015,2160,Canada,Female,9.5, $189.00 
4204,5/15/2015,2184,United States,Male,9.5, $170.10 
4205,5/15/2015,2158,United States,Male,11, $189.00 
4206,5/15/2015,2149,United Kingdom,Female,6.5, $189.00 
4207,5/15/2015,2179,United Kingdom,Male,9, $69.50 
4208,5/15/2015,2238,Germany,Male,10, $119.20 
4209,5/15/2015,2234,Germany,Male,9, $135.20 
4210,5/15/2015,2148,Germany,Male,8.5, $152.10 
4211,5/15/2015,2202,United Kingdom,Female,10.5, $127.20 
4212,5/15/2015,2236,United States,Female,12, $69.50 
4213,5/16/2015,2242,Germany,Male,9, $189.00 
4214,5/16/2015,2186,Canada,Male,10.5, $90.30 
4215,5/16/2015,2187,United Kingdom,Female,9.5, $125.10 
4216,5/16/2015,2226,United States,Female,8.5, $135.20 
4217,5/16/2015,2190,United States,Female,8.5, $135.20 
4218,5/16/2015,2206,United States,Male,9.5, $69.50 
4219,5/16/2015,2240,United States,Female,7.5, $159.00 
4220,5/16/2015,2165,Germany,Male,10.5, $129.00 
4221,5/16/2015,2150,United Kingdom,Female,10.5, $199.00 
4222,5/16/2015,2231,United States,Male,10, $143.10 
4223,5/16/2015,2234,Canada,Male,11, $127.20 
4224,5/16/2015,2229,Germany,Male,10, $159.20 
4225,5/16/2015,2189,United States,Female,9.5, $189.00 
4226,5/17/2015,2182,Germany,Male,10.5, $79.50 
4227,5/17/2015,2190,United States,Male,9.5, $199.00 
4228,5/17/2015,2199,United Kingdom,Male,10, $149.00 
4229,5/17/2015,2239,United States,Female,7, $132.30 
4230,5/17/2015,2233,Germany,Male,10, $169.00 
4231,5/17/2015,2187,United States,Female,8, $139.00 
4232,5/17/2015,2194,United States,Male,12, $116.10 
4233,5/17/2015,2186,Germany,Male,11, $169.00 
4234,5/17/2015,2191,Germany,Male,11.5, $179.00 
4235,5/17/2015,2224,United States,Female,7.5, $199.00 
4236,5/18/2015,2188,Germany,Female,7.5, $159.00 
4237,5/18/2015,2235,Canada,Male,10, $99.50 
4238,5/18/2015,2193,United States,Male,10.5, $199.00 
4239,5/18/2015,2210,Germany,Male,9, $199.00 
4240,5/18/2015,2183,United States,Female,9.5, $159.20 
4241,5/18/2015,2242,Canada,Female,9.5, $127.20 
4242,5/18/2015,2234,United States,Female,7, $139.00 
4243,5/18/2015,2197,United States,Female,7.5, $151.20 
4244,5/18/2015,2165,United States,Female,8.5, $170.10 
4245,5/18/2015,2188,United States,Female,8, $169.00 
4246,5/18/2015,2184,United States,Female,12, $169.00 
4247,5/18/2015,2217,United States,Male,10, $149.00 
4248,5/18/2015,2194,Canada,Male,9.5, $127.20 
4249,5/18/2015,2154,Canada,Male,9.5, $169.00 
4250,5/18/2015,2230,United States,Male,9, $169.00 
4251,5/18/2015,2171,Germany,Unix,10, $169.00 
4252,5/18/2015,2200,United States,Female,4.5, $134.10 
4253,5/18/2015,2200,United States,Female,7.5, $79.50 
4254,5/19/2015,2155,Canada,Male,12, $199.00 
4255,5/19/2015,2230,Germany,Female,10.5, $129.00 
4256,5/19/2015,2171,United States,Female,8, $119.20 
4257,5/19/2015,2207,United States,Female,9.5, $103.20 
4258,5/19/2015,2228,United States,Male,9.5, $149.00 
4259,5/19/2015,2201,United Kingdom,Male,9.5, $149.00 
4260,5/19/2015,2188,Canada,Male,9.5, $104.30 
4261,5/19/2015,2241,Canada,Female,9, $179.00 
4262,5/19/2015,2205,United States,Female,7.5, $199.00 
4263,5/19/2015,2175,Germany,Male,10, $159.20 
4264,5/19/2015,2157,Canada,Male,6, $169.00 
4265,5/19/2015,2194,Canada,Male,9.5, $127.20 
4266,5/19/2015,2206,United States,Male,11, $90.30 
4267,5/19/2015,2204,United Kingdom,Male,9.5, $199.00 
4268,5/19/2015,2172,United States,Male,9.5, $169.00 
4269,5/19/2015,2163,United States,Female,6.5, $99.50 
4270,5/20/2015,2218,United States,Male,9, $179.00 
4271,5/20/2015,2231,United States,Female,7.5, $179.00 
4272,5/20/2015,2197,Germany,Male,9, $111.30 
4273,5/20/2015,2198,Canada,Male,11.5, $139.30 
4274,5/20/2015,2186,Germany,Female,8, $149.00 
4275,5/20/2015,2224,Germany,Female,8, $159.00 
4276,5/20/2015,2209,Canada,Male,8.5, $159.00 
4277,5/20/2015,2174,United Kingdom,Male,10.5, $159.00 
4278,5/20/2015,2161,United States,Female,6.5, $99.50 
4279,5/20/2015,2150,United States,Female,8, $79.50 
4280,5/21/2015,2152,United States,Male,10.5, $139.30 
4281,5/21/2015,2210,United States,Male,9, $179.00 
4282,5/21/2015,2200,Canada,Male,9, $159.00 
4283,5/21/2015,2191,Germany,Male,11.5, $179.00 
4284,5/21/2015,2235,Canada,Male,9.5, $179.00 
4285,5/21/2015,2208,Germany,Male,9.5, $99.50 
4286,5/21/2015,2186,Germany,Female,8, $149.00 
4287,5/21/2015,2180,United Kingdom,Male,10.5, $161.10 
4288,5/21/2015,2186,United Kingdom,Male,8.5, $149.00 
4289,5/21/2015,2169,United States,Male,8, $179.10 
4290,5/21/2015,2180,Germany,Female,10.5, $159.20 
4291,5/22/2015,2213,Germany,Male,11.5, $79.50 
4292,5/22/2015,2239,United States,Male,9, $179.00 
4293,5/22/2015,2200,Canada,Male,9, $159.00 
4294,5/22/2015,2165,United Kingdom,Male,10, $169.00 
4295,5/22/2015,2208,Germany,Male,9.5, $99.50 
4296,5/22/2015,2204,United Kingdom,Male,9.5, $199.00 
4297,5/22/2015,2203,Germany,Female,7, $169.00 
4298,5/22/2015,2196,United States,Male,11.5, $111.30 
4299,5/23/2015,2186,United Kingdom,Male,8.5, $149.00 
4300,5/23/2015,2202,United Kingdom,Female,6.5, $97.30 
4301,,2161,Canada,Unix,8.5, $179.00 
4302,5/23/2015,2179,United States,Male,10.5, $116.10 
4303,5/23/2015,2179,Canada,Female,9, $152.10 
4304,5/23/2015,2168,Canada,Male,9.5, $189.00 
4305,5/23/2015,2224,Canada,Male,9, $79.50 
4306,5/23/2015,2173,United States,Male,9, $139.00 
4307,5/23/2015,2174,United Kingdom,Male,10.5, $159.00 
4308,5/23/2015,2176,Canada,Male,9, $170.10 
4309,5/23/2015,2168,United States,Female,8, $135.20 
4310,5/23/2015,2196,United States,Male,11.5, $111.30 
4311,5/24/2015,2204,United Kingdom,Male,9.5, $199.00 
4312,5/24/2015,2161,Canada,Male,8.5, $179.00 
4313,5/24/2015,2154,Canada,Male,9.5, $169.00 
4314,5/24/2015,2169,United States,Male,10.5, $161.10 
4315,5/24/2015,2221,United States,Female,8, $159.00 
4316,5/24/2015,2149,United States,Male,9.5, $111.30 
4317,5/24/2015,2172,United States,Male,9, $125.10 
4318,5/24/2015,2208,United States,Male,14, $199.00 
4319,5/25/2015,2217,Canada,Male,9, $116.10 
4320,5/25/2015,2201,Canada,Male,10, $199.00 
4321,5/25/2015,2170,United Kingdom,Male,8.5, $179.00 
4322,5/25/2015,2163,Germany,Male,9.5, $179.00 
4323,5/25/2015,2221,United States,Female,8, $159.00 
4324,5/25/2015,2227,United States,Male,10, $169.00 
4325,5/25/2015,2196,Germany,Male,10, $129.00 
4326,5/25/2015,2222,United States,Male,9.5, $189.00 
4327,5/25/2015,2215,Canada,Male,9.5, $159.00 
4328,5/25/2015,2224,Germany,Male,9.5, $149.00 
4329,5/25/2015,2187,United States,Female,8, $139.00 
4330,5/25/2015,2238,Germany,Male,9.5, $159.00 
4331,5/26/2015,2229,United States,Male,8, $179.00 
4332,5/26/2015,2173,United States,Male,9, $139.00 
4333,5/26/2015,2172,Germany,Male,9.5, $169.00 
4334,5/26/2015,2214,United States,Female,6.5, $149.00 
4335,5/26/2015,2202,United Kingdom,Female,6.5, $97.30 
4336,5/26/2015,2222,United States,Male,10, $149.00 
4337,5/26/2015,2169,Germany,Female,6.5, $99.50 
4338,5/27/2015,2186,United Kingdom,Male,8.5, $149.00 
4339,5/27/2015,2158,United States,Female,9, $94.50 
4340,5/27/2015,2203,Germany,Male,11, $169.00 
4341,5/27/2015,2234,Germany,Male,9.5, $169.00 
4342,5/27/2015,2213,United States,Female,9, $139.00 
4343,5/27/2015,2149,United States,Male,10.5, $129.00 
4344,5/27/2015,2201,Germany,Female,8, $139.00 
4345,5/27/2015,2180,Germany,Female,7.5, $139.00 
4346,5/27/2015,2213,Canada,Male,10.5, $149.00 
4347,5/27/2015,2161,Canada,Male,8.5, $179.00 
4348,5/27/2015,2170,United Kingdom,Male,10.5, $89.50 
4349,5/27/2015,2185,United States,Male,10.5, $64.50 
4350,5/27/2015,2195,Germany,Female,6.5, $189.00 
4351,5/27/2015,2177,United States,Unix,10, $159.00 
4352,5/27/2015,2170,United States,Female,6.5, $74.50 
4353,5/28/2015,2204,United States,Male,10.5, $116.10 
4354,5/28/2015,2156,Germany,Female,8.5, $179.00 
4355,5/28/2015,2190,Canada,Male,11, $149.00 
4356,5/28/2015,2224,Canada,Female,9, $129.00 
4357,5/28/2015,2158,United Kingdom,Male,9.5, $199.00 
4358,5/28/2015,2201,United States,Male,11.5, $118.30 
4359,5/28/2015,2214,Canada,Male,10.5, $139.00 
4360,5/28/2015,2216,Canada,Female,11, $74.50 
4361,5/28/2015,2206,United States,Male,11, $159.20 
4362,5/28/2015,2203,Germany,Male,11, $169.00 
4363,5/28/2015,2169,United States,Male,8, $179.10 
4364,5/28/2015,2223,United States,Female,9, $139.30 
4365,5/28/2015,2174,Germany,Female,8, $161.10 
4366,5/28/2015,2242,Germany,Male,11.5, $119.20 
4367,5/28/2015,2189,Germany,Female,7.5, $69.50 
4368,5/28/2015,2218,United States,Male,9, $199.00 
4369,5/28/2015,2171,United States,Female,6.5, $189.00 
4370,5/28/2015,2221,United States,Male,9.5, $199.00 
4371,5/29/2015,2212,Germany,Female,10.5, $199.00 
4372,5/29/2015,2202,United States,Female,8.5, $149.00 
4373,5/29/2015,2217,United States,Male,11, $199.00 
4374,5/29/2015,2160,Canada,Female,6.5, $125.10 
4375,5/29/2015,2217,United States,Male,15, $149.00 
4376,5/29/2015,2150,Canada,Female,7.5, $139.30 
4377,5/29/2015,2238,United States,Male,10, $159.20 
4378,5/29/2015,2198,United States,Female,8.5, $149.00 
4379,5/29/2015,2214,Germany,Male,10, $125.10 
4380,5/29/2015,2204,Germany,Male,9, $179.00 
4381,5/29/2015,2158,United States,Male,8, $139.00 
4382,5/29/2015,2184,Germany,Male,10, $159.00 
4383,5/29/2015,2235,Germany,Female,7, $127.20 
4384,5/29/2015,2201,United Kingdom,Male,10.5, $149.00 
4385,5/29/2015,2216,United States,Female,8.5, $179.10 
4386,5/30/2015,2201,Canada,Male,9.5, $199.00 
4387,5/30/2015,2164,Canada,Male,8.5, $132.30 
4388,5/30/2015,2183,United States,Female,9.5, $159.20 
4389,5/30/2015,2181,Germany,Female,10.5, $159.00 
4390,5/30/2015,2234,Germany,Male,9.5, $169.00 
4391,5/30/2015,2223,United States,Male,9.5, $170.10 
4392,5/30/2015,2155,Germany,Male,9, $74.50 
4393,5/30/2015,2228,Canada,Female,9, $159.00 
4394,5/30/2015,2156,Germany,Male,11, $118.30 
4395,5/30/2015,2210,Germany,Female,11.5, $139.00 
4396,5/30/2015,2213,Canada,Female,12, $179.00 
4397,5/30/2015,2239,Germany,Male,6, $159.00 
4398,5/30/2015,2223,United States,Female,8.5, $169.00 
4399,5/30/2015,2232,United States,Male,8, $149.00 
4400,5/31/2015,2201,Canada,Male,9.5, $199.00 
4401,5/31/2015,2207,United States,Unix,9.5, $103.20 
4402,5/31/2015,2239,Germany,Female,8.5, $143.20 
4403,5/31/2015,2218,United States,Male,9, $199.00 
4404,5/31/2015,2188,Germany,Male,10, $90.30 
4405,5/31/2015,2177,United States,Male,9, $118.30 
4406,5/31/2015,2182,Germany,Male,9.5, $169.00 
4407,5/31/2015,2212,Canada,Female,6.5, $64.50 
4408,5/31/2015,2192,United States,Female,9, $111.30 
4409,5/31/2015,2170,United Kingdom,Male,10.5, $89.50 
4410,5/31/2015,2149,United States,Male,10.5, $129.00 
4411,5/31/2015,2233,United States,Male,9, $189.00 
4412,6/1/2015,2215,Canada,Male,9.5, $159.00 
4413,6/1/2015,2173,United States,Male,9, $139.00 
4414,6/1/2015,2163,United States,Female,9, $199.00 
4415,6/1/2015,2163,Germany,Male,9.5, $179.00 
4416,6/1/2015,2229,United States,Male,8, $179.00 
4417,6/1/2015,2173,Germany,Male,8.5, $143.10 
4418,6/1/2015,2223,Canada,Male,9, $179.00 
4419,6/1/2015,2199,United States,Male,12, $189.00 
4420,6/1/2015,2170,United Kingdom,Male,10.5, $89.50 
4421,6/1/2015,2235,Canada,Male,9.5, $179.00 
4422,6/1/2015,2234,Germany,Male,9.5, $103.20 
4423,6/2/2015,2178,United States,Female,9, $149.00 
4424,6/2/2015,2237,United States,Male,8, $189.00 
4425,6/2/2015,2158,Canada,Female,9.5, $189.00 
4426,6/2/2015,2241,Canada,Male,10.5, $90.30 
4427,6/2/2015,2194,Germany,Male,10, $79.50 
4428,6/2/2015,2234,Germany,Male,9.5, $169.00 
4429,6/2/2015,2201,Canada,Male,9.5, $199.00 
4430,6/2/2015,2154,Canada,Male,9.5, $169.00 
4431,6/2/2015,2212,United States,Male,11, $116.10 
4432,6/2/2015,2171,United States,Female,6.5, $189.00 
4433,6/2/2015,2214,Canada,Male,9, $199.00 
4434,6/2/2015,2177,United States,Male,10, $159.00 
4435,6/2/2015,2221,United States,Male,10, $118.30 
4436,6/2/2015,2176,United Kingdom,Male,10, $179.10 
4437,6/2/2015,2156,Germany,Male,11, $118.30 
4438,6/2/2015,2166,United States,Male,11.5, $189.00 
4439,6/3/2015,2237,United States,Female,8, $189.00 
4440,6/3/2015,2242,United States,Male,11, $119.20 
4441,6/3/2015,2192,Canada,Male,10, $132.30 
4442,6/3/2015,2221,United States,Female,7, $149.00 
4443,6/3/2015,2222,United States,Male,10, $149.00 
4444,6/3/2015,2223,Canada,Male,9.5, $151.20 
4445,6/3/2015,2242,Germany,Male,9, $111.20 
4446,6/3/2015,2162,Germany,Male,8.5, $169.00 
4447,6/3/2015,2147,Germany,Male,7.5, $189.00 
4448,6/3/2015,2235,Canada,Female,9, $129.00 
4449,6/3/2015,2177,Canada,Male,9.5, $159.00 
4450,6/3/2015,2214,Canada,Male,9, $199.00 
4451,6/3/2015,2163,United States,Unix,7.5, $64.50 
4452,6/3/2015,2152,Canada,Female,9, $143.20 
4453,6/3/2015,2172,United States,Female,8, $64.50 
4454,6/3/2015,2151,United States,Female,9, $199.00 
4455,6/3/2015,2180,United States,Male,12, $179.00 
4456,6/3/2015,2225,Germany,Female,8.5, $169.00 
4457,6/4/2015,2226,United Kingdom,Female,8, $118.30 
4458,6/4/2015,2213,United States,Male,11.5, $149.00 
4459,6/4/2015,2198,United Kingdom,Male,8.5, $179.00 
4460,6/4/2015,2151,Canada,Male,9, $116.10 
4461,6/4/2015,2231,Canada,Male,10, $189.00 
4462,6/4/2015,2222,United Kingdom,Male,9, $149.00 
4463,6/4/2015,2212,United States,Male,11, $116.10 
4464,6/4/2015,2162,Canada,Male,7, $134.10 
4465,6/4/2015,2241,Germany,Male,9.5, $103.20 
4466,6/4/2015,2242,Germany,Male,9, $111.20 
4467,6/4/2015,2162,Germany,Male,8.5, $169.00 
4468,6/4/2015,2241,United States,Female,7.5, $129.00 
4469,6/4/2015,2228,United States,Male,9, $139.30 
4470,6/4/2015,2164,Canada,Male,8.5, $132.30 
4471,6/4/2015,2158,Canada,Female,9.5, $189.00 
4472,6/4/2015,2169,United States,Female,8.5, $189.00 
4473,6/4/2015,2210,United States,Male,12, $149.00 
4474,6/4/2015,2172,United States,Female,8, $64.50 
4475,6/4/2015,2234,Germany,Male,9.5, $103.20 
4476,6/5/2015,2174,Germany,Male,10, $189.00 
4477,6/5/2015,2231,United States,Male,8.5, $104.30 
4478,6/5/2015,2227,Canada,Male,9, $64.50 
4479,6/5/2015,2212,United States,Female,9, $129.00 
4480,6/5/2015,2214,United States,Male,8, $179.00 
4481,6/5/2015,2151,Germany,Male,6, $199.00 
4482,6/5/2015,2241,Germany,Male,9.5, $103.20 
4483,6/5/2015,2217,Germany,Male,7.5, $189.00 
4484,6/5/2015,2241,Canada,Female,9, $159.00 
4485,6/5/2015,2204,Germany,Female,7.5, $189.00 
4486,6/5/2015,2222,United States,Male,10, $149.00 
4487,6/5/2015,2242,United States,Male,11, $119.20 
4488,6/5/2015,2198,Canada,Male,11.5, $139.30 
4489,6/6/2015,2209,Germany,Male,9.5, $94.50 
4490,6/6/2015,2192,Germany,Male,9.5, $151.20 
4491,6/6/2015,2241,Germany,Female,8, $189.00 
4492,6/6/2015,2237,Germany,Female,10.5, $179.00 
4493,6/6/2015,2239,Germany,Female,8.5, $64.50 
4494,6/6/2015,2162,Germany,Male,8.5, $169.00 
4495,6/6/2015,2225,United States,Female,7.5, $129.00 
4496,6/6/2015,2155,Germany,Male,9, $129.00 
4497,6/6/2015,2163,Germany,Female,7.5, $199.00 
4498,6/6/2015,2238,United States,Female,10.5, $179.00 
4499,6/6/2015,2166,United States,Female,7.5, $199.00 
4500,6/6/2015,2233,United States,Male,9, $189.00 
4501,6/6/2015,2213,United States,,11.5, $149.00 
4502,6/6/2015,2235,Canada,Male,9.5, $179.00 
4503,6/7/2015,2158,United States,Female,8, $139.00 
4504,6/7/2015,2226,United Kingdom,Female,8, $118.30 
4505,6/7/2015,2171,Canada,Male,8.5, $189.00 
4506,6/7/2015,2217,United Kingdom,Male,9, $199.00 
4507,6/7/2015,2190,United States,Female,8.5, $135.20 
4508,6/7/2015,2166,United States,Male,9.5, $143.10 
4509,6/7/2015,2204,United States,Female,9, $159.00 
4510,6/7/2015,2172,Germany,Female,10.5, $139.00 
4511,6/7/2015,2153,United States,Female,10.5, $135.20 
4512,6/7/2015,2237,United States,Male,9.5, $159.00 
4513,6/7/2015,2193,Canada,Female,9.5, $169.00 
4514,6/7/2015,2188,United States,Female,7.5, $103.20 
4515,6/8/2015,2209,Germany,Male,11.5, $179.00 
4516,6/8/2015,2241,Germany,Female,6.5, $159.00 
4517,6/8/2015,2194,Germany,Male,9, $79.50 
4518,6/8/2015,2151,Germany,Male,10.5, $169.00 
4519,6/8/2015,2205,Germany,Male,9, $179.10 
4520,6/8/2015,2217,Germany,Male,7.5, $189.00 
4521,6/8/2015,2191,United States,Female,8, $139.00 
4522,6/8/2015,2228,United States,Male,10, $159.20 
4523,6/8/2015,2164,Germany,Female,8.5, $199.00 
4524,6/8/2015,2224,United Kingdom,Female,8, $139.00 
4525,6/9/2015,2230,United States,Female,9, $169.00 
4526,6/9/2015,2206,United States,Male,9.5, $149.00 
4527,6/9/2015,2151,Germany,Male,12, $169.00 
4528,6/9/2015,2212,Canada,Female,6.5, $64.50 
4529,6/9/2015,2191,United Kingdom,Male,9.5, $143.20 
4530,6/9/2015,2208,Canada,Male,10.5, $199.00 
4531,6/9/2015,2210,United States,Male,12, $149.00 
4532,6/9/2015,2151,Germany,Male,10.5, $169.00 
4533,6/9/2015,2150,Germany,Male,10.5, $149.00 
4534,6/9/2015,2205,United States,Male,9.5, $119.20 
4535,6/9/2015,2231,United States,Male,8.5, $104.30 
4536,6/9/2015,2217,United States,Male,10, $129.00 
4537,6/9/2015,2159,Germany,Male,12, $64.50 
4538,6/9/2015,2197,Germany,Female,8.5, $189.00 
4539,6/9/2015,2223,United States,Male,9.5, $149.00 
4540,6/9/2015,2212,Germany,Male,9.5, $97.30 
4541,6/9/2015,2151,United States,Male,10.5, $159.00 
4542,6/10/2015,2188,United States,Female,7.5, $103.20 
4543,6/10/2015,2209,Germany,Female,8.5, $179.10 
4544,6/10/2015,2195,Germany,Female,9.5, $199.00 
4545,6/10/2015,2151,Germany,Male,12, $169.00 
4546,6/10/2015,2223,Canada,Male,9, $179.00 
4547,6/10/2015,2212,United States,Female,7, $69.50 
4548,6/10/2015,2166,United States,Male,9.5, $143.10 
4549,6/10/2015,2187,United States,Male,13, $161.10 
4550,6/10/2015,2203,Canada,Female,9, $149.00 
4551,6/10/2015,2198,Germany,Unix,10, $129.00 
4552,6/10/2015,2222,Germany,Female,7.5, $199.00 
4553,6/10/2015,2214,Canada,Female,9, $139.00 
4554,6/10/2015,2147,Germany,Female,10.5, $179.00 
4555,6/10/2015,2233,United States,Female,7.5, $129.00 
4556,6/10/2015,2152,United States,Male,9.5, $199.00 
4557,6/10/2015,2188,United States,Female,9.5, $159.00 
4558,6/11/2015,2161,Germany,Male,8.5, $149.00 
4559,6/11/2015,2217,United Kingdom,Male,9, $199.00 
4560,6/11/2015,2231,Canada,Female,8.5, $199.00 
4561,6/11/2015,2224,United States,Male,9.5, $116.10 
4562,6/11/2015,2204,Canada,Male,9.5, $132.30 
4563,6/11/2015,2161,Germany,Male,9.5, $79.50 
4564,6/11/2015,2150,United States,Male,10, $159.00 
4565,6/11/2015,2228,Germany,Male,10.5, $94.50 
4566,6/11/2015,2209,Germany,Male,11.5, $179.00 
4567,6/11/2015,2168,Germany,Male,10.5, $69.50 
4568,6/11/2015,2236,United States,Female,7.5, $90.30 
4569,6/11/2015,2212,United States,Female,6.5, $159.00 
4570,6/11/2015,2172,Germany,Female,10.5, $139.00 
4571,6/11/2015,2172,Germany,Female,8.5, $179.00 
4572,6/11/2015,2239,Germany,Female,8, $139.00 
4573,6/11/2015,2214,Canada,Female,9.5, $111.30 
4574,6/12/2015,2190,United States,Female,7, $169.00 
4575,6/12/2015,2202,Germany,Male,7.5, $179.00 
4576,6/12/2015,2180,Germany,Male,11, $79.50 
4577,6/12/2015,2173,Germany,Female,8, $129.00 
4578,6/12/2015,2224,United Kingdom,Female,8, $139.00 
4579,6/12/2015,2164,Canada,Female,8.5, $152.10 
4580,6/12/2015,2174,Germany,Male,9.5, $179.00 
4581,6/12/2015,2220,Germany,Female,7, $159.00 
4582,6/12/2015,2203,Canada,Male,10, $111.20 
4583,6/12/2015,2187,Germany,Male,9, $111.20 
4584,6/12/2015,2153,Germany,Male,9, $84.50 
4585,6/12/2015,2160,United Kingdom,Male,9.5, $143.10 
4586,6/12/2015,2180,United States,Male,10, $159.00 
4587,6/13/2015,2188,United States,Female,7.5, $103.20 
4588,6/13/2015,2185,United States,Female,8.5, $125.10 
4589,6/13/2015,2187,United States,Male,13, $161.10 
4590,6/13/2015,2238,Canada,Female,8.5, $103.20 
4591,6/13/2015,2239,United States,Female,8.5, $139.00 
4592,6/13/2015,2230,Germany,Male,8.5, $159.00 
4593,6/13/2015,2185,Germany,Male,6.5, $159.20 
4594,6/13/2015,2215,United States,Male,8.5, $135.20 
4595,6/13/2015,2232,Canada,Male,9.5, $189.00 
4596,6/13/2015,2238,United Kingdom,Male,9, $159.20 
4597,6/13/2015,2197,Germany,Female,8.5, $189.00 
4598,6/13/2015,2212,United States,Female,4.5, $118.30 
4599,6/13/2015,2190,United Kingdom,Male,9.5, $149.00 
4600,6/13/2015,2211,United Kingdom,Male,12, $159.00 
4601,6/13/2015,2220,Canada,Unix,, $149.00 
4602,6/13/2015,2151,Germany,Male,10.5, $169.00 
4603,6/13/2015,2240,United States,Male,8.5, $161.10 
4604,6/13/2015,2192,Germany,Female,4.5, $149.00 
4605,6/14/2015,2192,Canada,Male,10, $132.30 
4606,6/14/2015,2239,United States,Male,9, $179.00 
4607,6/14/2015,2172,Germany,Female,8, $161.10 
4608,6/14/2015,2154,Germany,Male,11.5, $132.30 
4609,6/14/2015,2198,United Kingdom,Female,8, $129.00 
4610,6/14/2015,2150,United States,Female,7, $169.00 
4611,6/14/2015,2224,Canada,Female,9, $129.00 
4612,6/14/2015,2204,Canada,Male,9.5, $132.30 
4613,6/14/2015,2171,United States,Female,8, $179.10 
4614,6/14/2015,2224,United Kingdom,Male,9.5, $199.00 
4615,6/14/2015,2160,United Kingdom,Male,9.5, $143.10 
4616,6/14/2015,2211,United Kingdom,Male,12, $159.00 
4617,6/14/2015,2168,Germany,Male,10.5, $69.50 
4618,6/14/2015,2152,Germany,Female,7, $189.00 
4619,6/14/2015,2216,Canada,Female,7.5, $169.00 
4620,6/14/2015,2203,Germany,Female,7.5, $129.00 
4621,6/14/2015,2172,Canada,Female,8.5, $139.00 
4622,6/14/2015,2234,Canada,Female,4.5, $129.00 
4623,6/14/2015,2168,United States,Male,8.5, $199.00 
4624,6/15/2015,2225,United States,Female,9, $143.10 
4625,6/15/2015,2239,Germany,Female,8, $139.00 
4626,6/15/2015,2213,United States,Male,9.5, $179.00 
4627,6/15/2015,2226,United States,Male,9, $159.00 
4628,6/15/2015,2233,United States,Male,10, $179.10 
4629,6/15/2015,2224,United States,Male,9, $134.10 
4630,6/15/2015,2179,Canada,Male,9.5, $169.00 
4631,6/15/2015,2205,Germany,Male,9, $139.00 
4632,6/15/2015,2161,Germany,Male,8.5, $149.00 
4633,6/15/2015,2160,United Kingdom,Male,9.5, $143.10 
4634,6/15/2015,2187,Germany,Male,9, $111.20 
4635,6/15/2015,2189,Canada,Female,9.5, $149.00 
4636,6/15/2015,2190,Canada,Male,9, $199.00 
4637,6/15/2015,2210,United States,Female,9, $151.20 
4638,6/16/2015,2229,Germany,Male,8.5, $161.10 
4639,6/16/2015,2204,Canada,Male,9.5, $132.30 
4640,6/16/2015,2215,United States,Male,8.5, $135.20 
4641,6/16/2015,2163,United States,Male,9.5, $159.00 
4642,6/16/2015,2217,Germany,Male,15, $159.00 
4643,6/16/2015,2218,United States,Female,8.5, $125.10 
4644,6/16/2015,2152,Germany,Male,11, $169.00 
4645,6/16/2015,2222,United States,Male,10.5, $179.00 
4646,6/16/2015,2190,Germany,Male,8, $104.30 
4647,6/16/2015,2177,United States,Female,8, $74.50 
4648,6/16/2015,2225,United States,Female,9, $143.10 
4649,6/16/2015,2202,United States,Female,8, $111.20 
4650,6/16/2015,2151,United States,Female,8, $143.20 
4651,6/16/2015,2176,Canada,Unix,9.5, $189.00 
4652,6/16/2015,2226,Canada,Female,7.5, $132.30 
4653,6/16/2015,2225,United States,Male,8, $189.00 
4654,6/16/2015,2233,United States,Male,10, $64.50 
4655,6/17/2015,2236,United States,Female,9, $199.00 
4656,6/17/2015,2211,United States,Male,9.5, $111.30 
4657,6/17/2015,2222,United States,Male,9, $127.20 
4658,6/17/2015,2231,United States,Male,8.5, $199.00 
4659,6/17/2015,2220,Canada,Male,9, $149.00 
4660,6/17/2015,2178,Germany,Female,8, $129.00 
4661,6/17/2015,2215,United States,Male,8.5, $135.20 
4662,6/17/2015,2238,United States,Female,7.5, $169.00 
4663,6/17/2015,2175,Canada,Male,8, $104.30 
4664,6/17/2015,2172,United States,Male,10.5, $103.20 
4665,6/17/2015,2223,Germany,Female,9.5, $135.20 
4666,6/17/2015,2192,Canada,Male,10, $84.50 
4667,6/17/2015,2202,United States,Female,8, $111.20 
4668,6/17/2015,2237,Germany,Male,13, $143.20 
4669,6/17/2015,2165,Canada,Female,9.5, $129.00 
4670,6/17/2015,2176,United States,Male,9, $97.30 
4671,6/17/2015,2180,Canada,Male,9, $97.30 
4672,6/17/2015,2194,United States,Male,9.5, $125.30 
4673,6/17/2015,2202,Germany,Male,9, $149.00 
4674,6/17/2015,2226,United States,Male,9, $159.00 
4675,6/17/2015,2225,United States,Male,8, $189.00 
4676,6/17/2015,2191,United States,Female,8, $189.00 
4677,6/18/2015,2179,United States,Male,10, $125.30 
4678,6/18/2015,2196,United States,Female,6.5, $111.20 
4679,6/18/2015,2238,United States,Female,10.5, $179.00 
4680,6/18/2015,2180,United Kingdom,Male,9, $189.00 
4681,6/18/2015,2212,United Kingdom,Male,9.5, $149.00 
4682,6/18/2015,2208,United States,Female,8.5, $189.00 
4683,6/18/2015,2197,United States,Male,7, $111.20 
4684,6/18/2015,2174,Germany,Male,9.5, $179.00 
4685,6/18/2015,2200,Canada,Female,9.5, $169.00 
4686,6/18/2015,2232,Germany,Female,8, $169.00 
4687,6/18/2015,2203,Germany,Male,9, $135.20 
4688,6/18/2015,2197,Germany,Male,10, $125.30 
4689,6/18/2015,2215,Canada,Male,8.5, $169.00 
4690,6/18/2015,2161,Germany,Male,9.5, $79.50 
4691,6/18/2015,2237,Germany,Male,13, $143.20 
4692,6/18/2015,2176,United States,Female,6.5, $103.20 
4693,6/18/2015,2173,United States,Female,7.5, $119.20 
4694,6/18/2015,2226,United States,Male,9, $159.00 
4695,6/18/2015,2238,United Kingdom,Male,9, $159.20 
4696,6/18/2015,2185,United States,Male,10, $111.30 
4697,6/18/2015,2222,Germany,Male,7, $64.50 
4698,6/19/2015,2192,United States,Male,10.5, $169.00 
4699,6/19/2015,2153,Canada,Male,9.5, $159.00 
4700,6/19/2015,2187,Canada,Female,6.5, $159.00 
4701,6/19/2015,2179,,Unix,10, $125.30 
4702,6/19/2015,2170,United States,Female,6.5, $74.50 
4703,6/19/2015,2168,United States,Male,8.5, $199.00 
4704,6/19/2015,2191,United Kingdom,Male,9, $116.10 
4705,6/19/2015,2180,Canada,Male,9.5, $139.00 
4706,6/19/2015,2226,United States,Female,9.5, $161.10 
4707,6/19/2015,2223,United States,Female,4.5, $199.00 
4708,6/19/2015,2206,Canada,Male,9.5, $125.10 
4709,6/19/2015,2174,Germany,Male,9.5, $179.00 
4710,6/19/2015,2225,United States,Male,8, $189.00 
4711,6/19/2015,2209,United Kingdom,Female,8, $149.00 
4712,6/19/2015,2212,Germany,Male,10.5, $97.30 
4713,6/19/2015,2174,Germany,Female,7.5, $134.10 
4714,6/19/2015,2203,Canada,Male,10, $111.20 
4715,6/19/2015,2228,Germany,Male,7.5, $159.00 
4716,6/19/2015,2154,Germany,Male,11.5, $132.30 
4717,6/19/2015,2201,Germany,Female,10.5, $169.00 
4718,6/19/2015,2224,Canada,Female,9, $129.00 
4719,6/20/2015,2226,Germany,Male,10.5, $94.50 
4720,6/20/2015,2152,Germany,Female,7.5, $143.10 
4721,6/20/2015,2176,Canada,Male,9, $116.10 
4722,6/20/2015,2222,United States,Male,10.5, $179.00 
4723,6/20/2015,2175,United States,Female,8, $199.00 
4724,6/20/2015,2147,United States,Male,8.5, $129.00 
4725,6/20/2015,2207,United States,Male,10.5, $104.30 
4726,6/20/2015,2217,Germany,Female,8.5, $97.30 
4727,6/20/2015,2237,United States,Female,7, $169.00 
4728,6/20/2015,2218,United Kingdom,Male,6, $79.50 
4729,6/20/2015,2214,Canada,Female,8.5, $199.00 
4730,6/20/2015,2191,United States,Female,8, $189.00 
4731,6/20/2015,2202,Germany,Male,9, $149.00 
4732,6/20/2015,2180,Canada,Male,9, $97.30 
4733,6/21/2015,2152,Canada,Female,9.5, $179.00 
4734,6/21/2015,2173,Canada,Male,10.5, $179.00 
4735,6/21/2015,2164,Germany,Female,7.5, $199.00 
4736,6/21/2015,2184,United States,Female,6.5, $159.20 
4737,6/21/2015,2227,United States,Male,9, $199.00 
4738,6/21/2015,2219,United States,Male,10, $143.20 
4739,6/21/2015,2179,United States,Male,10, $125.30 
4740,6/21/2015,2220,Germany,Male,9, $170.10 
4741,6/21/2015,2203,United States,Female,9, $139.30 
4742,6/21/2015,2222,Germany,Male,7, $64.50 
4743,6/21/2015,2214,Canada,Female,8, $170.10 
4744,6/22/2015,2231,Canada,Female,8, $151.20 
4745,6/22/2015,2216,Canada,Male,10.5, $152.10 
4746,6/22/2015,2207,United Kingdom,Male,9.5, $159.00 
4747,6/22/2015,2239,United States,Female,7.5, $149.00 
4748,6/22/2015,2214,Germany,Male,9.5, $129.00 
4749,6/22/2015,2239,Germany,Male,11, $89.50 
4750,6/22/2015,2206,Germany,Male,9, $179.00 
4751,6/22/2015,2201,United States,Unix,6.5, $139.00 
4752,6/22/2015,2156,Germany,Female,8.5, $179.00 
4753,6/22/2015,2194,Germany,Female,8.5, $169.00 
4754,6/22/2015,2212,United States,Male,11.5, $111.20 
4755,6/22/2015,2223,United States,Male,9, $199.00 
4756,6/22/2015,2218,Germany,Male,11.5, $189.00 
4757,6/22/2015,2222,United States,Female,9, $179.00 
4758,6/22/2015,2219,Germany,Male,10.5, $125.30 
4759,6/22/2015,2153,United States,Female,7, $94.50 
4760,6/23/2015,2151,United States,Male,9, $79.50 
4761,6/23/2015,2157,United States,Female,7, $129.00 
4762,6/23/2015,2148,United States,Female,9, $149.00 
4763,6/23/2015,2217,Germany,Male,10.5, $139.00 
4764,6/23/2015,2173,Canada,Male,10.5, $179.00 
4765,6/23/2015,2175,United States,Female,8.5, $129.00 
4766,6/23/2015,2226,United States,Male,9.5, $189.00 
4767,6/23/2015,2228,Germany,Male,7.5, $159.00 
4768,6/23/2015,2214,Germany,Male,9.5, $129.00 
4769,6/23/2015,2218,Germany,Male,11.5, $189.00 
4770,6/23/2015,2184,United States,Female,9, $151.20 
4771,6/23/2015,2220,Canada,Female,8, $169.00 
4772,6/23/2015,2238,United States,Female,9, $199.00 
4773,6/23/2015,2161,Canada,Female,8.5, $64.50 
4774,6/23/2015,2200,United States,Female,8, $199.00 
4775,6/24/2015,2219,United States,Female,7.5, $94.50 
4776,6/24/2015,2216,Canada,Male,10.5, $152.10 
4777,6/24/2015,2173,United States,Female,7.5, $119.20 
4778,6/24/2015,2235,Canada,Female,6.5, $199.00 
4779,6/24/2015,2182,Germany,Male,10.5, $134.10 
4780,6/24/2015,2224,United States,Female,7.5, $199.00 
4781,6/24/2015,2167,United States,Female,7.5, $170.10 
4782,6/24/2015,2213,United States,Male,13, $97.30 
4783,6/24/2015,2197,United States,Male,6, $111.20 
4784,6/24/2015,2213,United States,Female,7, $159.20 
4785,6/24/2015,2193,United States,Male,9.5, $189.00 
4786,6/24/2015,2149,Germany,Female,8.5, $139.00 
4787,6/24/2015,2196,Germany,Male,11.5, $129.00 
4788,6/24/2015,2192,United States,Female,9, $149.00 
4789,6/24/2015,2184,United States,Male,9.5, $179.00 
4790,6/24/2015,2203,United Kingdom,Male,10.5, $199.00 
4791,6/24/2015,2184,Canada,Female,8.5, $135.20 
4792,6/24/2015,2198,Germany,Male,13, $179.00 
4793,6/25/2015,2197,United States,Male,7, $111.20 
4794,6/25/2015,2164,Canada,Male,9.5, $189.00 
4795,6/25/2015,2166,United States,Male,11.5, $189.00 
4796,6/25/2015,2195,United Kingdom,Male,10, $199.00 
4797,6/25/2015,2231,Canada,Female,8.5, $199.00 
4798,6/25/2015,2178,United States,Male,11.5, $116.10 
4799,6/25/2015,2157,United States,Female,8.5, $149.00 
4800,6/25/2015,2202,Germany,Female,8.5, $84.50 
4801,,2218,United States,Unix,10.5, $161.10 
4802,6/25/2015,2168,Germany,Female,8.5, $111.20 
4803,6/25/2015,2239,United States,Female,7.5, $149.00 
4804,6/25/2015,2162,Germany,Male,11, $151.20 
4805,6/25/2015,2215,United States,Male,10.5, $199.00 
4806,6/25/2015,2197,Germany,Female,9, $127.20 
4807,6/25/2015,2239,United States,Female,9, $64.50 
4808,6/25/2015,2172,Germany,Male,9.5, $199.00 
4809,6/25/2015,2175,United States,Female,8, $199.00 
4810,6/25/2015,2240,United States,Male,8.5, $161.10 
4811,6/26/2015,2225,Germany,Female,8.5, $169.00 
4812,6/26/2015,2190,Canada,Male,11, $149.00 
4813,6/26/2015,2164,Canada,Female,8.5, $152.10 
4814,6/26/2015,2184,United States,Male,11, $179.00 
4815,6/26/2015,2178,United States,Male,11.5, $116.10 
4816,6/26/2015,2216,Canada,Male,10.5, $152.10 
4817,6/26/2015,2180,United States,Male,10, $189.00 
4818,6/26/2015,2160,Canada,Female,9, $129.00 
4819,6/26/2015,2217,United States,Female,7.5, $151.20 
4820,6/26/2015,2218,United States,Male,10.5, $161.10 
4821,6/26/2015,2193,Germany,Female,9, $179.00 
4822,6/26/2015,2160,Canada,Female,8.5, $179.10 
4823,6/26/2015,2228,Germany,Female,7.5, $159.00 
4824,6/26/2015,2172,Canada,Female,8.5, $139.00 
4825,6/27/2015,2241,United States,Female,8.5, $127.20 
4826,6/27/2015,2157,United States,Female,8.5, $149.00 
4827,6/27/2015,2226,Germany,Female,8, $89.50 
4828,6/27/2015,2179,United States,Female,7.5, $69.50 
4829,6/27/2015,2154,United States,Female,4.5, $143.10 
4830,6/27/2015,2197,United States,Male,9.5, $118.30 
4831,6/27/2015,2149,United States,Male,11.5, $179.00 
4832,6/27/2015,2239,Germany,Female,9, $149.00 
4833,6/27/2015,2222,United States,Female,9, $125.10 
4834,6/28/2015,2151,United States,Male,9, $79.50 
4835,6/28/2015,2153,United States,Male,10, $149.00 
4836,6/28/2015,2178,United States,Male,11.5, $116.10 
4837,6/28/2015,2223,United States,Female,8.5, $169.00 
4838,6/28/2015,2222,Germany,Male,9, $149.00 
4839,6/28/2015,2168,Germany,Female,7, $94.50 
4840,6/28/2015,2161,United States,Female,7.5, $189.00 
4841,6/28/2015,2217,United States,Male,9, $103.20 
4842,6/28/2015,2171,Canada,Male,11.5, $129.00 
4843,6/28/2015,2228,Canada,Female,8, $132.30 
4844,6/28/2015,2227,Germany,Male,10.5, $129.00 
4845,6/28/2015,2216,Canada,Male,9.5, $199.00 
4846,6/29/2015,2218,Canada,Male,11, $149.00 
4847,6/29/2015,2222,Germany,Male,10, $161.10 
4848,6/29/2015,2241,United States,Female,8.5, $127.20 
4849,6/29/2015,2186,Germany,Male,10, $94.50 
4850,6/29/2015,2206,Canada,Male,10.5, $116.10 
4851,6/29/2015,2213,Germany,Unix,10, $199.00 
4852,6/29/2015,2189,Germany,Female,7, $189.00 
4853,6/29/2015,2231,Germany,Female,8, $111.30 
4854,6/29/2015,2184,Germany,Male,8.5, $159.00 
4855,6/29/2015,2205,Canada,Male,9, $139.00 
4856,6/29/2015,2213,Germany,Female,8.5, $90.30 
4857,6/29/2015,2203,United States,Male,10, $170.10 
4858,6/29/2015,2190,Germany,Male,10, $189.00 
4859,6/29/2015,2174,Germany,Male,10.5, $189.00 
4860,6/29/2015,2192,Germany,Female,4.5, $149.00 
4861,6/29/2015,2180,United States,Male,10, $189.00 
4862,6/29/2015,2235,United States,Male,10.5, $97.30 
4863,6/30/2015,2183,Canada,Male,9.5, $199.00 
4864,6/30/2015,2207,United Kingdom,Male,9.5, $159.00 
4865,6/30/2015,2180,United Kingdom,Male,11.5, $143.10 
4866,6/30/2015,2150,Germany,Male,10, $169.00 
4867,6/30/2015,2153,United States,Male,10, $149.00 
4868,6/30/2015,2212,United Kingdom,Male,8.5, $139.30 
4869,6/30/2015,2200,United States,Female,8, $199.00 
4870,6/30/2015,2220,Germany,Female,7, $159.00 
4871,6/30/2015,2206,Canada,Female,9, $199.00 
4872,6/30/2015,2191,United States,Male,9, $169.00 
4873,6/30/2015,2202,Canada,Female,8, $149.00 
4874,6/30/2015,2172,Germany,Male,9.5, $169.00 
4875,6/30/2015,2189,Canada,Male,8.5, $69.50 
4876,6/30/2015,2148,United States,Female,8.5, $139.00 
4877,6/30/2015,2168,Canada,Female,6, $189.00 
4878,7/1/2015,2167,United States,Female,7.5, $189.00 
4879,7/1/2015,2160,Canada,Male,9, $179.10 
4880,7/1/2015,2188,United States,Female,9.5, $159.20 
4881,7/1/2015,2205,United States,Male,9.5, $64.50 
4882,7/1/2015,2225,United Kingdom,Male,9.5, $169.00 
4883,7/1/2015,2169,United States,Female,8.5, $149.00 
4884,7/1/2015,2198,Germany,Male,9, $170.10 
4885,7/1/2015,2173,Germany,Female,8, $129.00 
4886,7/1/2015,2170,United States,Male,9, $189.00 
4887,7/1/2015,2159,United States,Male,10.5, $159.00 
4888,7/1/2015,2190,Canada,Female,8.5, $143.10 
4889,7/1/2015,2220,Canada,Male,8, $169.00 
4890,7/1/2015,2234,Canada,Male,9.5, $104.30 
4891,7/1/2015,2242,Germany,Female,7, $132.30 
4892,7/1/2015,2201,Germany,Female,8, $139.00 
4893,7/1/2015,2150,United States,Male,9.5, $139.30 
4894,7/1/2015,2216,Canada,Female,7.5, $169.00 
4895,7/1/2015,2189,United States,Female,8, $139.00 
4896,7/2/2015,2227,Germany,Male,10.5, $129.00 
4897,7/2/2015,2168,United States,Female,8, $119.20 
4898,7/2/2015,2175,United States,Female,9.5, $199.00 
4899,7/2/2015,2198,United States,Male,9, $84.50 
4900,7/2/2015,2177,Canada,Female,8, $119.20 
4901,7/2/2015,2242,Germany,Unix,9.5, $179.00 
4902,7/2/2015,2155,United States,Male,13, $139.00 
4903,7/2/2015,2239,Germany,Male,9.5, $139.30 
4904,7/2/2015,2216,United States,Male,8.5, $169.00 
4905,7/2/2015,2161,Canada,Female,8.5, $64.50 
4906,7/2/2015,2214,United States,Female,6.5, $149.00 
4907,7/2/2015,2168,Canada,Female,6.5, $64.50 
4908,7/2/2015,2168,United States,Female,7, $152.10 
4909,7/2/2015,2189,United States,Male,8.5, $90.30 
4910,7/3/2015,2204,United States,Female,7.5, $159.00 
4911,7/3/2015,2156,Germany,Male,9, $139.00 
4912,7/3/2015,2184,Germany,Male,8.5, $159.00 
4913,7/3/2015,2165,United States,Female,9.5, $199.00 
4914,7/3/2015,2236,United States,Male,9.5, $74.50 
4915,7/3/2015,2203,Germany,Male,9, $189.00 
4916,7/3/2015,2151,United States,Male,10, $84.50 
4917,7/3/2015,2241,United States,Female,8.5, $170.10 
4918,7/3/2015,2210,United Kingdom,Male,11, $129.00 
4919,7/3/2015,2175,United States,Female,9, $139.00 
4920,7/3/2015,2163,United States,Female,8.5, $64.50 
4921,7/3/2015,2215,United States,Female,9, $169.00 
4922,7/3/2015,2213,United States,Male,9.5, $74.50 
4923,7/3/2015,2226,United States,Male,9, $79.50 
4924,7/3/2015,2196,Germany,Female,7.5, $149.00 
4925,7/4/2015,2167,United States,Female,7.5, $189.00 
4926,7/4/2015,2183,United States,Female,9.5, $159.20 
4927,7/4/2015,2226,Canada,Female,8, $134.10 
4928,7/4/2015,2242,United States,Female,8.5, $135.20 
4929,7/4/2015,2235,United Kingdom,Male,10.5, $84.50 
4930,7/4/2015,2176,United Kingdom,Male,10, $179.10 
4931,7/4/2015,2153,United Kingdom,Female,8, $64.50 
4932,7/4/2015,2196,Canada,Male,8.5, $89.50 
4933,7/4/2015,2168,United States,Female,8, $119.20 
4934,7/4/2015,2170,United States,Male,10.5, $119.20 
4935,7/4/2015,2184,United States,Female,9, $179.00 
4936,7/4/2015,2221,Germany,Female,7.5, $159.00 
4937,7/4/2015,2190,United States,Male,10, $159.00 
4938,7/4/2015,2219,United States,Male,9.5, $199.00 
4939,7/4/2015,2224,Germany,Female,9, $179.00 
4940,7/4/2015,2186,United States,Male,10, $84.50 
4941,7/5/2015,2202,Germany,Male,10.5, $139.00 
4942,7/5/2015,2227,Germany,Female,8, $64.50 
4943,7/5/2015,2149,United States,Male,10, $159.00 
4944,7/5/2015,2204,United Kingdom,Female,7.5, $179.00 
4945,7/5/2015,2235,United Kingdom,Male,10.5, $84.50 
4946,7/5/2015,2233,United States,Male,10, $64.50 
4947,7/5/2015,2158,Germany,Male,6.5, $143.10 
4948,7/5/2015,2184,Germany,Male,8.5, $159.00 
4949,7/5/2015,2227,United States,Male,9, $199.00 
4950,7/5/2015,2191,United States,Female,8, $139.00 
4951,7/5/2015,2182,United States,Unix,7.5, $161.10 
4952,7/5/2015,2186,United States,Female,8.5, $143.10 
4953,7/5/2015,2195,Germany,Female,9, $143.20 
4954,7/6/2015,2239,United States,Female,8, $84.50 
4955,7/6/2015,2153,Canada,Male,9.5, $169.00 
4956,7/6/2015,2231,Canada,Male,10.5, $129.00 
4957,7/6/2015,2168,United States,Female,7, $152.10 
4958,7/6/2015,2169,Canada,Male,11.5, $129.00 
4959,7/6/2015,2192,Germany,Male,10.5, $189.00 
4960,7/6/2015,2157,Canada,Male,9.5, $179.10 
4961,7/6/2015,2235,United States,Male,10.5, $179.00 
4962,7/6/2015,2213,Germany,Female,10, $111.30 
4963,7/6/2015,2160,United States,Male,10.5, $169.00 
4964,7/6/2015,2186,United States,Male,10, $84.50 
4965,7/6/2015,2223,Germany,Female,9.5, $118.30 
4966,7/6/2015,2172,United States,Male,9, $125.10 
4967,7/6/2015,2207,United States,Male,8.5, $179.10 
4968,7/7/2015,2235,United States,Female,8, $149.00 
4969,7/7/2015,2182,Germany,Male,10.5, $139.00 
4970,7/7/2015,2196,Canada,Male,8.5, $104.30 
4971,7/7/2015,2212,Canada,Male,10.5, $169.00 
4972,7/7/2015,2163,Germany,Male,10, $79.50 
4973,7/7/2015,2201,Germany,Female,8, $189.00 
4974,7/7/2015,2156,Canada,Male,11, $149.00 
4975,7/7/2015,2194,Canada,Male,10.5, $159.00 
4976,7/7/2015,2204,United States,Female,9, $159.00 
4977,7/7/2015,2202,United States,Male,9.5, $139.00 
4978,7/7/2015,2159,United States,Male,10.5, $159.00 
4979,7/7/2015,2234,Germany,Female,9.5, $94.50 
4980,7/7/2015,2236,Germany,Female,8.5, $179.00 
4981,7/7/2015,2228,United States,Male,9.5, $170.10 
4982,7/7/2015,2239,United States,Female,8.5, $139.00 
4983,7/7/2015,2240,United States,Male,10, $149.00 
4984,7/7/2015,2232,Canada,Female,10, $169.00 
4985,7/8/2015,2174,Canada,Female,7.5, $99.50 
4986,7/8/2015,2164,Germany,Male,9.5, $143.20 
4987,7/8/2015,2169,Canada,Male,11.5, $129.00 
4988,7/8/2015,2238,Germany,Female,7.5, $179.00 
4989,7/8/2015,2228,Germany,Female,7.5, $116.10 
4990,7/8/2015,2213,United States,Female,7.5, $199.00 
4991,7/8/2015,2157,United States,Female,8.5, $74.50 
4992,7/8/2015,2182,Germany,Male,10.5, $139.00 
4993,7/8/2015,2157,United States,Male,9, $97.30 
4994,7/8/2015,2175,Germany,Male,8.5, $151.20 
4995,7/8/2015,2186,United States,Female,8, $139.00 
4996,7/8/2015,2222,United States,Male,11, $135.20 
4997,7/9/2015,2211,Germany,Male,9.5, $169.00 
4998,7/9/2015,2198,Germany,Male,9, $170.10 
4999,7/9/2015,2165,Germany,Male,10, $169.00 
5000,7/9/2015,2210,Canada,Female,9, $129.00 
5001,7/9/2015,2235,United States,,10.5, $179.00 
5002,7/9/2015,2186,United States,Male,10, $84.50 
5003,7/9/2015,2236,United States,Male,8, $179.00 
5004,7/9/2015,2212,Canada,Male,10.5, $169.00 
5005,7/9/2015,2176,Germany,Female,9.5, $169.00 
5006,7/9/2015,2171,Germany,Male,9.5, $134.10 
5007,7/9/2015,2163,United States,Male,10, $135.20 
5008,7/9/2015,2236,United States,Male,10, $169.00 
5009,7/9/2015,2220,Canada,Male,10.5, $159.00 
5010,7/9/2015,2193,Germany,Female,10.5, $125.10 
5011,7/9/2015,2221,United Kingdom,Male,10.5, $139.00 
5012,7/9/2015,2164,Canada,Male,10.5, $135.20 
5013,7/9/2015,2229,United States,Male,8, $159.00 
5014,7/9/2015,2233,Germany,Male,6.5, $74.50 
5015,7/9/2015,2164,Germany,Male,9.5, $143.20 
5016,7/9/2015,2192,United States,Female,8, $69.50 
5017,7/10/2015,2215,United States,Female,8, $149.00 
5018,7/10/2015,2204,Germany,Female,7.5, $189.00 
5019,7/10/2015,2235,United States,Male,10.5, $179.00 
5020,7/10/2015,2172,United Kingdom,Male,9, $170.10 
5021,7/10/2015,2206,Canada,Male,11, $111.30 
5022,7/10/2015,2203,Canada,Female,9, $149.00 
5023,7/10/2015,2163,Germany,Male,10, $79.50 
5024,7/10/2015,2196,Canada,Male,10.5, $125.10 
5025,7/10/2015,2198,Germany,Female,10.5, $149.00 
5026,7/10/2015,2242,United States,Male,6, $199.00 
5027,7/10/2015,2233,Germany,Male,6.5, $74.50 
5028,7/10/2015,2191,Germany,Female,8.5, $169.00 
5029,7/10/2015,2160,United States,Male,10.5, $169.00 
5030,7/10/2015,2206,United States,Female,8.5, $89.50 
5031,7/11/2015,2179,United States,Female,7.5, $69.50 
5032,7/11/2015,2163,Germany,Female,7.5, $199.00 
5033,7/11/2015,2210,United Kingdom,Male,11, $129.00 
5034,7/11/2015,2174,Germany,Male,10, $119.20 
5035,7/11/2015,2192,United States,Female,9, $149.00 
5036,7/11/2015,2195,United States,Male,14, $139.00 
5037,7/11/2015,2203,United States,Male,10, $170.10 
5038,7/11/2015,2210,United States,Female,9, $189.00 
5039,7/11/2015,2235,Germany,Female,7, $127.20 
5040,7/11/2015,2168,Germany,Female,7.5, $159.00 
5041,7/11/2015,2147,Germany,Female,9, $129.00 
5042,7/11/2015,2223,Germany,Female,10.5, $169.00 
5043,7/11/2015,2198,United States,Male,7.5, $169.00 
5044,7/11/2015,2171,Germany,Female,8.5, $159.00 
5045,7/11/2015,2161,United States,Male,10.5, $149.00 
5046,7/11/2015,2223,Germany,Female,9.5, $118.30 
5047,7/12/2015,2188,Germany,Female,7.5, $159.00 
5048,7/12/2015,2170,Germany,Male,10.5, $139.00 
5049,7/12/2015,2196,Germany,Male,15, $139.00 
5050,7/12/2015,2241,Germany,Male,8, $90.30 
5051,7/12/2015,2201,United Kingdom,Unix,9, $111.20 
5052,7/12/2015,2162,United States,Male,9, $149.00 
5053,7/12/2015,2148,United States,Female,8.5, $139.00 
5054,7/12/2015,2181,Canada,Female,9, $139.30 
5055,7/12/2015,2232,United States,Female,9, $179.00 
5056,7/12/2015,2204,Germany,Female,8.5, $125.30 
5057,7/12/2015,2183,United States,Male,12, $152.10 
5058,7/12/2015,2174,United States,Female,8.5, $99.50 
5059,7/12/2015,2240,United States,Male,10, $179.00 
5060,7/13/2015,2189,Germany,Male,10, $169.00 
5061,7/13/2015,2179,United States,Female,8, $64.50 
5062,7/13/2015,2222,United States,Female,9, $179.00 
5063,7/13/2015,2214,United States,Male,11.5, $139.00 
5064,7/13/2015,2174,Germany,Male,10, $119.20 
5065,7/13/2015,2172,United Kingdom,Male,9, $170.10 
5066,7/13/2015,2177,United States,Male,9, $189.00 
5067,7/13/2015,2226,United States,Male,11.5, $179.00 
5068,7/14/2015,2194,United States,Male,9.5, $125.30 
5069,7/14/2015,2225,Germany,Male,10.5, $169.00 
5070,7/14/2015,2185,Canada,Female,6.5, $135.20 
5071,7/14/2015,2147,Germany,Male,9, $159.00 
5072,7/14/2015,2195,United States,Male,14, $139.00 
5073,7/14/2015,2202,United States,Male,9.5, $139.00 
5074,7/14/2015,2157,Canada,Male,9, $179.00 
5075,7/14/2015,2234,United States,Female,9.5, $139.00 
5076,7/14/2015,2186,United States,Female,8, $139.00 
5077,7/14/2015,2218,Canada,Male,11, $139.00 
5078,7/14/2015,2163,United States,Female,9, $118.30 
5079,7/14/2015,2193,United States,Male,10, $179.00 
5080,7/14/2015,2166,Canada,Male,7.5, $159.00 
5081,7/14/2015,2192,United States,Female,9, $149.00 
5082,7/14/2015,2233,United States,Male,9.5, $125.10 
5083,7/15/2015,2169,Canada,Male,11.5, $129.00 
5084,7/15/2015,2217,United States,Male,9.5, $159.00 
5085,7/15/2015,2179,United States,Female,8, $64.50 
5086,7/15/2015,2226,Canada,Male,10, $189.00 
5087,7/15/2015,2237,Germany,Male,15, $97.30 
5088,7/15/2015,2195,United States,Female,8, $127.20 
5089,7/15/2015,2156,Canada,Male,11, $149.00 
5090,7/15/2015,2178,Canada,Male,9.5, $104.30 
5091,7/15/2015,2193,United States,Male,9.5, $189.00 
5092,7/15/2015,2216,Canada,Male,10.5, $139.00 
5093,7/15/2015,2238,United States,Male,9, $149.00 
5094,7/15/2015,2185,Canada,Female,6.5, $135.20 
5095,7/15/2015,2174,United Kingdom,Male,10, $139.30 
5096,7/15/2015,2184,Germany,Female,8.5, $104.30 
5097,7/15/2015,2202,United States,Female,7.5, $94.50 
5098,7/16/2015,2188,Germany,Female,7.5, $159.00 
5099,7/16/2015,2208,Germany,Male,9, $189.00 
5100,7/16/2015,2226,United States,Male,11.5, $179.00 
5101,7/16/2015,2188,Canada,Unix,, $104.30 
5102,7/16/2015,2161,United States,Male,10.5, $149.00 
5103,7/16/2015,2196,United States,Female,8, $179.00 
5104,7/16/2015,2193,United States,Female,9.5, $143.10 
5105,7/16/2015,2226,Canada,Male,10, $189.00 
5106,7/17/2015,2189,Germany,Male,10, $169.00 
5107,7/17/2015,2208,Canada,Male,9, $79.50 
5108,7/17/2015,2173,Germany,Male,10.5, $169.00 
5109,7/17/2015,2209,United States,Female,8, $139.30 
5110,7/17/2015,2240,United States,Male,10, $64.50 
5111,7/17/2015,2149,Germany,Female,7, $179.10 
5112,7/17/2015,2226,United States,Female,8, $179.00 
5113,7/17/2015,2241,Germany,Male,8, $90.30 
5114,7/17/2015,2153,United States,Female,7, $94.50 
5115,7/17/2015,2203,Canada,Male,9.5, $189.00 
5116,7/17/2015,2150,United States,Female,9, $199.00 
5117,7/17/2015,2226,United States,Male,9, $159.00 
5118,7/17/2015,2189,Germany,Male,9.5, $179.00 
5119,7/17/2015,2197,Germany,Male,8.5, $189.00 
5120,7/17/2015,2218,Canada,Male,11, $139.00 
5121,7/17/2015,2157,United States,Female,7.5, $139.00 
5122,7/17/2015,2226,United States,Male,10, $129.00 
5123,7/18/2015,2169,United States,Male,9, $103.20 
5124,7/18/2015,2232,United States,Male,11, $119.20 
5125,7/18/2015,2170,United States,Female,7.5, $179.00 
5126,7/18/2015,2219,Canada,Female,7.5, $129.00 
5127,7/18/2015,2193,United States,Male,7.5, $104.30 
5128,7/18/2015,2175,Canada,Male,8.5, $169.00 
5129,7/18/2015,2177,United States,Female,7, $129.00 
5130,7/18/2015,2165,United States,Male,8.5, $199.00 
5131,7/18/2015,2148,Germany,Female,8, $199.00 
5132,7/18/2015,2204,Germany,Male,9, $199.00 
5133,7/18/2015,2195,United States,Female,8, $127.20 
5134,7/18/2015,2201,Germany,Male,15, $129.00 
5135,7/18/2015,2164,Germany,Male,10, $104.30 
5136,7/18/2015,2216,Canada,Male,10.5, $139.00 
5137,7/18/2015,2237,United States,Female,6.5, $94.50 
5138,7/19/2015,2151,United States,Female,8, $143.20 
5139,7/19/2015,2223,Germany,Female,9.5, $118.30 
5140,7/19/2015,2200,Germany,Male,7.5, $132.30 
5141,7/19/2015,2185,Germany,Male,10.5, $179.00 
5142,7/19/2015,2154,Germany,Male,9.5, $159.20 
5143,7/19/2015,2224,United Kingdom,Female,7.5, $99.50 
5144,7/19/2015,2164,Germany,Male,13, $189.00 
5145,7/19/2015,2217,Germany,Male,8, $125.30 
5146,7/19/2015,2225,Germany,Male,10.5, $169.00 
5147,7/19/2015,2180,Canada,Male,9, $97.30 
5148,7/20/2015,2240,United States,Male,10, $179.00 
5149,7/20/2015,2169,United States,Male,9.5, $119.20 
5150,7/20/2015,2173,Germany,Male,12, $169.00 
5151,7/20/2015,2172,Germany,Unix,9, $129.00 
5152,7/20/2015,2181,United States,Male,6.5, $179.00 
5153,7/20/2015,2199,Germany,Male,10, $159.00 
5154,7/20/2015,2238,Germany,Male,10, $199.00 
5155,7/20/2015,2222,Canada,Female,8.5, $129.00 
5156,7/20/2015,2240,United States,Female,7, $170.10 
5157,7/20/2015,2148,Canada,Male,9.5, $149.00 
5158,7/20/2015,2242,Germany,Male,9, $189.00 
5159,7/20/2015,2175,Canada,Male,8.5, $169.00 
5160,7/20/2015,2191,Germany,Male,10.5, $149.00 
5161,7/20/2015,2176,United States,Female,6.5, $103.20 
5162,7/20/2015,2211,Germany,Male,9, $74.50 
5163,7/21/2015,2186,Germany,Male,11, $161.10 
5164,7/21/2015,2191,United States,Male,10.5, $139.00 
5165,7/21/2015,2205,Germany,Female,8, $111.30 
5166,7/21/2015,2157,United Kingdom,Female,7.5, $119.20 
5167,7/21/2015,2173,United Kingdom,Female,7.5, $149.00 
5168,7/21/2015,2173,Canada,Male,10.5, $119.20 
5169,7/21/2015,2238,Germany,Male,9.5, $64.50 
5170,7/21/2015,2193,Germany,Male,9, $152.10 
5171,7/21/2015,2241,Germany,Male,8, $90.30 
5172,7/21/2015,2190,United States,Male,10, $149.00 
5173,7/21/2015,2187,United States,Male,9, $159.00 
5174,7/21/2015,2231,Germany,Male,9, $139.00 
5175,7/21/2015,2238,Germany,Male,10, $199.00 
5176,7/22/2015,2217,United States,Male,9, $139.30 
5177,7/22/2015,2210,United States,Male,9, $97.30 
5178,7/22/2015,2175,United States,Female,8, $199.00 
5179,7/22/2015,2162,United States,Male,11, $143.20 
5180,7/22/2015,2172,Germany,Male,9, $129.00 
5181,7/22/2015,2229,United Kingdom,Female,4.5, $111.20 
5182,7/22/2015,2189,Germany,Male,9.5, $139.00 
5183,7/22/2015,2205,United States,Female,7.5, $119.20 
5184,7/22/2015,2185,United States,Female,11, $118.30 
5185,7/22/2015,2155,Germany,Female,11.5, $94.50 
5186,7/22/2015,2173,Germany,Male,10.5, $169.00 
5187,7/22/2015,2208,United States,Female,8.5, $189.00 
5188,7/23/2015,2173,United States,Male,10, $149.00 
5189,7/23/2015,2206,Canada,Female,9, $199.00 
5190,7/23/2015,2191,Germany,Male,10.5, $149.00 
5191,7/23/2015,2169,United States,Male,9.5, $119.20 
5192,7/23/2015,2155,United States,Female,9.5, $179.00 
5193,7/23/2015,2187,United States,Male,10, $129.00 
5194,7/23/2015,2186,Germany,Male,11, $161.10 
5195,7/23/2015,2189,Germany,Male,9.5, $139.00 
5196,7/23/2015,2187,United States,Female,7.5, $74.50 
5197,7/23/2015,2209,United States,Male,8, $139.00 
5198,7/23/2015,2191,United States,Female,8.5, $143.10 
5199,7/23/2015,2177,United States,Male,9, $189.00 
5200,7/23/2015,2188,Germany,Male,9, $118.30 
5201,7/23/2015,2164,,Unix,8, $94.50 
5202,7/23/2015,2174,United Kingdom,Female,8, $159.00 
5203,7/23/2015,2165,United States,Female,8.5, $90.30 
5204,7/23/2015,2197,Canada,Female,8.5, $111.20 
5205,7/23/2015,2178,United States,Male,9.5, $143.10 
5206,7/24/2015,2217,United States,Female,10, $199.00 
5207,7/24/2015,2173,Canada,Male,10.5, $119.20 
5208,7/24/2015,2233,Canada,Female,9, $159.00 
5209,7/24/2015,2221,United Kingdom,Male,10.5, $116.10 
5210,7/24/2015,2225,Canada,Female,12, $179.00 
5211,7/24/2015,2224,United States,Male,9.5, $159.00 
5212,7/24/2015,2229,United States,Male,11, $97.30 
5213,7/24/2015,2176,United States,Male,9, $199.00 
5214,7/24/2015,2231,United Kingdom,Female,10.5, $169.00 
5215,7/24/2015,2156,Germany,Male,9, $129.00 
5216,7/24/2015,2208,Germany,Female,11.5, $199.00 
5217,7/24/2015,2237,United States,Female,8.5, $84.50 
5218,7/24/2015,2214,United States,Female,6.5, $169.00 
5219,7/24/2015,2173,Canada,Female,8, $179.00 
5220,7/24/2015,2222,Germany,Female,9.5, $125.30 
5221,7/24/2015,2176,Germany,Male,9, $179.00 
5222,7/25/2015,2220,Germany,Male,10.5, $189.00 
5223,7/25/2015,2218,United States,Female,8.5, $134.10 
5224,7/25/2015,2205,United States,Female,10, $97.30 
5225,7/25/2015,2239,Canada,Male,9, $179.10 
5226,7/25/2015,2149,United Kingdom,Female,8, $179.00 
5227,7/25/2015,2155,United States,Female,6.5, $199.00 
5228,7/25/2015,2176,United States,Male,10.5, $152.10 
5229,7/25/2015,2207,United States,Female,10.5, $119.20 
5230,7/25/2015,2231,United States,Female,8, $179.00 
5231,7/25/2015,2193,Germany,Male,9, $152.10 
5232,7/25/2015,2231,Germany,Female,8, $132.30 
5233,7/25/2015,2200,United States,Male,9, $189.00 
5234,7/25/2015,2147,Canada,Male,12, $139.30 
5235,7/26/2015,2156,Germany,Female,8, $119.20 
5236,7/26/2015,2226,Canada,Female,9, $199.00 
5237,7/26/2015,2171,United States,Female,8, $170.10 
5238,7/26/2015,2225,Germany,Male,9.5, $179.00 
5239,7/26/2015,2197,Germany,Male,9.5, $189.00 
5240,7/26/2015,2183,Canada,Female,12, $111.30 
5241,7/26/2015,2197,United States,Female,9, $104.30 
5242,7/26/2015,2225,United States,Male,11.5, $129.00 
5243,7/26/2015,2165,United States,Male,8.5, $199.00 
5244,7/26/2015,2176,United States,Male,10.5, $152.10 
5245,7/26/2015,2238,Germany,Male,9.5, $64.50 
5246,7/26/2015,2220,Canada,Male,9, $149.00 
5247,7/26/2015,2147,Germany,Male,10.5, $179.00 
5248,7/27/2015,2148,United States,Female,7, $69.50 
5249,7/27/2015,2181,Canada,Female,9, $125.10 
5250,7/27/2015,2152,Canada,Female,9.5, $179.00 
5251,7/27/2015,2147,United States,Unix,8.5, $152.10 
5252,7/27/2015,2197,Germany,Male,10.5, $143.20 
5253,7/27/2015,2191,Germany,Male,10.5, $149.00 
5254,7/27/2015,2221,United Kingdom,Male,10.5, $116.10 
5255,7/27/2015,2196,United States,Male,10, $189.00 
5256,7/27/2015,2175,Germany,Male,10, $159.20 
5257,7/27/2015,2238,Canada,Female,7, $97.30 
5258,7/27/2015,2225,United States,Male,11.5, $129.00 
5259,7/27/2015,2174,Germany,Male,9.5, $90.30 
5260,7/28/2015,2174,United Kingdom,Female,8, $159.00 
5261,7/28/2015,2169,Germany,Male,12, $161.10 
5262,7/28/2015,2222,Germany,Female,9.5, $125.30 
5263,7/28/2015,2212,Canada,Male,9.5, $199.00 
5264,7/28/2015,2177,Canada,Female,8, $119.20 
5265,7/28/2015,2181,United States,Male,8.5, $89.50 
5266,7/28/2015,2209,Germany,Male,9, $169.00 
5267,7/28/2015,2202,Germany,Female,8, $111.20 
5268,7/28/2015,2180,United Kingdom,Female,9.5, $169.00 
5269,7/28/2015,2154,United States,Female,8.5, $179.00 
5270,7/28/2015,2184,United States,Female,9, $179.00 
5271,7/28/2015,2210,United States,Male,9, $97.30 
5272,7/28/2015,2206,United States,Male,14, $129.00 
5273,7/28/2015,2176,United States,Female,7.5, $179.00 
5274,7/28/2015,2148,Germany,Male,10.5, $64.50 
5275,7/28/2015,2191,Germany,Male,10, $149.00 
5276,7/28/2015,2177,United States,Female,9, $189.00 
5277,7/29/2015,2192,Germany,Male,12, $151.20 
5278,7/29/2015,2171,Germany,Male,8.5, $139.00 
5279,7/29/2015,2241,Germany,Female,9.5, $149.00 
5280,7/29/2015,2242,Germany,Female,9.5, $159.20 
5281,7/29/2015,2218,United States,Female,8.5, $125.10 
5282,7/29/2015,2161,Germany,Male,10, $159.00 
5283,7/29/2015,2209,Germany,Male,9, $169.00 
5284,7/29/2015,2202,Germany,Female,8, $111.20 
5285,7/29/2015,2239,Canada,Female,9, $139.30 
5286,7/29/2015,2147,United States,Male,6.5, $139.00 
5287,7/29/2015,2175,Canada,Male,10.5, $169.00 
5288,7/29/2015,2211,Germany,Male,9.5, $169.00 
5289,7/29/2015,2213,Germany,Male,11.5, $79.50 
5290,7/29/2015,2177,United States,Male,9, $179.10 
5291,7/29/2015,2219,Canada,Male,9, $179.10 
5292,7/29/2015,2207,United States,Female,6.5, $103.20 
5293,7/29/2015,2182,Canada,Female,10, $189.00 
5294,7/30/2015,2193,United States,Female,8.5, $152.10 
5295,7/30/2015,2173,United States,Male,10, $149.00 
5296,7/30/2015,2193,Germany,Male,9, $152.10 
5297,7/30/2015,2157,Canada,Female,7, $189.00 
5298,7/30/2015,2175,Canada,Female,11.5, $169.00 
5299,7/30/2015,2197,United States,Female,9, $104.30 
5300,7/30/2015,2192,Germany,Male,9, $94.50 
5301,,2227,United States,Unix,10.5, $132.30 
5302,7/30/2015,2220,Germany,Male,10.5, $189.00 
5303,7/30/2015,2209,Germany,Male,9, $169.00 
5304,7/30/2015,2210,Germany,Male,11, $129.00 
5305,7/30/2015,2225,United States,Male,11.5, $129.00 
5306,7/30/2015,2229,Canada,Female,5, $159.00 
5307,7/30/2015,2161,Germany,Female,8, $189.00 
5308,7/30/2015,2186,United States,Male,9.5, $139.30 
5309,7/30/2015,2225,United Kingdom,Male,8.5, $169.00 
5310,7/30/2015,2215,United States,Male,10.5, $159.00 
5311,7/31/2015,2239,United States,Male,9.5, $159.00 
5312,7/31/2015,2163,United States,Male,10, $139.00 
5313,7/31/2015,2181,Canada,Female,7, $179.00 
5314,7/31/2015,2214,Canada,Female,8, $170.10 
5315,7/31/2015,2161,Canada,Female,11.5, $189.00 
5316,7/31/2015,2187,Germany,Male,10.5, $79.50 
5317,7/31/2015,2153,United States,Male,9.5, $90.30 
5318,7/31/2015,2236,United States,Female,9, $189.00 
5319,7/31/2015,2177,United States,Female,9, $189.00 
5320,7/31/2015,2152,Germany,Male,7, $179.00 
5321,7/31/2015,2192,United States,Female,8.5, $169.00 
5322,7/31/2015,2157,United States,Male,10.5, $118.30 
5323,7/31/2015,2169,Canada,Female,5, $159.00 
5324,7/31/2015,2158,United States,Male,9, $189.00 
5325,7/31/2015,2207,United States,Male,8, $139.00 
5326,7/31/2015,2158,United States,Male,7, $170.10 
5327,7/31/2015,2180,United Kingdom,Male,10.5, $159.00 
5328,7/31/2015,2208,Canada,Male,8.5, $151.20 
5329,7/31/2015,2219,Canada,Female,10, $89.50 
5330,7/31/2015,2236,Germany,Female,9.5, $143.20 
5331,8/1/2015,2147,United States,Male,9, $135.20 
5332,8/1/2015,2239,United States,Male,9.5, $84.50 
5333,8/1/2015,2193,United Kingdom,Male,8.5, $125.30 
5334,8/1/2015,2231,Germany,Male,9, $139.00 
5335,8/1/2015,2176,United States,Male,9, $199.00 
5336,8/1/2015,2171,United States,Female,8, $170.10 
5337,8/1/2015,2234,Germany,Female,7.5, $129.00 
5338,8/1/2015,2204,Germany,Male,10, $199.00 
5339,8/1/2015,2234,Canada,Male,11, $127.20 
5340,8/1/2015,2147,United States,Female,8.5, $152.10 
5341,8/1/2015,2201,Germany,Female,8.5, $118.30 
5342,8/1/2015,2177,United States,Male,9, $179.10 
5343,8/1/2015,2224,United States,Female,7.5, $179.10 
5344,8/1/2015,2170,United Kingdom,Female,9.5, $127.20 
5345,8/1/2015,2159,Germany,Male,9.5, $125.30 
5346,8/1/2015,2174,United States,Female,9, $170.10 
5347,8/2/2015,2154,United States,Male,9, $116.10 
5348,8/2/2015,2181,Germany,Male,10.5, $94.50 
5349,8/2/2015,2222,United States,Female,9, $179.00 
5350,8/2/2015,2147,United States,Male,6.5, $139.00 
5351,8/2/2015,2222,Canada,Unix,9, $169.00 
5352,8/2/2015,2158,United States,Female,8.5, $199.00 
5353,8/2/2015,2234,United States,Male,10, $139.00 
5354,8/2/2015,2172,United Kingdom,Female,8.5, $134.10 
5355,8/2/2015,2224,United States,Female,7.5, $179.10 
5356,8/2/2015,2176,Germany,Male,9, $179.00 
5357,8/2/2015,2197,United States,Male,10, $151.20 
5358,8/2/2015,2200,United States,Male,9.5, $179.00 
5359,8/2/2015,2162,Canada,Male,10.5, $189.00 
5360,8/2/2015,2232,United Kingdom,Female,8, $139.00 
5361,8/3/2015,2197,United States,Male,9, $125.10 
5362,8/3/2015,2160,Canada,Male,8.5, $104.30 
5363,8/3/2015,2166,United States,Female,10, $199.00 
5364,8/3/2015,2199,Canada,Male,8.5, $179.00 
5365,8/3/2015,2153,United States,Male,9.5, $99.50 
5366,8/3/2015,2213,Germany,Male,11.5, $79.50 
5367,8/3/2015,2188,United States,Female,8.5, $149.00 
5368,8/3/2015,2204,Germany,Female,10.5, $74.50 
5369,8/3/2015,2234,Germany,Female,7.5, $129.00 
5370,8/3/2015,2163,Germany,Male,11, $152.10 
5371,8/3/2015,2176,Germany,Male,9, $179.00 
5372,8/3/2015,2180,United States,Female,8, $149.00 
5373,8/3/2015,2153,United States,Male,9.5, $90.30 
5374,8/3/2015,2167,Canada,Female,8, $139.00 
5375,8/3/2015,2230,United Kingdom,Male,9, $139.00 
5376,8/3/2015,2239,Canada,Female,9, $159.00 
5377,8/4/2015,2226,United States,Male,9.5, $119.20 
5378,8/4/2015,2208,Canada,Male,8.5, $151.20 
5379,8/4/2015,2169,Germany,Male,12, $161.10 
5380,8/4/2015,2147,Canada,Female,9, $139.30 
5381,8/4/2015,2221,United States,Male,10, $129.00 
5382,8/4/2015,2147,United States,Female,8.5, $97.30 
5383,8/4/2015,2212,Germany,Male,10.5, $129.00 
5384,8/4/2015,2222,Canada,Female,10.5, $199.00 
5385,8/4/2015,2160,United States,Male,9.5, $179.00 
5386,8/4/2015,2177,Germany,Female,10.5, $99.50 
5387,8/4/2015,2183,United Kingdom,Male,10, $179.00 
5388,8/4/2015,2187,United Kingdom,Female,9, $149.00 
5389,8/5/2015,2152,Germany,Female,7.5, $143.10 
5390,8/5/2015,2202,United States,Male,15, $139.00 
5391,8/5/2015,2234,United States,Male,9, $149.00 
5392,8/5/2015,2167,United States,Male,6.5, $127.20 
5393,8/5/2015,2151,United States,Male,10.5, $159.00 
5394,8/5/2015,2200,United States,Male,9.5, $179.00 
5395,8/5/2015,2195,United States,Male,9.5, $132.30 
5396,8/5/2015,2158,United States,Female,8.5, $199.00 
5397,8/5/2015,2221,United States,Male,10.5, $127.20 
5398,8/5/2015,2227,United States,Female,9, $179.00 
5399,8/6/2015,2181,Germany,Female,9.5, $79.50 
5400,8/6/2015,2208,Canada,Male,8.5, $151.20 
5401,8/6/2015,2220,Canada,Unix,6.5, $97.30 
5402,8/6/2015,2184,United States,Female,10.5, $139.00 
5403,8/6/2015,2197,United States,Male,9, $125.10 
5404,8/6/2015,2233,United Kingdom,Male,9, $199.00 
5405,8/6/2015,2219,United States,Male,9.5, $118.30 
5406,8/6/2015,2208,Germany,Female,8.5, $84.50 
5407,8/6/2015,2149,United States,Male,12, $189.00 
5408,8/6/2015,2188,United States,Female,8.5, $149.00 
5409,8/7/2015,2217,Germany,Female,9.5, $134.10 
5410,8/7/2015,2206,United States,Male,9, $119.20 
5411,8/7/2015,2147,Canada,Male,8.5, $111.30 
5412,8/7/2015,2219,Canada,Female,6.5, $99.50 
5413,8/7/2015,2177,Germany,Female,10.5, $99.50 
5414,8/7/2015,2231,United States,Female,7.5, $152.10 
5415,8/7/2015,2200,United States,Female,9, $129.00 
5416,8/7/2015,2206,United States,Male,9.5, $104.30 
5417,8/7/2015,2194,Canada,Male,9.5, $127.20 
5418,8/7/2015,2211,Germany,Female,6.5, $129.00 
5419,8/7/2015,2168,Germany,Female,8.5, $149.00 
5420,8/7/2015,2212,Germany,Male,9, $127.20 
5421,8/7/2015,2231,Germany,Male,6, $149.00 
5422,8/7/2015,2230,Germany,Female,11.5, $94.50 
5423,8/7/2015,2200,United States,Male,9.5, $179.00 
5424,8/8/2015,2176,United States,Male,11.5, $129.00 
5425,8/8/2015,2234,United States,Female,9, $139.30 
5426,8/8/2015,2190,Canada,Female,5.5, $149.00 
5427,8/8/2015,2154,Canada,Male,8.5, $129.00 
5428,8/8/2015,2147,Canada,Female,8, $143.10 
5429,8/8/2015,2166,Canada,Male,9.5, $104.30 
5430,8/8/2015,2160,Canada,Male,8.5, $104.30 
5431,8/8/2015,2240,United States,Male,10, $84.50 
5432,8/8/2015,2240,Germany,Male,9.5, $159.20 
5433,8/8/2015,2186,Germany,Female,8.5, $143.20 
5434,8/8/2015,2220,United States,Male,10.5, $111.20 
5435,8/8/2015,2233,United Kingdom,Male,10.5, $139.00 
5436,8/8/2015,2208,Germany,Female,8.5, $84.50 
5437,8/8/2015,2163,Germany,Female,9, $64.50 
5438,8/8/2015,2220,United States,Female,8, $159.00 
5439,8/8/2015,2156,Germany,Male,12, $199.00 
5440,8/9/2015,2220,Germany,Male,9.5, $118.30 
5441,8/9/2015,2207,United States,Female,9, $152.10 
5442,8/9/2015,2208,United States,Female,8.5, $149.00 
5443,8/9/2015,2171,Canada,Male,12, $94.50 
5444,8/9/2015,2166,Canada,Male,9.5, $104.30 
5445,8/9/2015,2150,United States,Female,8, $104.30 
5446,8/9/2015,2196,United States,Male,10, $169.00 
5447,8/9/2015,2234,United States,Male,10, $189.00 
5448,8/9/2015,2175,United States,Male,8.5, $103.20 
5449,8/9/2015,2220,Canada,Male,8.5, $179.00 
5450,8/9/2015,2181,Germany,Female,10.5, $159.00 
5451,8/9/2015,2216,United States,Unix,7.5, $159.00 
5452,8/9/2015,2192,Germany,Male,9, $94.50 
5453,8/9/2015,2187,United Kingdom,Male,10, $74.50 
5454,8/9/2015,2200,United States,Male,10, $169.00 
5455,8/10/2015,2216,Germany,Female,8, $152.10 
5456,8/10/2015,2185,United Kingdom,Female,8, $170.10 
5457,8/10/2015,2158,United States,Female,8.5, $199.00 
5458,8/10/2015,2206,United States,Male,14, $149.00 
5459,8/10/2015,2177,Germany,Male,10.5, $199.00 
5460,8/10/2015,2203,Canada,Male,9, $139.00 
5461,8/10/2015,2171,Canada,Male,12, $94.50 
5462,8/10/2015,2156,Canada,Female,7.5, $149.00 
5463,8/10/2015,2206,Canada,Male,9, $135.20 
5464,8/10/2015,2224,United States,Female,8, $64.50 
5465,8/10/2015,2235,United States,Male,7.5, $134.10 
5466,8/10/2015,2147,United States,Female,10.5, $179.00 
5467,8/10/2015,2221,Germany,Male,10.5, $149.00 
5468,8/10/2015,2182,Germany,Female,9, $79.50 
5469,8/10/2015,2214,United States,Female,7.5, $139.00 
5470,8/11/2015,2204,Germany,Male,12, $169.00 
5471,8/11/2015,2234,United States,Male,7.5, $99.50 
5472,8/11/2015,2166,Canada,Male,9.5, $104.30 
5473,8/11/2015,2176,United States,Male,11.5, $129.00 
5474,8/11/2015,2197,Germany,Female,7.5, $169.00 
5475,8/11/2015,2199,Canada,Male,11, $139.00 
5476,8/11/2015,2158,Canada,Female,9, $179.00 
5477,8/11/2015,2165,United States,Male,8.5, $199.00 
5478,8/11/2015,2147,Canada,Male,8.5, $111.30 
5479,8/11/2015,2222,United States,Male,11, $135.20 
5480,8/11/2015,2224,United States,Male,10, $143.20 
5481,8/11/2015,2174,Canada,Male,8.5, $199.00 
5482,8/11/2015,2163,Germany,Female,9, $64.50 
5483,8/11/2015,2198,Germany,Female,10.5, $149.00 
5484,8/11/2015,2233,United Kingdom,Male,9, $199.00 
5485,8/11/2015,2235,United Kingdom,Male,10.5, $199.00 
5486,8/12/2015,2171,Germany,Male,11, $94.50 
5487,8/12/2015,2232,United Kingdom,Female,8, $139.00 
5488,8/12/2015,2192,Germany,Male,10, $84.50 
5489,8/12/2015,2232,Germany,Female,8, $169.00 
5490,8/12/2015,2174,Canada,Male,10, $151.20 
5491,8/12/2015,2218,United States,Male,10.5, $189.00 
5492,8/12/2015,2176,Germany,Male,9.5, $149.00 
5493,8/12/2015,2235,Canada,Female,6.5, $199.00 
5494,8/12/2015,2151,United Kingdom,Female,8.5, $90.30 
5495,8/12/2015,2170,Germany,Female,10.5, $170.10 
5496,8/12/2015,2178,United States,Male,9.5, $104.30 
5497,8/12/2015,2206,Canada,Male,9, $135.20 
5498,8/12/2015,2174,Canada,Male,8.5, $199.00 
5499,8/13/2015,2232,United States,Female,7.5, $135.20 
5500,8/13/2015,2188,Canada,Male,15, $129.00 
5501,8/13/2015,2221,United States,,10, $129.00 
5502,8/13/2015,2153,United States,Male,9.5, $99.50 
5503,8/13/2015,2195,Germany,Female,9.5, $199.00 
5504,8/13/2015,2232,Germany,Male,10, $161.10 
5505,8/13/2015,2160,Germany,Female,7.5, $179.00 
5506,8/13/2015,2167,Germany,Female,7.5, $111.20 
5507,8/13/2015,2225,Germany,Male,11, $179.00 
5508,8/13/2015,2176,United States,Female,7.5, $179.00 
5509,8/13/2015,2225,Canada,Male,10, $199.00 
5510,8/13/2015,2221,United States,Female,8, $159.00 
5511,8/13/2015,2187,Canada,Male,9, $199.00 
5512,8/13/2015,2193,United Kingdom,Female,9.5, $111.30 
5513,8/13/2015,2226,United States,Male,11.5, $149.00 
5514,8/13/2015,2230,Germany,Female,8.5, $189.00 
5515,8/13/2015,2160,Canada,Male,9, $149.00 
5516,8/13/2015,2223,Canada,Female,6.5, $119.20 
5517,8/13/2015,2148,United States,Male,9, $119.20 
5518,8/13/2015,2147,United States,Female,10.5, $179.00 
5519,8/13/2015,2161,United States,Male,9.5, $161.10 
5520,8/13/2015,2159,Canada,Male,9.5, $189.00 
5521,8/14/2015,2196,Canada,Male,10.5, $125.10 
5522,8/14/2015,2237,Germany,Female,5, $118.30 
5523,8/14/2015,2222,Canada,Female,7.5, $129.00 
5524,8/14/2015,2200,United States,Male,10, $169.00 
5525,8/14/2015,2190,Germany,Male,11.5, $90.30 
5526,8/14/2015,2187,United Kingdom,Male,10, $74.50 
5527,8/14/2015,2241,Germany,Male,8.5, $79.50 
5528,8/14/2015,2232,Germany,Male,10, $161.10 
5529,8/14/2015,2192,Germany,Male,10.5, $199.00 
5530,8/14/2015,2149,United States,Male,9.5, $139.00 
5531,8/14/2015,2147,Canada,Female,8, $152.10 
5532,8/14/2015,2188,Canada,Male,8.5, $169.00 
5533,8/14/2015,2193,United States,Male,9.5, $159.20 
5534,8/14/2015,2223,United States,Male,9, $69.50 
5535,8/14/2015,2226,United States,Male,11.5, $149.00 
5536,8/14/2015,2193,Canada,Male,10.5, $169.00 
5537,8/14/2015,2224,United States,Male,10, $143.20 
5538,8/14/2015,2158,United States,Female,10.5, $159.00 
5539,8/15/2015,2191,United States,Male,9, $169.00 
5540,8/15/2015,2237,Germany,Female,5, $118.30 
5541,8/15/2015,2219,Canada,Male,9, $84.50 
5542,8/15/2015,2205,United States,Female,9.5, $79.50 
5543,8/15/2015,2204,Germany,Male,9.5, $189.00 
5544,8/15/2015,2241,Germany,Male,8.5, $79.50 
5545,8/15/2015,2196,Canada,Female,7, $139.00 
5546,8/15/2015,2175,United States,Female,7, $129.00 
5547,8/15/2015,2226,Germany,Female,7.5, $189.00 
5548,8/15/2015,2148,United States,Male,9, $119.20 
5549,8/15/2015,2168,Germany,Female,7, $94.50 
5550,8/15/2015,2178,United States,Male,10.5, $79.50 
5551,8/15/2015,2152,Germany,Unix,7, $189.00 
5552,8/15/2015,2149,Germany,Female,8.5, $139.00 
5553,8/15/2015,2196,United States,Female,9, $89.50 
5554,8/15/2015,2224,United States,Male,9.5, $103.20 
5555,8/15/2015,2200,United States,Male,10, $169.00 
5556,8/16/2015,2240,Canada,Male,8.5, $189.00 
5557,8/16/2015,2183,Canada,Male,8.5, $189.00 
5558,8/16/2015,2220,Canada,Male,10.5, $159.00 
5559,8/16/2015,2235,Canada,Male,9.5, $179.00 
5560,8/16/2015,2187,Germany,Male,8.5, $129.00 
5561,8/16/2015,2210,United States,Male,9, $139.00 
5562,8/16/2015,2174,United States,Male,6, $79.50 
5563,8/16/2015,2226,United States,Male,11.5, $149.00 
5564,8/16/2015,2208,Canada,Female,8, $189.00 
5565,8/16/2015,2224,United Kingdom,Female,7.5, $99.50 
5566,8/16/2015,2151,United Kingdom,Female,8.5, $90.30 
5567,8/16/2015,2242,Germany,Male,9.5, $169.00 
5568,8/17/2015,2165,United States,Female,9, $152.10 
5569,8/17/2015,2238,United Kingdom,Female,8, $159.00 
5570,8/17/2015,2202,Canada,Male,14, $125.30 
5571,8/17/2015,2174,Canada,Male,10, $151.20 
5572,8/17/2015,2201,Germany,Male,10.5, $139.30 
5573,8/17/2015,2212,United States,Female,8.5, $149.00 
5574,8/17/2015,2205,United States,Male,12, $169.00 
5575,8/17/2015,2217,United States,Female,9.5, $139.00 
5576,8/17/2015,2155,United States,Female,10.5, $169.00 
5577,8/17/2015,2175,United States,Female,7, $129.00 
5578,8/17/2015,2201,Germany,Male,10.5, $139.30 
5579,8/17/2015,2166,Germany,Male,8, $139.00 
5580,8/17/2015,2176,United States,Female,8, $199.00 
5581,8/18/2015,2148,United States,Female,9, $149.00 
5582,8/18/2015,2214,Germany,Male,9.5, $179.00 
5583,8/18/2015,2239,Germany,Female,9.5, $179.00 
5584,8/18/2015,2170,United Kingdom,Female,8, $199.00 
5585,8/18/2015,2149,United States,Male,9.5, $199.00 
5586,8/18/2015,2192,United States,Male,8.5, $159.00 
5587,8/18/2015,2204,Germany,Female,7, $125.30 
5588,8/18/2015,2202,Canada,Male,10.5, $143.20 
5589,8/18/2015,2206,Canada,Male,10.5, $189.00 
5590,8/18/2015,2169,United States,Male,6.5, $139.00 
5591,8/18/2015,2185,United Kingdom,Female,9.5, $111.30 
5592,8/18/2015,2179,Germany,Male,10, $143.20 
5593,8/18/2015,2218,United States,Male,9.5, $125.30 
5594,8/19/2015,2209,Canada,Female,11, $179.00 
5595,8/19/2015,2208,United States,Female,7, $179.00 
5596,8/19/2015,2171,United States,Female,5, $104.30 
5597,8/19/2015,2238,Canada,Male,9, $199.00 
5598,8/19/2015,2168,United States,Male,9.5, $74.50 
5599,8/19/2015,2187,United Kingdom,Male,10, $94.50 
5600,8/19/2015,2175,United States,Male,8.5, $169.00 
5601,8/19/2015,2242,United States,Unix,, $159.00 
5602,8/19/2015,2237,United Kingdom,Female,9.5, $161.10 
5603,8/19/2015,2213,Canada,Male,9, $99.50 
5604,8/19/2015,2193,United Kingdom,Female,8.5, $129.00 
5605,8/19/2015,2173,United States,Male,9.5, $125.10 
5606,8/20/2015,2235,United States,Male,11, $149.00 
5607,8/20/2015,2150,Canada,Female,7.5, $139.30 
5608,8/20/2015,2172,Germany,Male,9.5, $199.00 
5609,8/20/2015,2183,Canada,Male,10, $129.00 
5610,8/20/2015,2234,Germany,Female,9.5, $189.00 
5611,8/20/2015,2171,Canada,Male,9.5, $149.00 
5612,8/20/2015,2219,Canada,Male,9, $84.50 
5613,8/20/2015,2149,Canada,Male,9.5, $143.20 
5614,8/20/2015,2214,Canada,Male,15, $179.00 
5615,8/20/2015,2180,Canada,Male,8.5, $189.00 
5616,8/20/2015,2208,Canada,Male,9.5, $139.00 
5617,8/20/2015,2210,United States,Female,8.5, $169.00 
5618,8/20/2015,2196,United Kingdom,Female,8.5, $199.00 
5619,8/20/2015,2152,United States,Female,8, $139.00 
5620,8/21/2015,2201,United States,Female,7.5, $159.00 
5621,8/21/2015,2199,United States,Male,11, $169.00 
5622,8/21/2015,2241,Canada,Male,10.5, $139.00 
5623,8/21/2015,2168,United Kingdom,Male,8.5, $170.10 
5624,8/21/2015,2153,United States,Male,11, $129.00 
5625,8/21/2015,2184,United Kingdom,Male,9.5, $169.00 
5626,8/21/2015,2167,United States,Female,9, $64.50 
5627,8/21/2015,2233,United States,Male,9, $143.10 
5628,8/21/2015,2238,Canada,Male,9, $199.00 
5629,8/21/2015,2214,Canada,Male,15, $179.00 
5630,8/21/2015,2158,Germany,Male,10.5, $189.00 
5631,8/21/2015,2218,United States,Male,9.5, $125.30 
5632,8/21/2015,2220,Germany,Male,9.5, $118.30 
5633,8/21/2015,2189,United States,Female,8, $132.30 
5634,8/22/2015,2192,Germany,Male,11, $199.00 
5635,8/22/2015,2147,Canada,Male,9.5, $149.00 
5636,8/22/2015,2192,Germany,Male,10.5, $199.00 
5637,8/22/2015,2163,United States,Male,10, $135.20 
5638,8/22/2015,2207,United States,Female,10.5, $119.20 
5639,8/22/2015,2215,United Kingdom,Male,11, $125.30 
5640,8/22/2015,2197,United States,Female,9, $104.30 
5641,8/22/2015,2226,United States,Male,9.5, $189.00 
5642,8/22/2015,2147,United States,Male,9, $139.00 
5643,8/22/2015,2221,Germany,Female,7.5, $159.00 
5644,8/22/2015,2206,Canada,Male,10.5, $189.00 
5645,8/22/2015,2230,Germany,Male,10.5, $179.10 
5646,8/22/2015,2176,United States,Male,11.5, $129.00 
5647,8/22/2015,2166,Canada,Male,8.5, $179.00 
5648,8/23/2015,2181,United States,Male,10, $179.00 
5649,8/23/2015,2203,United States,Female,9.5, $129.00 
5650,8/23/2015,2241,Germany,Female,8, $161.10 
5651,8/23/2015,2231,Germany,Unix,9, $149.00 
5652,8/23/2015,2155,Germany,Female,11.5, $94.50 
5653,8/23/2015,2148,United States,Female,11.5, $152.10 
5654,8/23/2015,2148,Canada,Male,10.5, $103.20 
5655,8/23/2015,2159,Germany,Male,9.5, $119.20 
5656,8/23/2015,2198,Germany,Male,13, $179.00 
5657,8/23/2015,2158,United States,Female,8.5, $159.00 
5658,8/23/2015,2208,Canada,Male,9.5, $139.00 
5659,8/24/2015,2217,United States,Male,11, $199.00 
5660,8/24/2015,2194,United States,Female,9.5, $159.20 
5661,8/24/2015,2179,United States,Female,8.5, $97.30 
5662,8/24/2015,2237,United Kingdom,Male,10.5, $199.00 
5663,8/24/2015,2210,United States,Female,9, $159.00 
5664,8/24/2015,2236,Germany,Male,9.5, $159.20 
5665,8/24/2015,2206,United States,Male,10, $104.30 
5666,8/24/2015,2165,Canada,Male,9, $152.10 
5667,8/24/2015,2162,Canada,Male,6.5, $179.10 
5668,8/24/2015,2229,Germany,Male,9, $159.20 
5669,8/24/2015,2218,Germany,Male,7, $129.00 
5670,8/24/2015,2172,Germany,Male,9.5, $199.00 
5671,8/24/2015,2167,Germany,Female,10, $149.00 
5672,8/24/2015,2241,Canada,Male,8.5, $170.10 
5673,8/24/2015,2204,United States,Male,10.5, $116.10 
5674,8/25/2015,2190,United States,Female,10.5, $139.00 
5675,8/25/2015,2226,United States,Male,9.5, $189.00 
5676,8/25/2015,2157,United States,Male,14, $159.00 
5677,8/25/2015,2180,United States,Male,8.5, $159.00 
5678,8/25/2015,2182,United States,Male,9, $104.30 
5679,8/25/2015,2160,United Kingdom,Male,11.5, $129.00 
5680,8/25/2015,2213,United States,Male,10.5, $134.10 
5681,8/25/2015,2188,Germany,Male,6.5, $134.10 
5682,8/25/2015,2211,Canada,Male,9.5, $179.10 
5683,8/25/2015,2189,United States,Female,7.5, $74.50 
5684,8/25/2015,2233,United States,Female,8, $179.00 
5685,8/25/2015,2159,Germany,Male,9.5, $119.20 
5686,8/25/2015,2214,Germany,Male,9.5, $179.00 
5687,8/25/2015,2239,Canada,Male,9.5, $169.00 
5688,8/25/2015,2170,Germany,Female,8, $139.00 
5689,8/25/2015,2149,United Kingdom,Female,8, $159.00 
5690,8/25/2015,2202,United States,Female,8.5, $149.00 
5691,8/25/2015,2206,United States,Male,9, $119.20 
5692,8/26/2015,2214,Canada,Male,15, $179.00 
5693,8/26/2015,2161,United Kingdom,Male,14, $129.00 
5694,8/26/2015,2166,United States,Female,9, $159.00 
5695,8/26/2015,2168,United Kingdom,Male,8.5, $170.10 
5696,8/26/2015,2181,United States,Male,10, $143.20 
5697,8/26/2015,2226,Canada,Male,11.5, $99.50 
5698,8/26/2015,2160,United States,Male,9.5, $118.30 
5699,8/26/2015,2158,Germany,Male,10.5, $189.00 
5700,8/26/2015,2217,United States,Male,11, $199.00 
5701,8/26/2015,2174,,Unix,8.5, $134.10 
5702,8/26/2015,2164,Germany,Male,9.5, $125.30 
5703,8/26/2015,2235,Canada,Male,9.5, $104.30 
5704,8/27/2015,2233,United Kingdom,Male,10, $169.00 
5705,8/27/2015,2174,United States,Male,6, $79.50 
5706,8/27/2015,2198,Germany,Male,13, $179.00 
5707,8/27/2015,2197,Germany,Male,8, $169.00 
5708,8/27/2015,2159,Germany,Female,8.5, $149.00 
5709,8/27/2015,2177,Germany,Male,10, $169.00 
5710,8/27/2015,2222,Canada,Female,8.5, $129.00 
5711,8/27/2015,2187,United States,Male,9, $199.00 
5712,8/27/2015,2174,Canada,Female,7.5, $99.50 
5713,8/27/2015,2213,Canada,Male,9.5, $116.10 
5714,8/27/2015,2216,Canada,Female,9, $189.00 
5715,8/27/2015,2186,Germany,Male,11.5, $125.30 
5716,8/27/2015,2181,Germany,Male,10.5, $159.00 
5717,8/27/2015,2239,Canada,Male,9.5, $169.00 
5718,8/27/2015,2170,Germany,Male,10, $129.00 
5719,8/28/2015,2170,Germany,Female,8, $139.00 
5720,8/28/2015,2181,Germany,Male,15, $199.00 
5721,8/28/2015,2234,United States,Female,5.5, $169.00 
5722,8/28/2015,2182,United Kingdom,Male,9.5, $129.00 
5723,8/28/2015,2242,United States,Female,8.5, $159.00 
5724,8/28/2015,2197,Germany,Female,9, $127.20 
5725,8/28/2015,2157,United States,Male,14, $159.00 
5726,8/28/2015,2227,United Kingdom,Female,7.5, $64.50 
5727,8/28/2015,2174,Canada,Female,7.5, $99.50 
5728,8/28/2015,2235,Canada,Male,8, $149.00 
5729,8/28/2015,2182,Canada,Male,11, $189.00 
5730,8/28/2015,2147,United States,Male,9, $139.00 
5731,8/28/2015,2199,Germany,Male,14, $143.10 
5732,8/28/2015,2190,Germany,Male,10, $189.00 
5733,8/28/2015,2166,Canada,Male,8.5, $179.00 
5734,8/28/2015,2174,United States,Male,6, $125.10 
5735,8/29/2015,2164,Germany,Male,9.5, $125.30 
5736,8/29/2015,2182,United Kingdom,Male,10, $139.00 
5737,8/29/2015,2200,Germany,Female,9, $97.30 
5738,8/29/2015,2199,Germany,Female,5.5, $170.10 
5739,8/29/2015,2221,Germany,Female,8, $189.00 
5740,8/29/2015,2161,United Kingdom,Male,14, $129.00 
5741,8/29/2015,2242,United States,Male,9.5, $189.00 
5742,8/29/2015,2193,Germany,Female,9, $179.00 
5743,8/29/2015,2223,United Kingdom,Female,7.5, $152.10 
5744,8/29/2015,2211,Canada,Male,9.5, $179.10 
5745,8/29/2015,2206,United States,Male,9, $119.20 
5746,8/29/2015,2180,Canada,Male,8.5, $189.00 
5747,8/29/2015,2188,Canada,Female,7, $199.00 
5748,8/29/2015,2169,United States,Male,10.5, $118.30 
5749,8/29/2015,2180,United States,Female,9, $170.10 
5750,8/30/2015,2213,Canada,Male,9.5, $64.50 
5751,8/30/2015,2223,Germany,Unix,10, $169.00 
5752,8/30/2015,2155,United States,Female,8.5, $189.00 
5753,8/30/2015,2234,United States,Female,8, $199.00 
5754,8/30/2015,2174,Canada,Female,11, $179.00 
5755,8/30/2015,2212,Germany,Male,9, $189.00 
5756,8/30/2015,2177,Canada,Male,10.5, $129.00 
5757,8/30/2015,2213,Canada,Male,12, $159.00 
5758,8/30/2015,2153,Canada,Male,9.5, $169.00 
5759,8/30/2015,2207,Germany,Male,10.5, $169.00 
5760,8/30/2015,2191,Germany,Male,9.5, $179.00 
5761,8/30/2015,2239,Canada,Male,9.5, $169.00 
5762,8/30/2015,2218,United States,Female,9, $139.00 
5763,8/30/2015,2239,United States,Female,7.5, $149.00 
5764,8/30/2015,2151,United States,Male,9, $149.00 
5765,8/30/2015,2206,United States,Male,10, $104.30 
5766,8/31/2015,2175,United States,Female,10.5, $189.00 
5767,8/31/2015,2176,United States,Male,10, $135.20 
5768,8/31/2015,2220,Germany,Male,9, $139.00 
5769,8/31/2015,2193,Germany,Female,7.5, $89.50 
5770,8/31/2015,2148,Germany,Male,10, $139.00 
5771,8/31/2015,2228,Germany,Female,6.5, $84.50 
5772,8/31/2015,2222,Canada,Female,7.5, $129.00 
5773,8/31/2015,2212,Germany,Male,9, $127.20 
5774,8/31/2015,2237,Germany,Male,9.5, $159.20 
5775,8/31/2015,2232,United States,Female,8, $116.10 
5776,8/31/2015,2191,United States,Male,8.5, $159.00 
5777,9/1/2015,2188,Canada,Female,7, $199.00 
5778,9/1/2015,2190,Germany,Female,6.5, $111.30 
5779,9/1/2015,2240,United States,Female,7, $170.10 
5780,9/1/2015,2212,United States,Female,10.5, $179.00 
5781,9/1/2015,2207,United States,Male,8, $139.00 
5782,9/1/2015,2180,Germany,Male,9, $139.00 
5783,9/1/2015,2216,Canada,Male,11.5, $169.00 
5784,9/1/2015,2242,Germany,Male,9.5, $169.00 
5785,9/1/2015,2161,United States,Male,9.5, $179.00 
5786,9/1/2015,2236,Germany,Male,9.5, $159.20 
5787,9/1/2015,2172,Germany,Male,9, $69.50 
5788,9/1/2015,2198,United States,Female,8, $139.00 
5789,9/1/2015,2193,Germany,Female,7.5, $89.50 
5790,9/1/2015,2234,United States,Female,8, $199.00 
5791,9/1/2015,2222,United States,Male,10, $125.10 
5792,9/2/2015,2188,Canada,Male,10, $69.50 
5793,9/2/2015,2217,Germany,Female,7.5, $189.00 
5794,9/2/2015,2201,Germany,Female,8.5, $118.30 
5795,9/2/2015,2177,United States,Female,7, $129.00 
5796,9/2/2015,2212,Germany,Male,9, $189.00 
5797,9/2/2015,2202,Canada,Male,10.5, $64.50 
5798,9/2/2015,2213,Germany,Male,6, $103.20 
5799,9/2/2015,2176,United States,Female,8, $199.00 
5800,9/2/2015,2157,United States,Female,8.5, $74.50 
5801,,2235,Canada,Unix,9.5, $104.30 
5802,9/2/2015,2160,United States,Male,9.5, $118.30 
5803,9/2/2015,2153,Canada,Male,9.5, $169.00 
5804,9/2/2015,2152,United States,Female,8, $139.00 
5805,9/2/2015,2216,Germany,Male,11.5, $132.30 
5806,9/2/2015,2220,Germany,Male,9, $139.00 
5807,9/2/2015,2218,Germany,Male,7, $129.00 
5808,9/2/2015,2148,United States,Male,11.5, $127.20 
5809,9/3/2015,2177,Canada,Male,10.5, $129.00 
5810,9/3/2015,2241,Germany,Female,6.5, $159.00 
5811,9/3/2015,2149,United States,Male,9, $169.00 
5812,9/3/2015,2237,United States,Female,8.5, $69.50 
5813,9/3/2015,2236,United States,Male,8.5, $169.00 
5814,9/3/2015,2168,Germany,Female,6.5, $159.00 
5815,9/3/2015,2182,United Kingdom,Male,9.5, $129.00 
5816,9/3/2015,2231,United States,Female,8, $179.00 
5817,9/3/2015,2239,United States,Male,9.5, $139.00 
5818,9/3/2015,2230,United Kingdom,Male,9, $139.00 
5819,9/4/2015,2215,United Kingdom,Male,9.5, $119.20 
5820,9/4/2015,2197,Germany,Female,7.5, $169.00 
5821,9/4/2015,2212,United States,Male,10, $179.00 
5822,9/4/2015,2169,Germany,Female,6.5, $99.50 
5823,9/4/2015,2207,Germany,Male,9, $149.00 
5824,9/4/2015,2163,United States,Female,8.5, $64.50 
5825,9/4/2015,2165,United States,Female,9.5, $199.00 
5826,9/4/2015,2178,Germany,Male,8.5, $69.50 
5827,9/4/2015,2222,Canada,Female,10.5, $199.00 
5828,9/4/2015,2159,Germany,Male,10, $199.00 
5829,9/4/2015,2148,United States,Male,11.5, $127.20 
5830,9/4/2015,2220,United States,Female,9, $179.10 
5831,9/4/2015,2160,United States,Male,9.5, $118.30 
5832,9/5/2015,2150,United Kingdom,Male,9, $129.00 
5833,9/5/2015,2175,Germany,Female,9, $116.10 
5834,9/5/2015,2151,United States,Male,9, $149.00 
5835,9/5/2015,2241,Germany,Female,8, $135.20 
5836,9/5/2015,2232,Canada,Female,10.5, $169.00 
5837,9/5/2015,2152,United Kingdom,Male,8.5, $159.20 
5838,9/5/2015,2182,United States,Male,9.5, $149.00 
5839,9/5/2015,2203,Germany,Female,9, $199.00 
5840,9/5/2015,2224,United States,Male,9.5, $103.20 
5841,9/5/2015,2170,United States,Male,10.5, $149.00 
5842,9/5/2015,2209,United States,Female,8, $199.00 
5843,9/5/2015,2167,United States,Male,9, $125.10 
5844,9/5/2015,2148,United States,Male,11.5, $127.20 
5845,9/6/2015,2213,United States,Female,7.5, $139.30 
5846,9/6/2015,2149,United States,Male,6, $69.50 
5847,9/6/2015,2165,United Kingdom,Male,9, $118.30 
5848,9/6/2015,2189,United States,Male,10.5, $129.00 
5849,9/6/2015,2211,Germany,Female,9, $189.00 
5850,9/6/2015,2163,United Kingdom,Male,9, $97.30 
5851,9/6/2015,2187,United States,Unix,7.5, $94.50 
5852,9/6/2015,2196,United Kingdom,Female,8.5, $199.00 
5853,9/6/2015,2190,United States,Male,9, $149.00 
5854,9/6/2015,2215,Germany,Female,8.5, $151.20 
5855,9/6/2015,2165,Germany,Male,9, $119.20 
5856,9/6/2015,2164,Canada,Male,10, $199.00 
5857,9/7/2015,2191,Germany,Male,9.5, $179.00 
5858,9/7/2015,2183,Germany,Male,9, $125.10 
5859,9/7/2015,2228,Germany,Male,8, $129.00 
5860,9/7/2015,2231,United Kingdom,Female,10.5, $169.00 
5861,9/7/2015,2193,United States,Female,9, $151.20 
5862,9/7/2015,2204,Canada,Female,8, $129.00 
5863,9/7/2015,2151,United Kingdom,Male,10, $125.30 
5864,9/7/2015,2212,United States,Male,10, $179.00 
5865,9/7/2015,2183,Germany,Male,9.5, $74.50 
5866,9/7/2015,2201,Germany,Female,9, $149.00 
5867,9/7/2015,2152,United Kingdom,Male,8.5, $159.20 
5868,9/7/2015,2189,United States,Male,8.5, $139.00 
5869,9/7/2015,2234,United States,Female,9, $139.30 
5870,9/7/2015,2157,Germany,Male,10, $169.00 
5871,9/7/2015,2222,United States,Male,10, $125.10 
5872,9/7/2015,2220,United States,Female,9.5, $94.50 
5873,9/7/2015,2172,United States,Male,9.5, $149.00 
5874,9/7/2015,2213,United States,Female,7.5, $199.00 
5875,9/7/2015,2215,United Kingdom,Female,5, $179.10 
5876,9/8/2015,2181,Germany,Male,9.5, $199.00 
5877,9/8/2015,2148,Germany,Male,10.5, $64.50 
5878,9/8/2015,2175,Germany,Male,9, $129.00 
5879,9/8/2015,2155,Germany,Male,11.5, $129.00 
5880,9/8/2015,2215,United Kingdom,Male,9.5, $119.20 
5881,9/8/2015,2212,Germany,Male,9, $127.20 
5882,9/8/2015,2180,United States,Female,9, $170.10 
5883,9/8/2015,2176,Germany,Male,9.5, $149.00 
5884,9/8/2015,2158,United States,Male,10.5, $169.00 
5885,9/8/2015,2234,United States,Male,6, $159.00 
5886,9/8/2015,2195,Canada,Male,8.5, $127.20 
5887,9/8/2015,2237,United States,Female,7.5, $79.50 
5888,9/8/2015,2191,United States,Male,9, $189.00 
5889,9/8/2015,2201,United States,Male,10, $189.00 
5890,9/8/2015,2186,Germany,Male,11, $169.00 
5891,9/9/2015,2150,United States,Female,8, $104.30 
5892,9/9/2015,2191,Germany,Male,9.5, $179.00 
5893,9/9/2015,2233,United States,Female,8, $179.00 
5894,9/9/2015,2186,Germany,Male,8.5, $189.00 
5895,9/9/2015,2163,Germany,Male,10.5, $179.00 
5896,9/9/2015,2157,Germany,Female,8, $159.00 
5897,9/9/2015,2236,Canada,Female,8, $139.30 
5898,9/9/2015,2158,United States,Male,10.5, $169.00 
5899,9/9/2015,2221,Canada,Male,7.5, $189.00 
5900,9/9/2015,2227,United States,Male,10, $199.00 
5901,9/9/2015,2164,Canada,Unix,10, $199.00 
5902,9/9/2015,2204,Canada,Female,8, $94.50 
5903,9/9/2015,2173,Germany,Male,9.5, $143.20 
5904,9/9/2015,2152,United States,Female,8, $139.00 
5905,9/9/2015,2240,Germany,Female,6.5, $179.00 
5906,9/10/2015,2166,United States,Male,10, $149.00 
5907,9/10/2015,2172,Germany,Female,9.5, $129.00 
5908,9/10/2015,2190,Germany,Male,8.5, $139.00 
5909,9/10/2015,2204,Germany,Male,14, $69.50 
5910,9/10/2015,2226,United States,Female,8, $94.50 
5911,9/10/2015,2180,United States,Female,9, $99.50 
5912,9/10/2015,2234,United States,Male,6, $159.00 
5913,9/10/2015,2191,Germany,Male,9.5, $179.00 
5914,9/10/2015,2178,Germany,Male,7.5, $129.00 
5915,9/10/2015,2224,United States,Male,9.5, $103.20 
5916,9/10/2015,2160,Canada,Male,9.5, $179.00 
5917,9/10/2015,2195,Canada,Male,12, $143.20 
5918,9/10/2015,2165,Germany,Male,9, $119.20 
5919,9/10/2015,2199,United States,Female,8, $152.10 
5920,9/11/2015,2210,United States,Female,5, $170.10 
5921,9/11/2015,2168,Germany,Female,8.5, $149.00 
5922,9/11/2015,2153,Germany,Male,10.5, $189.00 
5923,9/11/2015,2215,Germany,Female,7.5, $132.30 
5924,9/11/2015,2199,Germany,Male,7.5, $149.00 
5925,9/11/2015,2174,Germany,Male,10, $149.00 
5926,9/11/2015,2159,Germany,Male,9.5, $119.20 
5927,9/11/2015,2158,United States,Male,10.5, $169.00 
5928,9/11/2015,2233,United States,Male,10.5, $116.10 
5929,9/11/2015,2209,United States,Male,10.5, $179.00 
5930,9/11/2015,2169,Canada,Male,11, $79.50 
5931,9/11/2015,2205,United States,Male,12, $169.00 
5932,9/11/2015,2230,Germany,Female,8.5, $189.00 
5933,9/11/2015,2192,United States,Male,9.5, $199.00 
5934,9/11/2015,2148,Canada,Female,8, $189.00 
5935,9/12/2015,2156,Canada,Male,9.5, $149.00 
5936,9/12/2015,2201,Canada,Female,7.5, $135.20 
5937,9/12/2015,2236,United Kingdom,Female,8, $90.30 
5938,9/12/2015,2186,Germany,Male,8.5, $189.00 
5939,9/12/2015,2187,Germany,Female,8, $90.30 
5940,9/12/2015,2211,United Kingdom,Female,8.5, $143.10 
5941,9/12/2015,2180,United Kingdom,Male,9, $129.00 
5942,9/12/2015,2184,Germany,Male,10.5, $84.50 
5943,9/12/2015,2229,Canada,Female,9, $179.00 
5944,9/12/2015,2226,Germany,Male,11, $159.00 
5945,9/12/2015,2160,Canada,Male,9.5, $179.00 
5946,9/12/2015,2205,Canada,Female,9, $159.00 
5947,9/12/2015,2234,United States,Male,6, $159.00 
5948,9/13/2015,2203,United States,Female,6, $149.00 
5949,9/13/2015,2179,United States,Female,9, $139.00 
5950,9/13/2015,2217,Canada,Male,9.5, $125.10 
5951,9/13/2015,2221,Canada,Unix,7.5, $189.00 
5952,9/13/2015,2185,United States,Female,5, $103.20 
5953,9/13/2015,2202,United States,Male,15, $139.00 
5954,9/13/2015,2173,Germany,Male,10.5, $179.00 
5955,9/13/2015,2207,United Kingdom,Female,8, $125.30 
5956,9/13/2015,2189,United Kingdom,Female,8.5, $139.00 
5957,9/13/2015,2181,Canada,Female,7, $179.00 
5958,9/13/2015,2157,Canada,Female,7, $189.00 
5959,9/13/2015,2185,Canada,Male,9, $127.20 
5960,9/13/2015,2169,Canada,Male,8.5, $125.30 
5961,9/13/2015,2234,United States,Female,9, $139.30 
5962,9/13/2015,2153,Germany,Male,11, $161.10 
5963,9/13/2015,2149,United States,Female,8, $159.00 
5964,9/13/2015,2163,United Kingdom,Male,9, $97.30 
5965,9/13/2015,2195,United States,Male,9.5, $132.30 
5966,9/13/2015,2201,United States,Male,10, $189.00 
5967,9/13/2015,2230,United States,Male,10.5, $199.00 
5968,9/14/2015,2229,Canada,Female,7.5, $189.00 
5969,9/14/2015,2175,Canada,Male,7.5, $139.00 
5970,9/14/2015,2181,Germany,Female,9.5, $79.50 
5971,9/14/2015,2173,Canada,Female,9.5, $199.00 
5972,9/14/2015,2219,Germany,Female,7.5, $118.30 
5973,9/14/2015,2194,United States,Female,9.5, $159.20 
5974,9/14/2015,2190,Germany,Male,10, $189.00 
5975,9/14/2015,2169,United States,Male,10.5, $161.10 
5976,9/14/2015,2215,Germany,Female,7.5, $132.30 
5977,9/14/2015,2152,United Kingdom,Male,8.5, $159.20 
5978,9/14/2015,2159,Germany,Male,10, $199.00 
5979,9/14/2015,2185,United States,Male,11, $116.10 
5980,9/14/2015,2180,United Kingdom,Male,10.5, $159.00 
5981,9/14/2015,2163,United States,Female,7, $159.00 
5982,9/14/2015,2171,Germany,Female,9, $129.00 
5983,9/14/2015,2231,United States,Male,9.5, $119.20 
5984,9/15/2015,2158,Canada,Female,7.5, $111.30 
5985,9/15/2015,2209,Canada,Male,8.5, $159.00 
5986,9/15/2015,2224,Germany,Male,9, $64.50 
5987,9/15/2015,2230,Germany,Male,10.5, $97.30 
5988,9/15/2015,2235,Germany,Male,11, $159.20 
5989,9/15/2015,2172,United States,Female,8, $159.00 
5990,9/15/2015,2211,United Kingdom,Male,9.5, $189.00 
5991,9/15/2015,2190,Canada,Female,5.5, $149.00 
5992,9/15/2015,2195,Canada,Male,12, $143.20 
5993,9/15/2015,2232,Germany,Male,12, $129.00 
5994,9/15/2015,2157,United States,Female,9.5, $189.00 
5995,9/15/2015,2227,United Kingdom,Male,10.5, $179.00 
5996,9/15/2015,2203,Germany,Female,9, $199.00 
5997,9/15/2015,2209,United Kingdom,Female,12, $129.00 
5998,9/16/2015,2151,United States,Male,10.5, $159.00 
5999,9/16/2015,2163,United States,Female,8, $149.00 
6000,9/16/2015,2170,United States,Female,7.5, $89.50 
6001,9/16/2015,2226,Germany,,11, $159.00 
6002,9/16/2015,2230,Germany,Male,10.5, $97.30 
6003,9/16/2015,2236,United Kingdom,Male,9.5, $199.00 
6004,9/16/2015,2185,United States,Female,5, $103.20 
6005,9/16/2015,2154,United States,Male,9.5, $189.00 
6006,9/16/2015,2223,Germany,Male,6, $111.20 
6007,9/16/2015,2161,Germany,Male,10, $159.00 
6008,9/16/2015,2235,Germany,Male,11, $159.20 
6009,9/16/2015,2150,Canada,Female,6.5, $143.20 
6010,9/16/2015,2202,United States,Male,7.5, $169.00 
6011,9/16/2015,2175,United States,Female,9.5, $199.00 
6012,9/16/2015,2211,Germany,Female,9, $189.00 
6013,9/16/2015,2234,Canada,Male,10.5, $169.00 
6014,9/16/2015,2187,Germany,Female,8, $90.30 
6015,9/17/2015,2179,Canada,Female,7.5, $159.00 
6016,9/17/2015,2196,Canada,Female,7.5, $169.00 
6017,9/17/2015,2176,Germany,Male,10.5, $127.20 
6018,9/17/2015,2198,Germany,Male,8, $199.00 
6019,9/17/2015,2226,Germany,Male,11, $159.00 
6020,9/17/2015,2223,Germany,Male,10.5, $189.00 
6021,9/17/2015,2175,Canada,Male,7.5, $139.00 
6022,9/17/2015,2200,Germany,Female,9, $97.30 
6023,9/17/2015,2220,Germany,Male,10.5, $189.00 
6024,9/17/2015,2237,Canada,Female,7, $169.00 
6025,9/17/2015,2173,Canada,Male,9, $90.30 
6026,9/18/2015,2197,United States,Male,10.5, $129.00 
6027,9/18/2015,2184,United Kingdom,Female,8, $129.00 
6028,9/18/2015,2166,Canada,Male,9.5, $149.00 
6029,9/18/2015,2163,Germany,Male,9.5, $149.00 
6030,9/18/2015,2204,Canada,Female,9, $139.00 
6031,9/18/2015,2161,Germany,Male,10, $129.00 
6032,9/18/2015,2172,Germany,Female,9, $179.00 
6033,9/18/2015,2242,United States,Female,9.5, $199.00 
6034,9/18/2015,2188,United States,Female,9, $149.00 
6035,9/19/2015,2232,Germany,Female,8, $99.50 
6036,9/19/2015,2183,United States,Female,8, $149.00 
6037,9/19/2015,2196,Canada,Male,10, $64.50 
6038,9/19/2015,2155,Canada,Male,7, $125.10 
6039,9/19/2015,2235,Germany,Male,11, $159.20 
6040,9/19/2015,2232,Germany,Male,12, $129.00 
6041,9/19/2015,2187,Germany,Male,8.5, $159.00 
6042,9/19/2015,2220,Germany,Male,9.5, $139.30 
6043,9/19/2015,2238,Canada,Female,7, $97.30 
6044,9/19/2015,2211,Canada,Male,8.5, $159.00 
6045,9/19/2015,2166,United States,Male,10, $149.00 
6046,9/19/2015,2186,United States,Female,9, $179.00 
6047,9/19/2015,2236,United States,Male,9.5, $179.00 
6048,9/20/2015,2196,United States,Female,10, $149.00 
6049,9/20/2015,2214,United States,Male,8, $79.50 
6050,9/20/2015,2172,United States,Male,10, $179.00 
6051,9/20/2015,2157,Germany,Unix,9.5, $152.10 
6052,9/20/2015,2163,United States,Female,8, $149.00 
6053,9/20/2015,2161,Germany,Male,10, $129.00 
6054,9/20/2015,2153,Germany,Male,11, $161.10 
6055,9/20/2015,2191,United States,Female,8, $99.50 
6056,9/20/2015,2175,United States,Female,8.5, $129.00 
6057,9/20/2015,2183,United States,Male,10, $99.50 
6058,9/20/2015,2198,Germany,Male,8, $199.00 
6059,9/20/2015,2230,Canada,Female,7, $64.50 
6060,9/20/2015,2203,United States,Male,9, $139.00 
6061,9/20/2015,2192,Canada,Male,11, $179.00 
6062,9/20/2015,2166,United States,Male,9, $149.00 
6063,9/20/2015,2176,United Kingdom,Female,8.5, $149.00 
6064,9/20/2015,2157,United States,Male,10.5, $169.00 
6065,9/21/2015,2177,United States,Male,10, $159.20 
6066,9/21/2015,2221,United Kingdom,Male,12, $159.20 
6067,9/21/2015,2220,Canada,Female,7.5, $179.10 
6068,9/21/2015,2159,Germany,Female,6.5, $129.00 
6069,9/21/2015,2160,Germany,Male,11, $169.00 
6070,9/21/2015,2213,United States,Female,8, $129.00 
6071,9/21/2015,2197,Canada,Female,8.5, $111.20 
6072,9/21/2015,2166,Canada,Male,9.5, $169.00 
6073,9/21/2015,2236,United States,Male,9.5, $179.00 
6074,9/21/2015,2226,United States,Female,9.5, $161.10 
6075,9/22/2015,2177,United States,Male,10, $159.20 
6076,9/22/2015,2225,United States,Male,10, $139.30 
6077,9/22/2015,2211,Canada,Male,8.5, $159.00 
6078,9/22/2015,2227,United States,Male,8.5, $170.10 
6079,9/22/2015,2161,United States,Female,7.5, $169.00 
6080,9/22/2015,2219,Germany,Male,10.5, $134.10 
6081,9/22/2015,2179,Canada,Female,9, $152.10 
6082,9/22/2015,2230,Canada,Female,7, $64.50 
6083,9/22/2015,2192,United States,Male,7.5, $135.20 
6084,9/22/2015,2190,United Kingdom,Female,9, $149.00 
6085,9/22/2015,2196,United Kingdom,Female,8.5, $199.00 
6086,9/22/2015,2153,United States,Male,9, $99.50 
6087,9/22/2015,2209,United States,Male,9.5, $199.00 
6088,9/22/2015,2158,United States,Male,9.5, $69.50 
6089,9/22/2015,2191,Germany,Male,12, $149.00 
6090,9/23/2015,2186,Canada,Male,10.5, $90.30 
6091,9/23/2015,2172,United States,Male,10, $179.00 
6092,9/23/2015,2157,Germany,Female,7, $179.00 
6093,9/23/2015,2202,Germany,Male,10, $159.00 
6094,9/23/2015,2161,Germany,Male,10, $129.00 
6095,9/23/2015,2169,United States,Male,10.5, $161.10 
6096,9/23/2015,2166,Canada,Male,9.5, $169.00 
6097,9/23/2015,2209,United States,Male,7, $118.30 
6098,9/23/2015,2207,Canada,Female,9, $104.30 
6099,9/23/2015,2242,United Kingdom,Female,9, $74.50 
6100,9/23/2015,2157,United States,Female,9.5, $189.00 
6101,9/23/2015,2184,United States,Unix,, $179.00 
6102,9/23/2015,2159,United States,Male,10, $170.10 
6103,9/23/2015,2203,United States,Male,9.5, $179.10 
6104,9/23/2015,2224,United States,Female,8.5, $125.10 
6105,9/23/2015,2215,Germany,Female,7.5, $111.30 
6106,9/24/2015,2226,United States,Female,8, $179.00 
6107,9/24/2015,2214,United States,Male,8, $79.50 
6108,9/24/2015,2229,United States,Male,9, $129.00 
6109,9/24/2015,2230,Canada,Male,9, $159.20 
6110,9/24/2015,2200,Germany,Male,12, $125.30 
6111,9/24/2015,2222,Canada,Female,9, $169.00 
6112,9/24/2015,2225,United Kingdom,Male,9, $199.00 
6113,9/24/2015,2193,Germany,Male,12, $129.00 
6114,9/24/2015,2156,United States,Male,9.5, $143.20 
6115,9/24/2015,2168,United States,Female,6, $116.10 
6116,9/24/2015,2203,United States,Male,9, $139.00 
6117,9/24/2015,2222,Germany,Female,9.5, $179.00 
6118,9/24/2015,2223,United States,Male,9, $199.00 
6119,9/24/2015,2211,United States,Male,8, $189.00 
6120,9/25/2015,2163,Germany,Male,9.5, $149.00 
6121,9/25/2015,2161,Canada,Female,7, $99.50 
6122,9/25/2015,2197,Germany,Male,10.5, $103.20 
6123,9/25/2015,2157,United States,Female,8.5, $79.50 
6124,9/25/2015,2237,United Kingdom,Male,7, $139.30 
6125,9/25/2015,2205,Canada,Female,9, $159.00 
6126,9/25/2015,2204,United States,Male,9.5, $179.00 
6127,9/25/2015,2234,Germany,Male,9, $135.20 
6128,9/25/2015,2227,United States,Male,8.5, $170.10 
6129,9/26/2015,2191,United States,Male,12, $189.00 
6130,9/26/2015,2157,United States,Female,8.5, $74.50 
6131,9/26/2015,2220,Canada,Female,7.5, $179.10 
6132,9/26/2015,2165,Germany,Male,10.5, $143.20 
6133,9/26/2015,2223,United States,Male,10.5, $84.50 
6134,9/26/2015,2183,United Kingdom,Male,10.5, $199.00 
6135,9/26/2015,2152,United States,Male,10.5, $129.00 
6136,9/26/2015,2187,Germany,Male,8.5, $159.00 
6137,9/26/2015,2174,Canada,Male,9, $143.20 
6138,9/26/2015,2175,Germany,Female,9, $116.10 
6139,9/26/2015,2240,Germany,Male,10, $149.00 
6140,9/26/2015,2172,United States,Male,10, $179.00 
6141,9/26/2015,2153,Germany,Female,6.5, $125.10 
6142,9/26/2015,2212,United Kingdom,Male,8.5, $199.00 
6143,9/26/2015,2192,United States,Female,8.5, $169.00 
6144,9/26/2015,2205,Germany,Male,9.5, $139.00 
6145,9/26/2015,2228,United States,Male,9.5, $149.00 
6146,9/26/2015,2167,United States,Female,8.5, $189.00 
6147,9/26/2015,2149,Germany,Female,8.5, $125.10 
6148,9/26/2015,2162,United States,Male,10, $129.00 
6149,9/26/2015,2211,United States,Male,8, $189.00 
6150,9/26/2015,2159,United States,Male,10, $170.10 
6151,9/27/2015,2168,Germany,Unix,8, $79.50 
6152,9/27/2015,2232,Germany,Male,6.5, $104.30 
6153,9/27/2015,2221,United States,Male,10, $118.30 
6154,9/27/2015,2231,United States,Female,9, $118.30 
6155,9/27/2015,2207,Germany,Male,11, $139.00 
6156,9/27/2015,2212,Germany,Male,10.5, $139.00 
6157,9/27/2015,2197,Germany,Male,10.5, $103.20 
6158,9/27/2015,2227,United States,Female,9, $199.00 
6159,9/27/2015,2190,Germany,Female,6.5, $111.30 
6160,9/27/2015,2162,United Kingdom,Male,11.5, $152.10 
6161,9/27/2015,2225,Germany,Male,9, $69.50 
6162,9/27/2015,2167,Germany,Female,8, $179.00 
6163,9/27/2015,2207,United States,Female,8.5, $139.30 
6164,9/27/2015,2192,Germany,Male,7, $125.30 
6165,9/27/2015,2210,United States,Male,9.5, $189.00 
6166,9/27/2015,2165,United States,Female,8.5, $179.00 
6167,9/27/2015,2191,United States,Male,12, $189.00 
6168,9/27/2015,2212,United States,Male,9.5, $97.30 
6169,9/27/2015,2222,United States,Female,9, $79.50 
6170,9/27/2015,2157,Canada,Female,7, $189.00 
6171,9/28/2015,2240,Germany,Male,9, $125.30 
6172,9/28/2015,2180,United States,Male,12, $179.00 
6173,9/28/2015,2185,United States,Female,9, $135.20 
6174,9/28/2015,2198,Germany,Male,15, $149.00 
6175,9/28/2015,2165,Germany,Male,10.5, $143.20 
6176,9/28/2015,2207,Germany,Male,11, $139.00 
6177,9/28/2015,2203,United States,Male,9, $139.00 
6178,9/28/2015,2172,United States,Female,10, $149.00 
6179,9/28/2015,2186,United Kingdom,Male,9, $179.00 
6180,9/28/2015,2161,United Kingdom,Male,8.5, $139.30 
6181,9/28/2015,2149,United Kingdom,Male,10.5, $116.10 
6182,9/28/2015,2207,Germany,Male,15, $139.00 
6183,9/28/2015,2178,Germany,Female,8, $159.00 
6184,9/28/2015,2163,Germany,Male,9.5, $149.00 
6185,9/28/2015,2202,United States,Male,7.5, $99.50 
6186,9/28/2015,2224,Germany,Male,9.5, $149.00 
6187,9/29/2015,2177,United States,Female,10.5, $149.00 
6188,9/29/2015,2153,United States,Female,10.5, $135.20 
6189,9/29/2015,2168,Germany,Male,8, $79.50 
6190,9/29/2015,2165,Germany,Male,10.5, $143.20 
6191,9/29/2015,2207,Germany,Male,11, $139.00 
6192,9/29/2015,2204,United States,Female,9, $189.00 
6193,9/29/2015,2183,United Kingdom,Male,10.5, $199.00 
6194,9/29/2015,2197,United Kingdom,Male,10, $189.00 
6195,9/29/2015,2154,Germany,Female,9, $139.00 
6196,9/29/2015,2155,United States,Male,10, $143.10 
6197,9/29/2015,2147,United States,Male,11, $69.50 
6198,9/29/2015,2176,United States,Male,6, $159.00 
6199,9/29/2015,2200,Canada,Female,5.5, $104.30 
6200,9/29/2015,2175,United States,Male,9.5, $179.00 
6201,9/29/2015,2162,,Unix,9, $139.00 
6202,9/29/2015,2156,United States,Male,9.5, $143.20 
6203,9/29/2015,2208,Germany,Male,11.5, $79.50 
6204,9/29/2015,2149,Canada,Male,9.5, $179.10 
6205,9/30/2015,2162,United States,Male,10, $129.00 
6206,9/30/2015,2226,United States,Female,8, $139.30 
6207,9/30/2015,2235,United Kingdom,Male,11, $127.20 
6208,9/30/2015,2183,United Kingdom,Male,10.5, $199.00 
6209,9/30/2015,2198,Germany,Male,15, $149.00 
6210,9/30/2015,2176,Canada,Male,9, $169.00 
6211,9/30/2015,2204,United States,Male,9.5, $179.00 
6212,9/30/2015,2202,United States,Male,10.5, $159.00 
6213,9/30/2015,2181,United States,Female,8, $139.00 
6214,9/30/2015,2191,Canada,Male,9.5, $139.30 
6215,9/30/2015,2175,Germany,Female,8.5, $161.10 
6216,9/30/2015,2230,United States,Female,9, $169.00 
6217,10/1/2015,2202,United States,Male,7.5, $99.50 
6218,10/1/2015,2209,United States,Male,7, $118.30 
6219,10/1/2015,2164,United States,Female,8, $149.00 
6220,10/1/2015,2188,United States,Female,7, $97.30 
6221,10/1/2015,2190,United States,Male,11.5, $179.00 
6222,10/1/2015,2237,Canada,Male,9.5, $179.10 
6223,10/1/2015,2235,Canada,Male,9, $199.00 
6224,10/1/2015,2167,United Kingdom,Female,9.5, $129.00 
6225,10/1/2015,2204,Canada,Female,8, $129.00 
6226,10/2/2015,2174,Germany,Female,8, $159.00 
6227,10/2/2015,2205,Germany,Male,10, $170.10 
6228,10/2/2015,2237,United States,Female,8, $134.10 
6229,10/2/2015,2147,Canada,Male,9.5, $149.00 
6230,10/2/2015,2205,United States,Female,7, $169.00 
6231,10/2/2015,2216,United States,Female,8.5, $152.10 
6232,10/2/2015,2203,Germany,Male,9.5, $139.00 
6233,10/2/2015,2170,United States,Male,10.5, $189.00 
6234,10/2/2015,2183,United States,Male,10, $159.00 
6235,10/2/2015,2174,Canada,Male,9, $143.20 
6236,10/2/2015,2216,Germany,Female,9.5, $127.20 
6237,10/2/2015,2172,Germany,Male,9, $189.00 
6238,10/3/2015,2167,Germany,Female,8, $179.00 
6239,10/3/2015,2237,United States,Female,8, $134.10 
6240,10/3/2015,2200,Canada,Female,5.5, $104.30 
6241,10/3/2015,2233,United States,Male,10, $125.30 
6242,10/3/2015,2167,Canada,Female,7.5, $139.30 
6243,10/3/2015,2183,Canada,Female,8.5, $149.00 
6244,10/3/2015,2149,Canada,Male,9.5, $179.10 
6245,10/3/2015,2205,Germany,Female,10, $79.50 
6246,10/3/2015,2195,United States,Male,10.5, $199.00 
6247,10/3/2015,2167,United Kingdom,Female,9.5, $129.00 
6248,10/3/2015,2231,United States,Male,8.5, $199.00 
6249,10/3/2015,2212,United Kingdom,Male,9.5, $149.00 
6250,10/3/2015,2225,United States,Male,9.5, $129.00 
6251,10/3/2015,2203,Germany,Unix,9.5, $125.10 
6252,10/4/2015,2178,United States,Male,9, $139.00 
6253,10/4/2015,2178,Germany,Female,8, $159.00 
6254,10/4/2015,2159,Canada,Female,9, $99.50 
6255,10/4/2015,2165,United States,Male,10.5, $159.00 
6256,10/4/2015,2169,United States,Female,8, $84.50 
6257,10/4/2015,2226,United States,Female,8, $139.00 
6258,10/4/2015,2169,United States,Male,10.5, $189.00 
6259,10/4/2015,2238,Canada,Male,10, $125.10 
6260,10/4/2015,2200,Germany,Male,12, $125.30 
6261,10/4/2015,2214,Germany,Female,8.5, $132.30 
6262,10/4/2015,2182,United States,Male,8.5, $127.20 
6263,10/4/2015,2190,United States,Male,9, $94.50 
6264,10/4/2015,2179,Canada,Female,9, $152.10 
6265,10/4/2015,2164,United States,Male,9, $169.00 
6266,10/5/2015,2185,United Kingdom,Male,9, $199.00 
6267,10/5/2015,2156,Canada,Female,8.5, $139.00 
6268,10/5/2015,2188,United Kingdom,Female,8.5, $169.00 
6269,10/5/2015,2212,Germany,Male,11, $199.00 
6270,10/5/2015,2178,United States,Male,9, $139.00 
6271,10/5/2015,2222,United Kingdom,Male,11.5, $149.00 
6272,10/5/2015,2221,United States,Female,7, $149.00 
6273,10/5/2015,2162,United Kingdom,Male,11.5, $152.10 
6274,10/5/2015,2202,Canada,Female,8, $179.00 
6275,10/5/2015,2198,Germany,Male,10.5, $139.00 
6276,10/6/2015,2172,Germany,Male,9, $189.00 
6277,10/6/2015,2149,United States,Male,12, $189.00 
6278,10/6/2015,2172,United States,Female,10, $149.00 
6279,10/6/2015,2229,United States,Female,7.5, $69.50 
6280,10/6/2015,2221,United States,Female,8.5, $179.00 
6281,10/6/2015,2240,United States,Male,10.5, $199.00 
6282,10/6/2015,2173,Germany,Female,8.5, $119.20 
6283,10/6/2015,2152,Germany,Male,9.5, $169.00 
6284,10/6/2015,2195,United States,Male,10, $179.00 
6285,10/6/2015,2240,United States,Male,13, $84.50 
6286,10/6/2015,2212,United Kingdom,Male,9.5, $149.00 
6287,10/6/2015,2193,United States,Male,10.5, $118.30 
6288,10/6/2015,2200,United Kingdom,Male,9.5, $84.50 
6289,10/6/2015,2150,United Kingdom,Female,10.5, $199.00 
6290,10/6/2015,2192,Canada,Male,7, $169.00 
6291,10/6/2015,2223,United Kingdom,Male,9, $139.30 
6292,10/7/2015,2181,United States,Male,11, $69.50 
6293,10/7/2015,2224,Germany,Female,9, $179.10 
6294,10/7/2015,2213,Canada,Male,11.5, $132.30 
6295,10/7/2015,2230,Canada,Male,9, $139.00 
6296,10/7/2015,2193,Germany,Male,9, $159.20 
6297,10/7/2015,2233,Germany,Male,10, $169.00 
6298,10/7/2015,2214,United States,Male,9.5, $90.30 
6299,10/7/2015,2153,United Kingdom,Female,10.5, $149.00 
6300,10/7/2015,2158,United Kingdom,Female,8, $79.50 
6301,,2187,Canada,Unix,8, $199.00 
6302,10/7/2015,2199,Canada,Male,15, $149.00 
6303,10/7/2015,2185,United States,Male,10, $149.00 
6304,10/7/2015,2215,United Kingdom,Male,7.5, $119.20 
6305,10/7/2015,2218,United Kingdom,Female,7, $189.00 
6306,10/8/2015,2159,Canada,Male,9, $118.30 
6307,10/8/2015,2205,United States,Female,7.5, $199.00 
6308,10/8/2015,2191,United States,Female,8, $99.50 
6309,10/8/2015,2166,Germany,Male,12, $149.00 
6310,10/8/2015,2233,United States,Female,8, $139.30 
6311,10/8/2015,2231,United Kingdom,Female,10.5, $169.00 
6312,10/8/2015,2162,United States,Male,11, $199.00 
6313,10/8/2015,2181,Germany,Female,10, $149.00 
6314,10/8/2015,2205,United Kingdom,Female,7, $189.00 
6315,10/8/2015,2212,United Kingdom,Male,9.5, $149.00 
6316,10/8/2015,2223,United Kingdom,Male,9, $139.30 
6317,10/8/2015,2176,United Kingdom,Male,10, $159.00 
6318,10/8/2015,2225,Germany,Male,11, $149.00 
6319,10/9/2015,2193,Germany,Female,9.5, $127.20 
6320,10/9/2015,2152,Canada,Male,8.5, $159.00 
6321,10/9/2015,2219,Canada,Male,9, $199.00 
6322,10/9/2015,2232,Canada,Male,9, $99.50 
6323,10/9/2015,2180,United States,Female,9, $189.00 
6324,10/9/2015,2200,United States,Male,10, $125.30 
6325,10/9/2015,2189,Germany,Male,8, $127.20 
6326,10/9/2015,2172,Germany,Male,9, $189.00 
6327,10/9/2015,2178,United States,Male,9, $139.00 
6328,10/9/2015,2195,United States,Male,10.5, $199.00 
6329,10/9/2015,2164,United States,Male,10, $139.00 
6330,10/9/2015,2177,Germany,Male,10, $179.00 
6331,10/9/2015,2233,United States,Female,8, $139.30 
6332,10/9/2015,2183,Germany,Female,8, $139.00 
6333,10/10/2015,2186,United States,Male,8, $111.30 
6334,10/10/2015,2187,Canada,Male,8.5, $89.50 
6335,10/10/2015,2220,Canada,Male,9.5, $129.00 
6336,10/10/2015,2215,United Kingdom,Male,7.5, $119.20 
6337,10/10/2015,2148,Germany,Male,8, $149.00 
6338,10/10/2015,2180,Canada,Male,8.5, $199.00 
6339,10/10/2015,2192,United States,Male,11.5, $149.00 
6340,10/10/2015,2228,United Kingdom,Female,8.5, $159.00 
6341,10/10/2015,2207,United Kingdom,Male,10.5, $199.00 
6342,10/10/2015,2156,Germany,Female,9, $104.30 
6343,10/10/2015,2222,Germany,Male,10, $159.00 
6344,10/10/2015,2192,Germany,Male,9.5, $135.20 
6345,10/10/2015,2177,Germany,Male,9, $159.00 
6346,10/11/2015,2209,Germany,Male,9, $64.50 
6347,10/11/2015,2161,United States,Male,8, $179.10 
6348,10/11/2015,2218,United Kingdom,Female,7, $189.00 
6349,10/11/2015,2232,Canada,Male,6.5, $169.00 
6350,10/11/2015,2223,Canada,Male,8.5, $135.20 
6351,10/11/2015,2185,United States,Unix,10, $149.00 
6352,10/11/2015,2233,United States,Male,10, $159.00 
6353,10/11/2015,2155,United States,Male,9.5, $111.30 
6354,10/11/2015,2182,United States,Male,9, $104.30 
6355,10/11/2015,2191,Germany,Female,8.5, $169.00 
6356,10/11/2015,2188,Canada,Male,11, $189.00 
6357,10/11/2015,2169,United States,Male,10.5, $189.00 
6358,10/11/2015,2200,United Kingdom,Male,9.5, $84.50 
6359,10/11/2015,2154,Germany,Male,9, $169.00 
6360,10/11/2015,2158,Germany,Male,10, $159.00 
6361,10/11/2015,2209,Germany,Male,14, $199.00 
6362,10/11/2015,2152,Germany,Male,9.5, $169.00 
6363,10/11/2015,2171,United States,Male,12, $189.00 
6364,10/12/2015,2152,Germany,Male,9.5, $89.50 
6365,10/12/2015,2149,Canada,Male,9.5, $179.10 
6366,10/12/2015,2161,United States,Female,10.5, $129.00 
6367,10/12/2015,2161,Germany,Male,10.5, $159.00 
6368,10/12/2015,2188,Germany,Female,8, $199.00 
6369,10/12/2015,2157,Germany,Male,9, $132.30 
6370,10/12/2015,2231,United States,Male,8.5, $104.30 
6371,10/12/2015,2183,Germany,Female,8, $139.00 
6372,10/12/2015,2155,United Kingdom,Male,9.5, $189.00 
6373,10/12/2015,2179,Germany,Female,8, $159.00 
6374,10/12/2015,2198,Germany,Male,10.5, $139.00 
6375,10/12/2015,2154,Germany,Female,8, $84.50 
6376,10/12/2015,2230,United Kingdom,Female,9.5, $132.30 
6377,10/13/2015,2241,Canada,Female,9, $179.00 
6378,10/13/2015,2219,United States,Female,8, $179.00 
6379,10/13/2015,2186,United States,Male,8, $111.30 
6380,10/13/2015,2223,Canada,Male,8.5, $135.20 
6381,10/13/2015,2226,Germany,Male,9.5, $139.00 
6382,10/13/2015,2220,United States,Female,8.5, $179.00 
6383,10/13/2015,2163,United States,Female,7.5, $64.50 
6384,10/13/2015,2225,Germany,Male,8.5, $199.00 
6385,10/13/2015,2237,Germany,Female,10.5, $179.00 
6386,10/13/2015,2200,Germany,Male,9.5, $179.00 
6387,10/13/2015,2207,United Kingdom,Male,10.5, $199.00 
6388,10/13/2015,2185,United Kingdom,Female,9.5, $111.30 
6389,10/14/2015,2241,United Kingdom,Male,6.5, $179.00 
6390,10/14/2015,2155,United States,Male,13, $139.00 
6391,10/14/2015,2215,United Kingdom,Male,12, $179.00 
6392,10/14/2015,2189,United Kingdom,Female,8, $152.10 
6393,10/14/2015,2188,Germany,Male,6.5, $134.10 
6394,10/14/2015,2242,United States,Male,9, $135.20 
6395,10/14/2015,2233,United States,Male,10, $159.00 
6396,10/14/2015,2192,United States,Male,11.5, $149.00 
6397,10/14/2015,2199,United States,Male,10, $179.00 
6398,10/14/2015,2170,Germany,Female,7, $97.30 
6399,10/14/2015,2220,United States,Male,11.5, $199.00 
6400,10/14/2015,2154,Germany,Male,9, $169.00 
6401,10/14/2015,2232,United States,Unix,9, $179.00 
6402,10/15/2015,2155,United Kingdom,Male,9.5, $189.00 
6403,10/15/2015,2192,United States,Male,8.5, $159.00 
6404,10/15/2015,2230,United Kingdom,Male,10, $139.00 
6405,10/15/2015,2220,United States,Male,9.5, $129.00 
6406,10/15/2015,2181,United States,Male,9.5, $74.50 
6407,10/15/2015,2190,Germany,Male,10, $169.00 
6408,10/15/2015,2180,Canada,Male,10, $199.00 
6409,10/15/2015,2195,United States,Female,8, $179.00 
6410,10/15/2015,2208,Germany,Female,8, $84.50 
6411,10/15/2015,2177,Canada,Male,9.5, $129.00 
6412,10/15/2015,2166,Germany,Female,12, $69.50 
6413,10/15/2015,2225,Germany,Female,7.5, $199.00 
6414,10/15/2015,2151,Germany,Female,6.5, $125.10 
6415,10/15/2015,2213,Canada,Male,9.5, $199.00 
6416,10/15/2015,2234,Germany,Male,6, $90.30 
6417,10/15/2015,2192,Canada,Male,7, $169.00 
6418,10/15/2015,2174,Germany,Female,8, $159.00 
6419,10/15/2015,2163,Germany,Female,8.5, $97.30 
6420,10/15/2015,2177,Germany,Male,9, $159.00 
6421,10/15/2015,2203,United States,Female,9.5, $129.00 
6422,10/15/2015,2239,United States,Male,8.5, $189.00 
6423,10/15/2015,2198,Germany,Female,9, $139.00 
6424,10/16/2015,2173,Germany,Female,9, $169.00 
6425,10/16/2015,2162,United States,Male,11, $199.00 
6426,10/16/2015,2220,United States,Male,9.5, $129.00 
6427,10/16/2015,2242,United States,Male,9.5, $74.50 
6428,10/16/2015,2238,United States,Male,8.5, $152.10 
6429,10/16/2015,2192,Germany,Male,9.5, $135.20 
6430,10/16/2015,2173,Germany,Female,7.5, $118.30 
6431,10/16/2015,2185,United States,Female,8, $169.00 
6432,10/16/2015,2195,Canada,Male,10.5, $149.00 
6433,10/16/2015,2212,Germany,Male,10, $169.00 
6434,10/16/2015,2168,United States,Male,8.5, $199.00 
6435,10/16/2015,2185,Canada,Male,9, $127.20 
6436,10/16/2015,2213,Canada,Male,9.5, $199.00 
6437,10/16/2015,2198,Canada,Female,9, $179.00 
6438,10/16/2015,2216,Canada,Male,8.5, $89.50 
6439,10/16/2015,2168,Germany,Female,7.5, $169.00 
6440,10/16/2015,2213,United States,Female,12, $189.00 
6441,10/16/2015,2178,Germany,Female,8.5, $179.00 
6442,10/16/2015,2200,United Kingdom,Male,11, $179.00 
6443,10/16/2015,2209,Germany,Male,14, $199.00 
6444,10/16/2015,2200,United States,Male,10, $199.00 
6445,10/16/2015,2225,United States,Male,7.5, $159.00 
6446,10/16/2015,2224,Germany,Female,9, $179.10 
6447,10/16/2015,2195,United States,Female,8.5, $151.20 
6448,10/17/2015,2165,Germany,Female,4.5, $149.00 
6449,10/17/2015,2217,Germany,Female,8.5, $74.50 
6450,10/17/2015,2195,United States,Male,10.5, $199.00 
6451,10/17/2015,2229,United States,Unix,9.5, $189.00 
6452,10/17/2015,2238,United States,Male,8.5, $152.10 
6453,10/17/2015,2191,Germany,Male,9.5, $179.00 
6454,10/17/2015,2209,Germany,Female,8, $134.10 
6455,10/17/2015,2185,Germany,Female,8.5, $159.00 
6456,10/17/2015,2193,Canada,Male,10, $179.00 
6457,10/17/2015,2228,Canada,Male,9.5, $103.20 
6458,10/17/2015,2165,United States,Female,8, $149.00 
6459,10/17/2015,2210,United States,Female,9, $151.20 
6460,10/17/2015,2174,Canada,Male,9, $127.20 
6461,10/17/2015,2219,Germany,Female,7.5, $118.30 
6462,10/17/2015,2213,Canada,Male,11.5, $132.30 
6463,10/17/2015,2241,Canada,Female,9, $179.00 
6464,10/17/2015,2157,Germany,Male,9, $132.30 
6465,10/17/2015,2241,Canada,Male,10, $159.00 
6466,10/17/2015,2204,United Kingdom,Male,9.5, $143.20 
6467,10/17/2015,2177,Germany,Male,9, $159.00 
6468,10/17/2015,2171,United Kingdom,Female,8.5, $179.10 
6469,10/17/2015,2195,Canada,Male,10.5, $149.00 
6470,10/17/2015,2213,United Kingdom,Female,8.5, $152.10 
6471,10/18/2015,2233,United States,Male,8.5, $179.00 
6472,10/18/2015,2161,Germany,Male,8, $179.00 
6473,10/18/2015,2241,United Kingdom,Male,6.5, $179.00 
6474,10/18/2015,2151,Germany,Female,6.5, $125.10 
6475,10/18/2015,2236,United States,Female,9, $199.00 
6476,10/18/2015,2236,United States,Female,8.5, $69.50 
6477,10/18/2015,2197,Germany,Female,9, $127.20 
6478,10/18/2015,2171,United States,Female,8.5, $143.20 
6479,10/18/2015,2195,Canada,Male,10.5, $149.00 
6480,10/18/2015,2228,Canada,Female,7.5, $169.00 
6481,10/18/2015,2200,United States,Male,10, $199.00 
6482,10/18/2015,2206,United States,Male,12, $149.00 
6483,10/18/2015,2179,United States,Male,11.5, $189.00 
6484,10/19/2015,2179,Germany,Female,10, $179.10 
6485,10/19/2015,2173,Germany,Male,9.5, $149.00 
6486,10/19/2015,2234,Germany,Female,8, $125.30 
6487,10/19/2015,2213,Canada,Male,9.5, $199.00 
6488,10/19/2015,2191,Canada,Female,7, $199.00 
6489,10/19/2015,2230,Canada,Male,10, $111.20 
6490,10/19/2015,2197,Canada,Male,8.5, $139.00 
6491,10/19/2015,2218,Germany,Female,7.5, $129.00 
6492,10/19/2015,2226,Canada,Male,9.5, $129.00 
6493,10/19/2015,2191,United States,Female,8.5, $143.10 
6494,10/19/2015,2157,United States,Female,8.5, $79.50 
6495,10/19/2015,2222,United Kingdom,Male,9, $149.00 
6496,10/19/2015,2217,United States,Female,7.5, $159.00 
6497,10/19/2015,2236,Germany,Female,9.5, $169.00 
6498,10/19/2015,2221,United States,Female,9.5, $199.00 
6499,10/20/2015,2223,Germany,Male,10.5, $74.50 
6500,10/20/2015,2165,United States,Female,8, $149.00 
6501,10/20/2015,2182,Germany,,8.5, $143.10 
6502,10/20/2015,2184,Germany,Female,8, $169.00 
6503,10/20/2015,2190,Canada,Female,7.5, $151.20 
6504,10/20/2015,2213,United States,Male,11.5, $149.00 
6505,10/20/2015,2233,United States,Male,10, $179.10 
6506,10/20/2015,2190,Germany,Female,7, $159.00 
6507,10/20/2015,2157,Germany,Female,7.5, $161.10 
6508,10/20/2015,2159,United States,Male,9.5, $79.50 
6509,10/20/2015,2192,United States,Female,8.5, $169.00 
6510,10/20/2015,2159,United States,Male,9, $119.20 
6511,10/20/2015,2187,United States,Female,7.5, $74.50 
6512,10/20/2015,2187,Canada,Male,9, $64.50 
6513,10/20/2015,2185,United States,Male,11.5, $170.10 
6514,10/21/2015,2189,Germany,Male,10, $149.00 
6515,10/21/2015,2153,Canada,Male,11, $139.00 
6516,10/21/2015,2203,Germany,Male,7.5, $189.00 
6517,10/21/2015,2171,Germany,Male,10.5, $159.00 
6518,10/21/2015,2179,Germany,Female,9.5, $111.20 
6519,10/21/2015,2202,Germany,Female,8, $111.20 
6520,10/21/2015,2154,United States,Female,10.5, $179.00 
6521,10/21/2015,2158,Germany,Male,11, $161.10 
6522,10/21/2015,2164,Canada,Male,11, $119.20 
6523,10/21/2015,2192,Canada,Male,7, $169.00 
6524,10/21/2015,2157,Germany,Male,12, $159.20 
6525,10/21/2015,2149,Germany,Female,7.5, $69.50 
6526,10/21/2015,2214,United Kingdom,Male,10, $149.00 
6527,10/21/2015,2159,United States,Female,7.5, $199.00 
6528,10/21/2015,2241,Canada,Male,6, $199.00 
6529,10/22/2015,2184,Canada,Male,9, $94.50 
6530,10/22/2015,2192,United States,Female,9.5, $199.00 
6531,10/22/2015,2168,Germany,Female,8, $127.20 
6532,10/22/2015,2236,Germany,Female,9.5, $169.00 
6533,10/22/2015,2237,Germany,Female,8, $103.20 
6534,10/22/2015,2227,United States,Female,9, $199.00 
6535,10/22/2015,2227,United States,Female,10.5, $159.20 
6536,10/22/2015,2236,United Kingdom,Female,8, $90.30 
6537,10/22/2015,2214,Canada,Female,9, $139.00 
6538,10/22/2015,2184,United Kingdom,Female,8, $129.00 
6539,10/22/2015,2192,United States,Male,9, $149.00 
6540,10/22/2015,2184,Germany,Male,10.5, $149.00 
6541,10/22/2015,2238,Germany,Female,6.5, $159.00 
6542,10/22/2015,2149,Germany,Female,9, $179.00 
6543,10/22/2015,2158,United Kingdom,Male,9.5, $199.00 
6544,10/22/2015,2147,United States,Male,6, $94.50 
6545,10/22/2015,2184,United States,Male,9, $90.30 
6546,10/22/2015,2204,Germany,Male,9.5, $189.00 
6547,10/23/2015,2187,Canada,Male,9, $64.50 
6548,10/23/2015,2202,Germany,Female,8, $139.30 
6549,10/23/2015,2201,Canada,Male,11.5, $139.00 
6550,10/23/2015,2177,United States,Male,8, $199.00 
6551,10/23/2015,2182,United States,Unix,9, $104.30 
6552,10/23/2015,2185,United States,Male,11.5, $170.10 
6553,10/23/2015,2239,Germany,Male,6, $159.00 
6554,10/23/2015,2188,United States,Male,8.5, $84.50 
6555,10/23/2015,2181,Germany,Male,11, $159.00 
6556,10/23/2015,2199,United Kingdom,Male,10, $149.00 
6557,10/23/2015,2219,United States,Male,10, $143.20 
6558,10/23/2015,2231,United States,Male,9, $90.30 
6559,10/23/2015,2203,United Kingdom,Male,10.5, $199.00 
6560,10/23/2015,2167,Germany,Female,10, $149.00 
6561,10/24/2015,2241,Canada,Male,6, $199.00 
6562,10/24/2015,2187,Canada,Male,9, $64.50 
6563,10/24/2015,2196,United States,Female,9, $89.50 
6564,10/24/2015,2161,United States,Female,10.5, $129.00 
6565,10/24/2015,2202,United States,Male,8.5, $143.20 
6566,10/24/2015,2163,United States,Male,10.5, $129.00 
6567,10/24/2015,2226,United States,Male,9, $159.00 
6568,10/24/2015,2192,United States,Male,9, $149.00 
6569,10/24/2015,2184,Germany,Female,7, $199.00 
6570,10/24/2015,2177,Germany,Female,8, $161.10 
6571,10/24/2015,2190,Germany,Female,6.5, $111.30 
6572,10/24/2015,2200,Germany,Female,9, $97.30 
6573,10/24/2015,2183,United States,Male,6.5, $129.00 
6574,10/24/2015,2223,Germany,Male,10.5, $74.50 
6575,10/24/2015,2222,United Kingdom,Female,8.5, $149.00 
6576,10/24/2015,2153,Germany,Female,10, $64.50 
6577,10/25/2015,2185,United States,Female,8, $169.00 
6578,10/25/2015,2206,United States,Male,14, $149.00 
6579,10/25/2015,2179,Germany,Female,7.5, $90.30 
6580,10/25/2015,2237,Canada,Male,9.5, $179.10 
6581,10/25/2015,2161,United States,Male,9.5, $161.10 
6582,10/25/2015,2176,United States,Male,6, $159.00 
6583,10/25/2015,2171,United States,Female,8.5, $143.20 
6584,10/25/2015,2168,United States,Male,11, $139.00 
6585,10/25/2015,2201,United States,Female,10.5, $179.00 
6586,10/25/2015,2226,United States,Male,9.5, $149.00 
6587,10/25/2015,2190,United States,Male,9.5, $134.10 
6588,10/25/2015,2188,United States,Male,8.5, $84.50 
6589,10/25/2015,2158,Germany,Male,11, $161.10 
6590,10/25/2015,2223,Germany,Female,6.5, $134.10 
6591,10/25/2015,2201,Germany,Male,11, $189.00 
6592,10/25/2015,2171,Germany,Male,10.5, $159.00 
6593,10/25/2015,2217,United Kingdom,Female,8.5, $125.30 
6594,10/25/2015,2167,United States,Male,9.5, $189.00 
6595,10/25/2015,2149,Germany,Male,10, $129.00 
6596,10/26/2015,2192,Germany,Male,9, $64.50 
6597,10/26/2015,2238,Germany,Male,10, $97.30 
6598,10/26/2015,2149,Germany,Female,7.5, $116.10 
6599,10/26/2015,2165,Canada,Male,9, $134.10 
6600,10/26/2015,2158,United States,Female,10.5, $159.00 
6601,10/26/2015,2186,United States,Unix,, $189.00 
6602,10/26/2015,2157,United States,Female,8.5, $79.50 
6603,10/26/2015,2196,United States,Female,10, $199.00 
6604,10/26/2015,2164,United States,Male,7, $111.20 
6605,10/26/2015,2148,United States,Male,13, $179.00 
6606,10/26/2015,2192,United States,Male,9, $149.00 
6607,10/26/2015,2190,Germany,Male,8, $104.30 
6608,10/26/2015,2177,Canada,Female,7, $134.10 
6609,10/26/2015,2194,Germany,Female,6.5, $179.00 
6610,10/26/2015,2212,Germany,Male,6, $97.30 
6611,10/26/2015,2219,United States,Male,10, $149.00 
6612,10/27/2015,2153,Canada,Male,11, $139.00 
6613,10/27/2015,2199,Canada,Male,9, $199.00 
6614,10/27/2015,2238,Germany,Female,8.5, $149.00 
6615,10/27/2015,2205,Germany,Female,7.5, $159.00 
6616,10/27/2015,2228,United States,Female,8, $189.00 
6617,10/27/2015,2188,Germany,Female,8, $199.00 
6618,10/27/2015,2236,United States,Male,10.5, $139.00 
6619,10/27/2015,2197,Canada,Female,10, $84.50 
6620,10/27/2015,2197,United States,Male,6, $134.10 
6621,10/27/2015,2209,Canada,Female,6, $143.10 
6622,10/27/2015,2167,Canada,Female,7.5, $139.30 
6623,10/27/2015,2184,Canada,Male,9, $94.50 
6624,10/27/2015,2241,Canada,Male,10, $159.00 
6625,10/27/2015,2149,United States,Male,6, $69.50 
6626,10/27/2015,2176,United States,Female,7.5, $179.00 
6627,10/28/2015,2197,Canada,Male,8.5, $139.00 
6628,10/28/2015,2205,Germany,Male,9, $111.20 
6629,10/28/2015,2163,United States,Male,10.5, $129.00 
6630,10/28/2015,2218,Germany,Male,14, $74.50 
6631,10/28/2015,2180,United States,Female,9, $170.10 
6632,10/28/2015,2231,United States,Male,9, $90.30 
6633,10/28/2015,2231,Canada,Female,10, $103.20 
6634,10/28/2015,2169,Germany,Female,6.5, $161.10 
6635,10/28/2015,2161,United States,Male,11, $189.00 
6636,10/28/2015,2149,Germany,Male,8, $149.00 
6637,10/28/2015,2228,Canada,Female,6, $135.20 
6638,10/28/2015,2173,Canada,Male,11.5, $159.00 
6639,10/28/2015,2216,Germany,Female,5.5, $139.00 
6640,10/28/2015,2223,Germany,Male,10.5, $74.50 
6641,10/28/2015,2221,United States,Male,9.5, $170.10 
6642,10/28/2015,2193,United States,Female,9, $151.20 
6643,10/29/2015,2193,United States,Female,9.5, $143.10 
6644,10/29/2015,2192,Canada,Female,7, $149.00 
6645,10/29/2015,2198,Germany,Female,6.5, $199.00 
6646,10/29/2015,2161,United States,Male,9.5, $161.10 
6647,10/29/2015,2186,United States,Female,8.5, $143.10 
6648,10/29/2015,2154,United States,Male,10.5, $199.00 
6649,10/29/2015,2177,United States,Male,8, $139.00 
6650,10/29/2015,2151,Germany,Female,8, $99.50 
6651,10/29/2015,2212,Germany,Unix,11, $199.00 
6652,10/29/2015,2231,United States,Female,7.5, $143.20 
6653,10/29/2015,2190,Canada,Female,10, $179.00 
6654,10/29/2015,2238,Germany,Female,8.5, $149.00 
6655,10/29/2015,2221,Canada,Male,7.5, $119.20 
6656,10/29/2015,2233,Canada,Male,9, $139.00 
6657,10/29/2015,2185,United States,Male,10.5, $64.50 
6658,10/29/2015,2169,Canada,Female,9, $161.10 
6659,10/29/2015,2192,Germany,Male,9, $64.50 
6660,10/29/2015,2230,Germany,Female,8.5, $189.00 
6661,10/29/2015,2150,United States,Female,8, $179.00 
6662,10/30/2015,2148,United States,Female,11.5, $74.50 
6663,10/30/2015,2241,Germany,Female,8, $189.00 
6664,10/30/2015,2169,Germany,Female,6.5, $161.10 
6665,10/30/2015,2154,United States,Male,10.5, $199.00 
6666,10/30/2015,2192,Canada,Male,7.5, $111.20 
6667,10/30/2015,2173,United States,Female,8, $119.20 
6668,10/30/2015,2158,United States,Female,7.5, $169.00 
6669,10/30/2015,2237,United States,Male,8, $189.00 
6670,10/30/2015,2181,Germany,Female,9.5, $79.50 
6671,10/30/2015,2223,United States,Male,10.5, $129.00 
6672,10/30/2015,2172,Canada,Male,10, $170.10 
6673,10/30/2015,2179,United Kingdom,Male,9.5, $111.20 
6674,10/31/2015,2223,United Kingdom,Female,7.5, $152.10 
6675,10/31/2015,2207,Germany,Male,10.5, $179.00 
6676,10/31/2015,2179,Canada,Female,9, $139.00 
6677,10/31/2015,2163,United States,Male,9.5, $169.00 
6678,10/31/2015,2157,United States,Female,8.5, $189.00 
6679,10/31/2015,2188,United States,Female,8, $159.20 
6680,10/31/2015,2193,United States,Female,9.5, $139.00 
6681,10/31/2015,2217,Germany,Female,9.5, $134.10 
6682,10/31/2015,2225,United Kingdom,Male,9.5, $169.00 
6683,10/31/2015,2166,Canada,Male,9.5, $169.00 
6684,10/31/2015,2223,United States,Female,10.5, $199.00 
6685,10/31/2015,2151,Canada,Female,9, $161.10 
6686,10/31/2015,2198,United States,Male,9.5, $179.10 
6687,11/1/2015,2190,United States,Female,11.5, $89.50 
6688,11/1/2015,2151,Germany,Female,8, $99.50 
6689,11/1/2015,2160,Germany,Female,7.5, $179.00 
6690,11/1/2015,2160,Canada,Female,9, $129.00 
6691,11/1/2015,2204,United Kingdom,Male,8, $129.00 
6692,11/1/2015,2241,Germany,Male,7.5, $134.10 
6693,11/1/2015,2152,United States,Female,9.5, $151.20 
6694,11/1/2015,2186,United States,Male,9, $189.00 
6695,11/1/2015,2238,United States,Female,9, $199.00 
6696,11/1/2015,2179,Canada,Male,11, $119.20 
6697,11/1/2015,2228,Canada,Male,10, $199.00 
6698,11/1/2015,2173,United States,Female,8, $119.20 
6699,11/2/2015,2226,United States,Female,8.5, $125.10 
6700,11/2/2015,2153,United States,Male,10.5, $161.10 
6701,11/2/2015,2242,,Unix,9.5, $90.30 
6702,11/2/2015,2240,United States,Female,7.5, $143.20 
6703,11/2/2015,2212,United States,Female,10.5, $179.00 
6704,11/2/2015,2210,United States,Male,9.5, $189.00 
6705,11/2/2015,2227,United Kingdom,Female,8, $199.00 
6706,11/2/2015,2158,United Kingdom,Male,9.5, $199.00 
6707,11/2/2015,2154,United States,Male,10, $169.00 
6708,11/2/2015,2156,United States,Female,8.5, $199.00 
6709,11/2/2015,2178,United Kingdom,Female,8.5, $139.00 
6710,11/2/2015,2221,Canada,Female,8, $149.00 
6711,11/2/2015,2203,United Kingdom,Male,10.5, $199.00 
6712,11/2/2015,2240,Canada,Female,7, $94.50 
6713,11/2/2015,2219,Germany,Male,9, $169.00 
6714,11/2/2015,2162,Germany,Male,10, $90.30 
6715,11/2/2015,2225,Germany,Female,7.5, $199.00 
6716,11/2/2015,2228,Canada,Female,7.5, $170.10 
6717,11/3/2015,2238,Germany,Female,8.5, $151.20 
6718,11/3/2015,2229,United States,Female,7.5, $69.50 
6719,11/3/2015,2154,United States,Male,10.5, $149.00 
6720,11/3/2015,2170,Germany,Male,10, $129.00 
6721,11/3/2015,2220,Germany,Male,9, $170.10 
6722,11/3/2015,2208,United States,Female,9, $199.00 
6723,11/3/2015,2195,United Kingdom,Female,8, $103.20 
6724,11/3/2015,2163,United States,Male,9.5, $169.00 
6725,11/3/2015,2202,Canada,Female,8, $179.00 
6726,11/3/2015,2204,United Kingdom,Male,8, $129.00 
6727,11/3/2015,2211,Germany,Male,9.5, $119.20 
6728,11/3/2015,2159,Germany,Male,9, $129.00 
6729,11/3/2015,2209,Germany,Female,8, $159.00 
6730,11/3/2015,2171,Germany,Male,11.5, $119.20 
6731,11/3/2015,2239,Canada,Male,6, $170.10 
6732,11/3/2015,2150,Germany,Female,6.5, $143.10 
6733,11/4/2015,2191,United States,Female,8.5, $143.10 
6734,11/4/2015,2190,United States,Female,9, $169.00 
6735,11/4/2015,2174,United Kingdom,Male,9, $189.00 
6736,11/4/2015,2150,United States,Female,10, $149.00 
6737,11/4/2015,2225,United States,Male,9.5, $79.50 
6738,11/4/2015,2237,United States,Male,9.5, $139.30 
6739,11/4/2015,2237,Canada,Male,9.5, $179.10 
6740,11/4/2015,2240,Germany,Male,6, $179.00 
6741,11/4/2015,2176,Canada,Female,9.5, $189.00 
6742,11/5/2015,2215,United States,Male,9.5, $159.00 
6743,11/5/2015,2172,Germany,Female,9.5, $151.20 
6744,11/5/2015,2154,Germany,Male,7, $103.20 
6745,11/5/2015,2234,Germany,Male,11.5, $104.30 
6746,11/5/2015,2215,Canada,Female,7, $119.20 
6747,11/5/2015,2170,Germany,Male,10, $129.00 
6748,11/5/2015,2211,Germany,Male,9.5, $119.20 
6749,11/5/2015,2160,Germany,Female,8, $111.30 
6750,11/6/2015,2202,Germany,Female,8.5, $104.30 
6751,11/6/2015,2238,Canada,Unix,8.5, $118.30 
6752,11/6/2015,2220,United States,Male,10.5, $139.00 
6753,11/6/2015,2225,United Kingdom,Male,9.5, $169.00 
6754,11/6/2015,2195,Canada,Male,10.5, $139.00 
6755,11/6/2015,2150,United States,Female,10.5, $74.50 
6756,11/6/2015,2198,Germany,Male,9.5, $149.00 
6757,11/6/2015,2228,Canada,Female,9, $159.00 
6758,11/6/2015,2234,Germany,Male,10, $179.00 
6759,11/6/2015,2172,Germany,Female,9.5, $129.00 
6760,11/6/2015,2172,Germany,Female,9.5, $151.20 
6761,11/7/2015,2184,Germany,Female,8.5, $127.20 
6762,11/7/2015,2241,United States,Female,8, $161.10 
6763,11/7/2015,2148,Germany,Male,15, $129.00 
6764,11/7/2015,2207,United States,Male,14, $169.00 
6765,11/7/2015,2179,Canada,Female,8.5, $169.00 
6766,11/7/2015,2190,United States,Male,12, $143.20 
6767,11/7/2015,2151,United States,Male,9, $169.00 
6768,11/7/2015,2215,Germany,Male,10.5, $151.20 
6769,11/7/2015,2235,United States,Female,7.5, $159.00 
6770,11/7/2015,2149,Canada,Male,9.5, $159.00 
6771,11/7/2015,2179,Germany,Female,9, $143.10 
6772,11/7/2015,2158,Germany,Male,9.5, $179.00 
6773,11/7/2015,2152,Canada,Female,9, $189.00 
6774,11/7/2015,2202,United States,Male,15, $139.00 
6775,11/7/2015,2154,Germany,Male,7, $103.20 
6776,11/7/2015,2234,United Kingdom,Female,8.5, $94.50 
6777,11/7/2015,2152,United States,Female,7.5, $170.10 
6778,11/8/2015,2175,United States,Female,8, $151.20 
6779,11/8/2015,2207,Germany,Female,8, $116.10 
6780,11/8/2015,2151,Canada,Female,8.5, $129.00 
6781,11/8/2015,2192,United States,Female,9.5, $199.00 
6782,11/8/2015,2177,Canada,Male,8.5, $134.10 
6783,11/8/2015,2186,United States,Male,11, $179.00 
6784,11/8/2015,2224,United Kingdom,Male,12, $143.20 
6785,11/8/2015,2147,Canada,Male,9.5, $74.50 
6786,11/8/2015,2198,Germany,Male,9.5, $149.00 
6787,11/8/2015,2223,United States,Female,9, $90.30 
6788,11/8/2015,2234,United Kingdom,Female,8.5, $94.50 
6789,11/8/2015,2237,Germany,Female,8.5, $159.00 
6790,11/8/2015,2148,Germany,Female,8, $199.00 
6791,11/9/2015,2229,United States,Female,8, $169.00 
6792,11/9/2015,2239,United States,Female,8, $94.50 
6793,11/9/2015,2179,United States,Male,10.5, $69.50 
6794,11/9/2015,2237,United States,Female,8, $134.10 
6795,11/9/2015,2159,Germany,Male,9, $129.00 
6796,11/9/2015,2199,Germany,Female,5.5, $170.10 
6797,11/9/2015,2210,United States,Female,8, $99.50 
6798,11/9/2015,2201,United States,Male,12, $129.00 
6799,11/9/2015,2189,United Kingdom,Male,11.5, $179.10 
6800,11/9/2015,2222,United States,Female,9, $199.00 
6801,,2185,Germany,Unix,7.5, $179.10 
6802,11/9/2015,2216,Canada,Male,10, $179.00 
6803,11/9/2015,2215,Germany,Female,8, $79.50 
6804,11/9/2015,2231,Germany,Female,7.5, $104.30 
6805,11/9/2015,2203,Germany,Female,9, $199.00 
6806,11/9/2015,2178,United Kingdom,Male,10, $64.50 
6807,11/9/2015,2167,Germany,Female,7.5, $111.20 
6808,11/9/2015,2165,Canada,Female,8.5, $116.10 
6809,11/9/2015,2216,United States,Female,7.5, $159.00 
6810,11/9/2015,2225,United States,Male,9.5, $79.50 
6811,11/9/2015,2220,Canada,Male,9.5, $129.00 
6812,11/9/2015,2147,Germany,Male,11.5, $129.00 
6813,11/9/2015,2238,Germany,Female,6.5, $159.00 
6814,11/9/2015,2201,Germany,Male,10, $149.00 
6815,11/10/2015,2183,United Kingdom,Female,7.5, $129.00 
6816,11/10/2015,2205,United States,Female,7.5, $139.00 
6817,11/10/2015,2162,Germany,Male,10, $90.30 
6818,11/10/2015,2234,United States,Female,5.5, $169.00 
6819,11/10/2015,2189,United Kingdom,Male,11.5, $179.10 
6820,11/10/2015,2224,United Kingdom,Male,12, $143.20 
6821,11/10/2015,2223,United States,Female,9, $90.30 
6822,11/10/2015,2178,Germany,Female,6.5, $149.00 
6823,11/10/2015,2167,United Kingdom,Female,8, $199.00 
6824,11/10/2015,2224,Germany,Female,9.5, $111.30 
6825,11/10/2015,2201,Canada,Male,11, $90.30 
6826,11/10/2015,2189,Canada,Male,10, $104.30 
6827,11/10/2015,2171,Canada,Female,7, $127.20 
6828,11/10/2015,2192,Canada,Female,7, $149.00 
6829,11/10/2015,2238,Canada,Female,8, $170.10 
6830,11/10/2015,2153,Germany,Female,6.5, $125.10 
6831,11/10/2015,2233,Germany,Male,9.5, $179.00 
6832,11/10/2015,2192,United States,Female,9.5, $169.00 
6833,11/11/2015,2198,United Kingdom,Male,15, $159.00 
6834,11/11/2015,2241,United States,Male,10, $94.50 
6835,11/11/2015,2236,Canada,Male,8.5, $189.00 
6836,11/11/2015,2207,United States,Male,14, $169.00 
6837,11/11/2015,2223,United States,Female,8.5, $199.00 
6838,11/11/2015,2226,Germany,Male,10, $69.50 
6839,11/11/2015,2161,Germany,Male,9.5, $139.00 
6840,11/11/2015,2149,Canada,Male,9.5, $159.00 
6841,11/11/2015,2171,Germany,Male,11.5, $119.20 
6842,11/11/2015,2236,United States,Female,9, $189.00 
6843,11/11/2015,2173,United States,Male,10.5, $139.00 
6844,11/11/2015,2174,Canada,Male,9.5, $74.50 
6845,11/11/2015,2242,United Kingdom,Male,14, $199.00 
6846,11/11/2015,2183,Germany,Female,7.5, $111.20 
6847,11/11/2015,2147,Germany,Male,10.5, $143.10 
6848,11/11/2015,2186,Germany,Female,8, $149.00 
6849,11/11/2015,2173,Canada,Male,13, $199.00 
6850,11/11/2015,2230,Canada,Female,7, $64.50 
6851,11/11/2015,2161,Canada,Unix,7, $99.50 
6852,11/11/2015,2221,Canada,Female,8, $149.00 
6853,11/11/2015,2162,Germany,Male,10, $90.30 
6854,11/11/2015,2192,United States,Male,8, $119.20 
6855,11/12/2015,2205,United States,Female,7.5, $139.00 
6856,11/12/2015,2241,Canada,Male,7.5, $79.50 
6857,11/12/2015,2213,United States,Male,9.5, $74.50 
6858,11/12/2015,2177,Germany,Male,7.5, $169.00 
6859,11/12/2015,2226,Germany,Male,10, $69.50 
6860,11/12/2015,2182,Germany,Male,8.5, $111.30 
6861,11/12/2015,2184,United States,Female,9, $179.00 
6862,11/12/2015,2207,United States,Male,9.5, $94.50 
6863,11/12/2015,2234,Canada,Male,10.5, $179.00 
6864,11/12/2015,2178,United States,Male,9.5, $104.30 
6865,11/12/2015,2209,Germany,Female,8.5, $159.00 
6866,11/12/2015,2215,Canada,Male,9, $139.00 
6867,11/12/2015,2194,United States,Female,8.5, $111.30 
6868,11/12/2015,2211,Canada,Male,10, $151.20 
6869,11/12/2015,2165,United States,Male,9.5, $179.00 
6870,11/12/2015,2181,United States,Male,9.5, $74.50 
6871,11/12/2015,2209,Canada,Female,8.5, $104.30 
6872,11/12/2015,2203,Germany,Female,9.5, $125.10 
6873,11/12/2015,2211,United States,Male,9.5, $139.00 
6874,11/13/2015,2228,United States,Female,9, $79.50 
6875,11/13/2015,2201,Germany,Male,10.5, $199.00 
6876,11/13/2015,2241,United States,Male,10, $94.50 
6877,11/13/2015,2184,United States,Female,10.5, $139.00 
6878,11/13/2015,2193,Germany,Male,10, $99.50 
6879,11/13/2015,2158,Canada,Male,15, $139.00 
6880,11/13/2015,2233,United Kingdom,Male,10.5, $139.00 
6881,11/13/2015,2165,United Kingdom,Female,6, $199.00 
6882,11/13/2015,2238,United Kingdom,Male,9, $159.20 
6883,11/13/2015,2214,United States,Male,12, $127.20 
6884,11/13/2015,2191,Germany,Male,10, $139.30 
6885,11/13/2015,2195,Canada,Male,8.5, $139.00 
6886,11/13/2015,2191,Canada,Female,8.5, $139.00 
6887,11/13/2015,2164,United States,Male,9, $169.00 
6888,11/14/2015,2175,United Kingdom,Male,10, $143.20 
6889,11/14/2015,2225,Canada,Female,9.5, $159.00 
6890,11/14/2015,2177,Germany,Female,10.5, $99.50 
6891,11/14/2015,2155,United States,Male,9.5, $159.00 
6892,11/14/2015,2160,Germany,Male,10.5, $94.50 
6893,11/14/2015,2225,Germany,Female,8.5, $84.50 
6894,11/14/2015,2223,United States,Female,9, $97.30 
6895,11/14/2015,2187,Canada,Male,11, $169.00 
6896,11/14/2015,2173,Canada,Male,13, $199.00 
6897,11/14/2015,2179,Canada,Male,10, $169.00 
6898,11/14/2015,2180,Germany,Male,8.5, $104.30 
6899,11/14/2015,2150,Germany,Male,9.5, $179.00 
6900,11/14/2015,2206,Canada,Female,8.5, $159.00 
6901,11/14/2015,2147,Germany,Unix,11.5, $129.00 
6902,11/14/2015,2209,Germany,Female,9.5, $139.00 
6903,11/14/2015,2200,United States,Female,9, $129.00 
6904,11/14/2015,2174,United States,Male,9.5, $149.00 
6905,11/15/2015,2223,Germany,Female,8, $119.20 
6906,11/15/2015,2200,Germany,Male,10, $125.30 
6907,11/15/2015,2207,United States,Male,9.5, $94.50 
6908,11/15/2015,2189,Canada,Female,9.5, $149.00 
6909,11/15/2015,2215,United Kingdom,Female,8.5, $97.30 
6910,11/15/2015,2178,Canada,Female,7.5, $139.00 
6911,11/15/2015,2160,Canada,Female,9, $129.00 
6912,11/15/2015,2175,Germany,Female,7.5, $134.10 
6913,11/15/2015,2208,United States,Female,9, $199.00 
6914,11/15/2015,2206,Canada,Male,9.5, $125.10 
6915,11/15/2015,2211,Canada,Male,10, $151.20 
6916,11/15/2015,2173,Canada,Male,13, $199.00 
6917,11/15/2015,2223,Germany,Male,9.5, $199.00 
6918,11/16/2015,2221,Germany,Female,8, $189.00 
6919,11/16/2015,2171,United Kingdom,Female,8.5, $199.00 
6920,11/16/2015,2222,Germany,Male,10, $159.00 
6921,11/16/2015,2237,Canada,Male,10, $159.00 
6922,11/16/2015,2241,United States,Male,10, $94.50 
6923,11/16/2015,2211,Germany,Female,7.5, $169.00 
6924,11/16/2015,2179,United States,Male,10.5, $69.50 
6925,11/16/2015,2210,United States,Male,9.5, $143.20 
6926,11/16/2015,2162,Germany,Male,10.5, $199.00 
6927,11/16/2015,2206,United States,Female,7, $199.00 
6928,11/16/2015,2159,United Kingdom,Male,9, $94.50 
6929,11/16/2015,2199,Germany,Male,13, $159.00 
6930,11/16/2015,2223,Germany,Male,9.5, $199.00 
6931,11/16/2015,2230,United States,Male,11, $179.00 
6932,11/17/2015,2202,United States,Male,9.5, $199.00 
6933,11/17/2015,2148,Germany,Female,8.5, $169.00 
6934,11/17/2015,2167,Germany,Male,10.5, $139.00 
6935,11/17/2015,2241,United States,Female,8, $161.10 
6936,11/17/2015,2215,United Kingdom,Female,8.5, $97.30 
6937,11/17/2015,2158,Germany,Female,8, $125.30 
6938,11/17/2015,2169,Germany,Female,9, $129.00 
6939,11/17/2015,2217,Germany,Female,7.5, $189.00 
6940,11/17/2015,2223,United States,Female,10.5, $199.00 
6941,11/17/2015,2207,United States,Male,9.5, $94.50 
6942,11/17/2015,2229,United States,Female,8, $159.00 
6943,11/17/2015,2217,United States,Female,8.5, $79.50 
6944,11/17/2015,2202,Canada,Male,9.5, $103.20 
6945,11/18/2015,2220,United States,Male,7, $151.20 
6946,11/18/2015,2168,United States,Female,5.5, $159.00 
6947,11/18/2015,2199,Canada,Male,9, $199.00 
6948,11/18/2015,2240,Germany,Male,10, $161.10 
6949,11/18/2015,2210,United States,Male,9.5, $143.20 
6950,11/18/2015,2229,Canada,Male,10, $125.30 
6951,11/18/2015,2147,United Kingdom,Unix,8.5, $152.10 
6952,11/18/2015,2185,Germany,Female,9, $159.00 
6953,11/18/2015,2223,Germany,Male,10, $169.00 
6954,11/18/2015,2191,Germany,Male,10, $139.30 
6955,11/18/2015,2195,Canada,Female,9.5, $116.10 
6956,11/18/2015,2221,Germany,Female,8, $189.00 
6957,11/18/2015,2241,Germany,Male,8.5, $79.50 
6958,11/18/2015,2149,United States,Male,10.5, $97.30 
6959,11/18/2015,2191,Canada,Female,8.5, $139.00 
6960,11/18/2015,2148,United States,Female,8.5, $169.00 
6961,11/19/2015,2208,United States,Female,5.5, $149.00 
6962,11/19/2015,2231,United States,Female,7.5, $179.00 
6963,11/19/2015,2177,Canada,Female,8, $119.20 
6964,11/19/2015,2178,Canada,Female,7.5, $139.00 
6965,11/19/2015,2239,United States,Female,9, $129.00 
6966,11/19/2015,2185,United States,Female,12, $179.10 
6967,11/19/2015,2188,United States,Female,7, $97.30 
6968,11/19/2015,2148,United States,Male,9, $125.10 
6969,11/19/2015,2169,United States,Male,10.5, $118.30 
6970,11/19/2015,2193,Germany,Female,9.5, $129.00 
6971,11/19/2015,2158,Canada,Male,15, $139.00 
6972,11/19/2015,2167,Germany,Male,10.5, $139.00 
6973,11/19/2015,2160,United States,Female,9.5, $149.00 
6974,11/20/2015,2214,United Kingdom,Female,8, $139.00 
6975,11/20/2015,2151,Germany,Male,10.5, $90.30 
6976,11/20/2015,2195,Canada,Male,8.5, $139.00 
6977,11/20/2015,2223,Canada,Male,11, $103.20 
6978,11/20/2015,2203,United States,Male,6.5, $104.30 
6979,11/20/2015,2153,United Kingdom,Male,9.5, $189.00 
6980,11/20/2015,2177,United States,Male,9.5, $199.00 
6981,11/20/2015,2201,United States,Male,9.5, $179.10 
6982,11/20/2015,2189,United States,Female,9, $199.00 
6983,11/20/2015,2197,Germany,Male,8, $169.00 
6984,11/20/2015,2215,United States,Male,10, $129.00 
6985,11/20/2015,2233,United States,Female,8, $179.00 
6986,11/21/2015,2153,Germany,Male,11.5, $169.00 
6987,11/21/2015,2221,United States,Male,10, $139.30 
6988,11/21/2015,2237,Germany,Male,9.5, $189.00 
6989,11/21/2015,2149,Germany,Female,8.5, $79.50 
6990,11/21/2015,2200,United States,Female,7.5, $149.00 
6991,11/21/2015,2207,United States,Male,10.5, $89.50 
6992,11/21/2015,2158,United States,Male,10.5, $129.00 
6993,11/21/2015,2181,Germany,Male,15, $199.00 
6994,11/21/2015,2197,Germany,Male,8, $143.10 
6995,11/21/2015,2242,United States,Female,8.5, $159.00 
6996,11/21/2015,2242,United Kingdom,Female,8.5, $139.00 
6997,11/21/2015,2204,Germany,Male,14, $69.50 
6998,11/22/2015,2150,United States,Female,8, $104.30 
6999,11/22/2015,2213,United States,Male,11.5, $69.50 
7000,11/22/2015,2231,Canada,Female,10, $189.00 
7001,11/22/2015,2241,United States,,10.5, $149.00 
7002,11/22/2015,2175,Germany,Male,9.5, $99.50 
7003,11/22/2015,2203,United States,Female,6.5, $179.00 
7004,11/22/2015,2165,United Kingdom,Female,7.5, $149.00 
7005,11/22/2015,2172,Germany,Female,10, $199.00 
7006,11/22/2015,2237,United Kingdom,Female,12, $143.20 
7007,11/22/2015,2239,Germany,Female,8.5, $143.20 
7008,11/22/2015,2201,United States,Male,10.5, $199.00 
7009,11/22/2015,2239,Germany,Female,7.5, $64.50 
7010,11/22/2015,2237,United States,Female,9, $97.30 
7011,11/22/2015,2207,United States,Male,9.5, $116.10 
7012,11/22/2015,2241,United States,Male,7.5, $169.00 
7013,11/22/2015,2232,United States,Female,8, $116.10 
7014,11/22/2015,2186,United States,Male,8, $170.10 
7015,11/22/2015,2174,United States,Female,12, $159.00 
7016,11/22/2015,2230,Canada,Male,9, $159.20 
7017,11/22/2015,2189,United States,Female,9, $199.00 
7018,11/23/2015,2163,Germany,Female,8.5, $97.30 
7019,11/23/2015,2232,United States,Male,9, $99.50 
7020,11/23/2015,2234,United States,Male,9.5, $179.00 
7021,11/23/2015,2193,Germany,Female,9.5, $129.00 
7022,11/23/2015,2162,Germany,Male,10.5, $199.00 
7023,11/23/2015,2237,Germany,Male,9.5, $189.00 
7024,11/23/2015,2166,Germany,Male,9.5, $159.00 
7025,11/23/2015,2152,Germany,Male,9.5, $89.50 
7026,11/23/2015,2151,United States,Male,10.5, $179.10 
7027,11/23/2015,2224,United States,Female,9, $179.00 
7028,11/23/2015,2191,United States,Male,9.5, $125.10 
7029,11/23/2015,2194,United States,Female,8, $161.10 
7030,11/23/2015,2175,United States,Male,9, $97.30 
7031,11/23/2015,2237,United Kingdom,Female,8.5, $151.20 
7032,11/23/2015,2185,Canada,Male,11, $139.30 
7033,11/24/2015,2180,United States,Male,9.5, $139.00 
7034,11/24/2015,2178,Germany,Female,8.5, $179.00 
7035,11/24/2015,2178,Canada,Female,10, $179.00 
7036,11/24/2015,2216,United States,Female,8, $179.00 
7037,11/24/2015,2159,United Kingdom,Male,9, $94.50 
7038,11/24/2015,2206,United Kingdom,Female,7.5, $149.00 
7039,11/24/2015,2155,United States,Female,6.5, $199.00 
7040,11/24/2015,2177,United States,Female,8, $139.00 
7041,11/24/2015,2161,United States,Male,9.5, $132.30 
7042,11/24/2015,2149,Canada,Female,7, $179.10 
7043,11/24/2015,2153,Germany,Male,11.5, $169.00 
7044,11/24/2015,2177,United States,Male,8.5, $119.20 
7045,11/24/2015,2151,United States,Male,10.5, $179.10 
7046,11/24/2015,2166,Germany,Male,10, $64.50 
7047,11/24/2015,2149,Germany,Female,8.5, $79.50 
7048,11/24/2015,2237,United Kingdom,Female,8.5, $151.20 
7049,11/24/2015,2234,United States,Male,9.5, $179.00 
7050,11/24/2015,2211,United States,Male,9.5, $139.00 
7051,11/24/2015,2184,United States,Unix,11, $139.00 
7052,11/24/2015,2226,Germany,Male,8.5, $149.00 
7053,11/24/2015,2152,Canada,Male,11, $69.50 
7054,11/24/2015,2176,United States,Male,9, $169.00 
7055,11/24/2015,2214,Canada,Male,7.5, $159.20 
7056,11/25/2015,2221,United States,Male,10, $139.30 
7057,11/25/2015,2209,Germany,Male,9, $149.00 
7058,11/25/2015,2178,United States,Female,8, $125.30 
7059,11/25/2015,2181,United States,Female,12, $149.00 
7060,11/25/2015,2215,Germany,Male,10.5, $139.00 
7061,11/25/2015,2197,Germany,Male,9.5, $189.00 
7062,11/25/2015,2176,Germany,Male,8.5, $179.00 
7063,11/25/2015,2227,United States,Male,9.5, $189.00 
7064,11/25/2015,2177,United States,Male,8.5, $119.20 
7065,11/25/2015,2226,United States,Male,11.5, $169.00 
7066,11/25/2015,2213,United States,Male,11.5, $69.50 
7067,11/25/2015,2158,Germany,Male,9.5, $89.50 
7068,11/25/2015,2208,United States,Male,8, $179.00 
7069,11/25/2015,2229,United States,Male,9.5, $139.30 
7070,11/25/2015,2179,Germany,Male,10.5, $159.00 
7071,11/25/2015,2149,United States,Male,12, $64.50 
7072,11/25/2015,2194,United States,Male,9, $169.00 
7073,11/26/2015,2156,Canada,Female,7, $119.20 
7074,11/26/2015,2233,United States,Female,9, $199.00 
7075,11/26/2015,2151,Germany,Male,10.5, $90.30 
7076,11/26/2015,2170,United States,Female,12, $169.00 
7077,11/26/2015,2229,Canada,Male,10, $125.30 
7078,11/26/2015,2156,United States,Male,10.5, $159.00 
7079,11/26/2015,2232,United Kingdom,Female,8, $143.20 
7080,11/26/2015,2234,Germany,Male,10.5, $94.50 
7081,11/26/2015,2180,United States,Male,9.5, $139.00 
7082,11/26/2015,2197,Germany,Male,8, $143.10 
7083,11/26/2015,2188,Germany,Female,8.5, $159.00 
7084,11/26/2015,2182,United Kingdom,Male,10, $139.00 
7085,11/26/2015,2214,Canada,Male,8.5, $159.00 
7086,11/26/2015,2195,Canada,Male,10, $111.30 
7087,11/27/2015,2152,United States,Male,12, $139.30 
7088,11/27/2015,2157,Germany,Female,7.5, $139.30 
7089,11/27/2015,2239,Canada,Male,15, $111.30 
7090,11/27/2015,2189,United States,Male,11, $169.00 
7091,11/27/2015,2153,Germany,Male,11.5, $169.00 
7092,11/27/2015,2191,United States,Male,9.5, $125.10 
7093,11/27/2015,2168,Germany,Male,9, $159.00 
7094,11/27/2015,2221,United States,Male,10, $139.30 
7095,11/27/2015,2153,United States,Male,10.5, $161.10 
7096,11/27/2015,2242,United States,Male,10, $90.30 
7097,11/27/2015,2221,United States,Female,9, $127.20 
7098,11/27/2015,2220,United Kingdom,Male,6.5, $199.00 
7099,11/27/2015,2161,Canada,Male,9.5, $170.10 
7100,11/28/2015,2175,United States,Male,9, $97.30 
7101,11/28/2015,2181,United States,Unix,, $84.50 
7102,11/28/2015,2176,Germany,Male,9, $139.00 
7103,11/28/2015,2194,United Kingdom,Male,10.5, $159.20 
7104,11/28/2015,2222,United States,Male,8.5, $199.00 
7105,11/28/2015,2241,United States,Male,7, $159.00 
7106,11/28/2015,2241,United States,Male,7.5, $169.00 
7107,11/28/2015,2164,Germany,Female,9.5, $169.00 
7108,11/28/2015,2224,United States,Male,6.5, $119.20 
7109,11/28/2015,2217,Germany,Female,8.5, $169.00 
7110,11/28/2015,2185,United States,Female,8, $161.10 
7111,11/28/2015,2183,Germany,Male,8.5, $127.20 
7112,11/28/2015,2161,United States,Male,9.5, $129.00 
7113,11/28/2015,2214,Canada,Female,7.5, $199.00 
7114,11/29/2015,2213,Germany,Female,7, $159.00 
7115,11/29/2015,2157,United States,Male,9, $199.00 
7116,11/29/2015,2172,United Kingdom,Male,8, $104.30 
7117,11/29/2015,2218,United States,Male,10.5, $189.00 
7118,11/29/2015,2155,United States,Male,9.5, $179.00 
7119,11/29/2015,2182,United Kingdom,Male,10, $139.00 
7120,11/29/2015,2158,Germany,Male,9.5, $89.50 
7121,11/29/2015,2233,United States,Female,9, $199.00 
7122,11/29/2015,2209,Germany,Male,9, $149.00 
7123,11/29/2015,2149,United States,Male,12, $64.50 
7124,11/29/2015,2149,United States,Male,9.5, $127.20 
7125,11/29/2015,2239,United States,Female,9, $169.00 
7126,11/30/2015,2176,United States,Female,9, $159.00 
7127,11/30/2015,2207,United States,Female,8.5, $139.30 
7128,11/30/2015,2159,United Kingdom,Male,9, $94.50 
7129,11/30/2015,2225,Canada,Female,12, $179.00 
7130,11/30/2015,2242,United States,Male,10, $90.30 
7131,11/30/2015,2224,Germany,Female,9.5, $111.30 
7132,11/30/2015,2234,Germany,Male,10.5, $94.50 
7133,11/30/2015,2185,United States,Female,9, $135.20 
7134,11/30/2015,2212,United States,Male,8.5, $89.50 
7135,11/30/2015,2224,United States,Male,6.5, $119.20 
7136,11/30/2015,2184,Germany,Female,8, $94.50 
7137,11/30/2015,2195,Germany,Male,9.5, $161.10 
7138,11/30/2015,2189,United States,Male,11, $169.00 
7139,11/30/2015,2239,United States,Female,8.5, $111.30 
7140,11/30/2015,2232,United Kingdom,Female,8, $143.20 
7141,12/1/2015,2215,Germany,Male,10.5, $139.00 
7142,12/1/2015,2239,United Kingdom,Female,7.5, $179.10 
7143,12/1/2015,2226,Germany,Male,8.5, $149.00 
7144,12/1/2015,2150,United States,Female,9, $94.50 
7145,12/1/2015,2233,United States,Male,10, $152.10 
7146,12/1/2015,2185,Canada,Male,9.5, $179.00 
7147,12/1/2015,2225,United States,Female,8, $179.00 
7148,12/1/2015,2211,Germany,Male,10.5, $199.00 
7149,12/1/2015,2168,Germany,Male,9.5, $69.50 
7150,12/1/2015,2167,United States,Male,9.5, $143.20 
7151,12/1/2015,2220,United States,Unix,8, $169.00 
7152,12/1/2015,2167,Canada,Male,9.5, $179.00 
7153,12/1/2015,2218,Canada,Female,10, $135.20 
7154,12/1/2015,2176,Germany,Male,8.5, $179.00 
7155,12/1/2015,2222,United States,Male,6.5, $189.00 
7156,12/2/2015,2167,United States,Male,6.5, $103.20 
7157,12/2/2015,2179,United States,Female,5.5, $189.00 
7158,12/2/2015,2191,Germany,Female,7, $111.20 
7159,12/2/2015,2158,Germany,Male,9.5, $89.50 
7160,12/2/2015,2179,Germany,Male,10.5, $159.00 
7161,12/2/2015,2175,Canada,Male,9, $139.00 
7162,12/2/2015,2181,United Kingdom,Female,6.5, $104.30 
7163,12/2/2015,2157,United States,Male,8.5, $127.20 
7164,12/2/2015,2211,Germany,Male,10.5, $199.00 
7165,12/2/2015,2208,United States,Male,9.5, $149.00 
7166,12/2/2015,2202,United States,Female,4.5, $139.00 
7167,12/2/2015,2169,Germany,Female,8.5, $97.30 
7168,12/2/2015,2224,Canada,Male,10, $169.00 
7169,12/2/2015,2242,United States,Male,10, $90.30 
7170,12/3/2015,2150,United States,Female,9, $94.50 
7171,12/3/2015,2233,United States,Male,10, $179.00 
7172,12/3/2015,2185,Canada,Male,9.5, $179.00 
7173,12/3/2015,2147,United Kingdom,Male,8.5, $152.10 
7174,12/3/2015,2153,United States,Male,9, $97.30 
7175,12/3/2015,2149,United Kingdom,Female,6.5, $189.00 
7176,12/3/2015,2180,United States,Female,9.5, $149.00 
7177,12/3/2015,2179,Germany,Male,9, $99.50 
7178,12/3/2015,2233,Germany,Male,9.5, $149.00 
7179,12/3/2015,2204,Canada,Female,10, $159.00 
7180,12/3/2015,2225,Germany,Male,9, $159.00 
7181,12/3/2015,2227,Canada,Female,7.5, $149.00 
7182,12/4/2015,2232,United States,Male,9.5, $139.00 
7183,12/4/2015,2228,United States,Male,10.5, $129.00 
7184,12/4/2015,2171,Canada,Male,9, $149.00 
7185,12/4/2015,2198,Canada,Male,7, $111.30 
7186,12/4/2015,2202,United States,Female,8, $199.00 
7187,12/4/2015,2212,United States,Female,10.5, $179.00 
7188,12/4/2015,2190,Germany,Male,10, $189.00 
7189,12/4/2015,2212,United States,Female,4.5, $118.30 
7190,12/4/2015,2150,Canada,Male,10, $189.00 
7191,12/4/2015,2187,Germany,Male,8, $169.00 
7192,12/4/2015,2195,Germany,Male,9.5, $161.10 
7193,12/4/2015,2219,Canada,Male,10, $169.00 
7194,12/4/2015,2212,Canada,Female,6.5, $64.50 
7195,12/5/2015,2227,United Kingdom,Male,9, $127.20 
7196,12/5/2015,2223,Canada,Male,9.5, $151.20 
7197,12/5/2015,2198,Canada,Male,7, $111.30 
7198,12/5/2015,2185,United Kingdom,Female,7, $103.20 
7199,12/5/2015,2209,United States,Female,5.5, $125.30 
7200,12/5/2015,2198,Canada,Male,11, $159.00 
7201,12/5/2015,2184,,Unix,8, $170.10 
7202,12/5/2015,2194,United Kingdom,Male,10.5, $159.20 
7203,12/5/2015,2150,Germany,Male,9.5, $179.00 
7204,12/5/2015,2193,Canada,Male,10.5, $149.00 
7205,12/5/2015,2232,Canada,Male,10.5, $129.00 
7206,12/5/2015,2150,Canada,Male,10, $189.00 
7207,12/5/2015,2225,United States,Female,8, $179.00 
7208,12/5/2015,2232,United States,Male,10.5, $84.50 
7209,12/6/2015,2149,United States,Female,8, $159.00 
7210,12/6/2015,2206,Germany,Male,11.5, $129.00 
7211,12/6/2015,2202,Canada,Male,8.5, $139.00 
7212,12/6/2015,2164,Germany,Male,12, $111.20 
7213,12/6/2015,2208,United States,Female,5.5, $149.00 
7214,12/6/2015,2239,Canada,Female,9, $139.30 
7215,12/6/2015,2177,United Kingdom,Male,10, $74.50 
7216,12/6/2015,2185,United Kingdom,Female,7, $103.20 
7217,12/6/2015,2187,United Kingdom,Female,7.5, $199.00 
7218,12/6/2015,2199,Germany,Female,8, $118.30 
7219,12/6/2015,2172,United Kingdom,Male,8, $104.30 
7220,12/6/2015,2171,Canada,Male,9, $149.00 
7221,12/6/2015,2239,United States,Female,8.5, $111.30 
7222,12/6/2015,2187,United States,Female,7.5, $94.50 
7223,12/6/2015,2230,Canada,Male,9, $159.20 
7224,12/6/2015,2232,Canada,Male,10.5, $129.00 
7225,12/6/2015,2154,Canada,Female,11, $103.20 
7226,12/7/2015,2184,United States,Female,9, $189.00 
7227,12/7/2015,2221,Canada,Male,9.5, $189.00 
7228,12/7/2015,2154,United States,Male,9.5, $189.00 
7229,12/7/2015,2236,Germany,Female,10, $199.00 
7230,12/7/2015,2150,Germany,Male,10, $169.00 
7231,12/7/2015,2224,Germany,Female,8, $118.30 
7232,12/7/2015,2193,Canada,Male,10.5, $149.00 
7233,12/7/2015,2200,United Kingdom,Male,9.5, $159.20 
7234,12/7/2015,2177,United Kingdom,Male,10, $74.50 
7235,12/7/2015,2205,Germany,Female,7.5, $134.10 
7236,12/7/2015,2167,Canada,Male,9.5, $179.00 
7237,12/7/2015,2164,United States,Female,8.5, $199.00 
7238,12/7/2015,2168,Canada,Male,10, $170.10 
7239,12/7/2015,2223,Canada,Male,9.5, $151.20 
7240,12/7/2015,2228,United States,Male,10.5, $129.00 
7241,12/7/2015,2192,Germany,Female,6.5, $135.20 
7242,12/7/2015,2149,United States,Male,10, $159.00 
7243,12/7/2015,2182,United States,Female,8, $97.30 
7244,12/7/2015,2183,United States,Female,8, $139.00 
7245,12/8/2015,2233,United States,Female,8, $179.00 
7246,12/8/2015,2239,United States,Female,9, $169.00 
7247,12/8/2015,2198,Canada,Male,11, $159.00 
7248,12/8/2015,2215,Germany,Male,10.5, $139.00 
7249,12/8/2015,2172,Germany,Female,9.5, $129.00 
7250,12/8/2015,2168,United States,Female,5.5, $159.00 
7251,12/8/2015,2200,United Kingdom,Unix,9.5, $159.20 
7252,12/8/2015,2164,Germany,Male,12, $111.20 
7253,12/8/2015,2179,Germany,Male,9, $99.50 
7254,12/8/2015,2156,United States,Female,8.5, $199.00 
7255,12/8/2015,2221,Canada,Male,9.5, $189.00 
7256,12/8/2015,2209,United States,Female,8, $139.30 
7257,12/8/2015,2230,United States,Female,8, $129.00 
7258,12/8/2015,2154,Canada,Female,11, $103.20 
7259,12/8/2015,2207,United Kingdom,Female,8.5, $179.00 
7260,12/9/2015,2178,United States,Male,9.5, $143.10 
7261,12/9/2015,2212,United States,Female,8.5, $169.00 
7262,12/9/2015,2183,Germany,Male,10.5, $159.00 
7263,12/9/2015,2225,Germany,Male,9, $159.00 
7264,12/9/2015,2176,Canada,Male,9, $116.10 
7265,12/9/2015,2211,United Kingdom,Male,11.5, $129.00 
7266,12/9/2015,2149,Canada,Male,14, $90.30 
7267,12/9/2015,2150,Canada,Male,10, $189.00 
7268,12/9/2015,2234,Canada,Female,8, $199.00 
7269,12/9/2015,2167,United States,Male,6.5, $103.20 
7270,12/9/2015,2234,United States,Male,13, $189.00 
7271,12/9/2015,2158,United States,Male,7, $170.10 
7272,12/10/2015,2183,Germany,Male,9.5, $74.50 
7273,12/10/2015,2205,Germany,Female,7.5, $134.10 
7274,12/10/2015,2208,Germany,Male,9, $189.00 
7275,12/10/2015,2189,Germany,Male,9.5, $179.00 
7276,12/10/2015,2210,Canada,Male,10.5, $127.20 
7277,12/10/2015,2213,United States,Male,9.5, $139.00 
7278,12/10/2015,2176,Germany,Male,9.5, $111.20 
7279,12/10/2015,2173,United States,Male,10.5, $149.00 
7280,12/10/2015,2224,Germany,Male,9, $179.00 
7281,12/10/2015,2233,Canada,Female,9, $129.00 
7282,12/10/2015,2149,United States,Male,10.5, $97.30 
7283,12/10/2015,2178,Germany,Male,10, $179.00 
7284,12/10/2015,2165,Canada,Female,8, $139.00 
7285,12/10/2015,2204,United States,Male,10.5, $134.10 
7286,12/10/2015,2149,Germany,Female,8.5, $125.10 
7287,12/10/2015,2168,Canada,Male,10, $170.10 
7288,12/10/2015,2202,United States,Female,8, $199.00 
7289,12/11/2015,2209,United States,Female,8, $139.30 
7290,12/11/2015,2218,Canada,Male,10.5, $179.00 
7291,12/11/2015,2185,United States,Female,8.5, $161.10 
7292,12/11/2015,2231,United Kingdom,Female,8.5, $179.00 
7293,12/11/2015,2207,Canada,Female,6.5, $199.00 
7294,12/11/2015,2171,Germany,Female,9, $129.00 
7295,12/11/2015,2232,United States,Female,9, $179.00 
7296,12/11/2015,2232,United Kingdom,Female,7, $169.00 
7297,12/11/2015,2159,Germany,Female,9, $189.00 
7298,12/11/2015,2176,Germany,Male,9.5, $111.20 
7299,12/11/2015,2191,United States,Male,11, $89.50 
7300,12/12/2015,2218,United Kingdom,Male,6, $79.50 
7301,,2147,United States,Unix,9.5, $129.00 
7302,12/12/2015,2236,Canada,Male,8.5, $189.00 
7303,12/12/2015,2204,Germany,Male,9.5, $139.00 
7304,12/12/2015,2208,Germany,Male,9, $189.00 
7305,12/12/2015,2203,United States,Male,7.5, $129.00 
7306,12/12/2015,2191,United States,Male,9, $129.00 
7307,12/12/2015,2165,United Kingdom,Male,10, $151.20 
7308,12/12/2015,2220,Canada,Female,8, $179.10 
7309,12/12/2015,2161,United States,Male,9.5, $169.00 
7310,12/12/2015,2174,Canada,Female,11, $179.00 
7311,12/12/2015,2177,United Kingdom,Male,10, $74.50 
7312,12/12/2015,2212,Canada,Female,8, $64.50 
7313,12/12/2015,2205,United States,Male,9, $169.00 
7314,12/12/2015,2204,Germany,Male,10, $199.00 
7315,12/12/2015,2204,United States,Male,10.5, $134.10 
7316,12/12/2015,2161,Germany,Male,9, $179.00 
7317,12/12/2015,2188,United Kingdom,Female,7.5, $199.00 
7318,12/13/2015,2182,United States,Male,10.5, $199.00 
7319,12/13/2015,2151,Germany,Female,10, $139.00 
7320,12/13/2015,2163,Germany,Male,9.5, $179.00 
7321,12/13/2015,2199,Canada,Male,15, $149.00 
7322,12/13/2015,2238,Germany,Female,8.5, $149.00 
7323,12/13/2015,2211,Germany,Female,7.5, $169.00 
7324,12/13/2015,2177,United States,Male,11, $132.30 
7325,12/13/2015,2236,United States,Male,11.5, $169.00 
7326,12/13/2015,2191,United States,Male,11, $89.50 
7327,12/13/2015,2208,Germany,Male,11.5, $199.00 
7328,12/14/2015,2170,United Kingdom,Male,8, $143.10 
7329,12/14/2015,2239,Canada,Male,8.5, $161.10 
7330,12/14/2015,2227,United States,Male,10, $129.00 
7331,12/14/2015,2161,United States,Male,9.5, $169.00 
7332,12/14/2015,2228,Canada,Female,7.5, $170.10 
7333,12/14/2015,2166,United States,Male,9, $149.00 
7334,12/14/2015,2168,Canada,Male,9, $179.00 
7335,12/14/2015,2233,United States,Female,8, $125.10 
7336,12/14/2015,2208,United States,Male,9.5, $149.00 
7337,12/14/2015,2221,United Kingdom,Female,7.5, $119.20 
7338,12/14/2015,2235,Germany,Female,7, $127.20 
7339,12/14/2015,2204,Germany,Female,6.5, $132.30 
7340,12/14/2015,2161,Germany,Male,13, $143.10 
7341,12/14/2015,2156,United States,Male,11.5, $64.50 
7342,12/14/2015,2162,Canada,Male,10.5, $103.20 
7343,12/14/2015,2188,United States,Male,10, $189.00 
7344,12/14/2015,2207,United States,Male,10, $189.00 
7345,12/14/2015,2187,United States,Female,9, $139.00 
7346,12/14/2015,2224,Germany,Male,9, $179.00 
7347,12/14/2015,2208,Germany,Male,11.5, $199.00 
7348,12/15/2015,2224,Canada,Male,10, $169.00 
7349,12/15/2015,2172,United States,Male,8.5, $189.00 
7350,12/15/2015,2171,United States,Male,12, $189.00 
7351,12/15/2015,2226,Germany,Unix,6.5, $103.20 
7352,12/15/2015,2208,Canada,Male,8.5, $89.50 
7353,12/15/2015,2174,Canada,Female,11, $179.00 
7354,12/15/2015,2222,United States,Male,9, $127.20 
7355,12/15/2015,2229,Germany,Male,9.5, $159.00 
7356,12/15/2015,2169,United States,Female,5.5, $111.20 
7357,12/15/2015,2149,United States,Male,11.5, $129.00 
7358,12/15/2015,2163,Canada,Male,7.5, $169.00 
7359,12/15/2015,2160,Germany,Female,7, $149.00 
7360,12/15/2015,2236,United States,Female,8.5, $69.50 
7361,12/15/2015,2237,Germany,Male,10.5, $74.50 
7362,12/15/2015,2204,Canada,Male,9, $189.00 
7363,12/15/2015,2239,Canada,Male,8.5, $161.10 
7364,12/15/2015,2213,United States,Male,10, $129.00 
7365,12/15/2015,2207,United States,Male,10, $189.00 
7366,12/15/2015,2209,Germany,Female,7.5, $169.00 
7367,12/15/2015,2201,Germany,Female,8, $159.20 
7368,12/15/2015,2207,United Kingdom,Female,8.5, $179.00 
7369,12/15/2015,2147,United Kingdom,Male,8.5, $179.00 
7370,12/16/2015,2153,Germany,Male,10.5, $159.00 
7371,12/16/2015,2207,Germany,Female,6.5, $149.00 
7372,12/16/2015,2214,United States,Male,11.5, $159.00 
7373,12/16/2015,2179,Germany,Female,7, $149.00 
7374,12/16/2015,2222,United States,Female,9, $199.00 
7375,12/16/2015,2236,United States,Male,11.5, $169.00 
7376,12/16/2015,2153,United States,Male,9, $97.30 
7377,12/16/2015,2195,United States,Female,8.5, $199.00 
7378,12/16/2015,2163,Germany,Male,10, $170.10 
7379,12/16/2015,2158,Germany,Male,10, $149.00 
7380,12/16/2015,2161,Germany,Male,9, $179.00 
7381,12/16/2015,2157,Canada,Male,7, $119.20 
7382,12/16/2015,2181,Germany,Female,11, $139.00 
7383,12/16/2015,2212,Canada,Female,7.5, $149.00 
7384,12/16/2015,2188,United States,Male,10, $189.00 
7385,12/16/2015,2226,United States,Female,8, $179.00 
7386,12/16/2015,2226,Germany,Male,9, $103.20 
7387,12/16/2015,2151,Germany,Male,9, $111.20 
7388,12/16/2015,2215,Germany,Female,8, $79.50 
7389,12/16/2015,2169,United States,Male,9.5, $119.20 
7390,12/16/2015,2158,United States,Male,7, $170.10 
7391,12/16/2015,2218,United Kingdom,Male,6, $79.50 
7392,12/17/2015,2217,Canada,Male,9, $199.00 
7393,12/17/2015,2221,United States,Male,9.5, $170.10 
7394,12/17/2015,2195,United States,Female,8.5, $199.00 
7395,12/17/2015,2204,Germany,Male,10, $199.00 
7396,12/17/2015,2163,Germany,Male,10, $170.10 
7397,12/17/2015,2170,Canada,Female,11, $79.50 
7398,12/17/2015,2214,United States,Female,8, $151.20 
7399,12/17/2015,2149,Germany,Female,7, $179.10 
7400,12/17/2015,2231,Canada,Male,11.5, $116.10 
7401,12/17/2015,2239,Canada,Unix,11.5, $69.50 
7402,12/17/2015,2208,Germany,Male,9.5, $159.00 
7403,12/17/2015,2234,Germany,Male,8, $189.00 
7404,12/17/2015,2222,Canada,Female,9, $179.10 
7405,12/17/2015,2193,Germany,Male,9, $189.00 
7406,12/17/2015,2166,United States,Male,11, $129.00 
7407,12/17/2015,2159,United Kingdom,Male,9.5, $179.00 
7408,12/17/2015,2226,United States,Female,8, $179.00 
7409,12/17/2015,2240,Germany,Male,9.5, $129.00 
7410,12/17/2015,2204,United States,Male,11, $129.00 
7411,12/17/2015,2200,Canada,Male,11, $129.00 
7412,12/17/2015,2224,Germany,Female,8, $159.00 
7413,12/17/2015,2149,United States,Male,11, $159.00 
7414,12/18/2015,2229,Germany,Male,9.5, $159.00 
7415,12/18/2015,2234,Germany,Female,8.5, $139.00 
7416,12/18/2015,2163,United States,Female,7, $159.00 
7417,12/18/2015,2239,United States,Female,8, $94.50 
7418,12/18/2015,2242,United States,Male,9.5, $189.00 
7419,12/18/2015,2231,Canada,Male,11.5, $116.10 
7420,12/18/2015,2153,Germany,Male,10.5, $159.00 
7421,12/18/2015,2231,United States,Female,8, $79.50 
7422,12/18/2015,2222,Canada,Female,9, $179.10 
7423,12/18/2015,2209,Germany,Female,7.5, $169.00 
7424,12/18/2015,2166,United States,Male,11, $129.00 
7425,12/18/2015,2225,United Kingdom,Male,8.5, $169.00 
7426,12/18/2015,2186,Germany,Male,10, $94.50 
7427,12/18/2015,2226,Germany,Male,9, $103.20 
7428,12/18/2015,2239,Canada,Male,15, $111.30 
7429,12/18/2015,2182,United States,Male,10.5, $199.00 
7430,12/19/2015,2158,Germany,Male,10, $149.00 
7431,12/19/2015,2220,Canada,Female,7, $139.00 
7432,12/19/2015,2186,Canada,Female,8, $89.50 
7433,12/19/2015,2215,Canada,Male,10, $104.30 
7434,12/19/2015,2181,Canada,Male,10.5, $84.50 
7435,12/19/2015,2215,Germany,Male,9.5, $139.00 
7436,12/19/2015,2197,United States,Male,7, $111.20 
7437,12/19/2015,2228,United Kingdom,Male,8, $119.20 
7438,12/19/2015,2151,Germany,Male,9, $111.20 
7439,12/19/2015,2199,United States,Male,10.5, $139.00 
7440,12/19/2015,2188,Canada,Male,15, $129.00 
7441,12/19/2015,2170,Germany,Female,7, $139.00 
7442,12/19/2015,2161,United States,Male,9.5, $169.00 
7443,12/20/2015,2188,United States,Female,9.5, $159.00 
7444,12/20/2015,2198,Canada,Male,10, $139.00 
7445,12/20/2015,2222,United States,Male,10.5, $149.00 
7446,12/20/2015,2212,United States,Male,9, $129.00 
7447,12/20/2015,2197,Canada,Female,10, $84.50 
7448,12/20/2015,2210,United States,Male,7.5, $199.00 
7449,12/20/2015,2229,Germany,Male,9.5, $159.00 
7450,12/20/2015,2226,United States,Female,9.5, $161.10 
7451,12/20/2015,2222,Canada,Unix,7.5, $129.00 
7452,12/20/2015,2203,Germany,Female,8, $64.50 
7453,12/20/2015,2174,Canada,Male,11.5, $170.10 
7454,12/20/2015,2187,United States,Female,9, $139.00 
7455,12/20/2015,2189,United States,Female,8.5, $199.00 
7456,12/21/2015,2185,Canada,Female,6, $169.00 
7457,12/21/2015,2222,United States,Female,9.5, $134.10 
7458,12/21/2015,2175,Germany,Female,8.5, $159.00 
7459,12/21/2015,2152,Germany,Male,9.5, $189.00 
7460,12/21/2015,2205,Canada,Male,10, $135.20 
7461,12/21/2015,2239,United States,Female,8.5, $111.30 
7462,12/21/2015,2149,United States,Male,11, $159.00 
7463,12/21/2015,2201,United States,Male,9.5, $125.30 
7464,12/21/2015,2238,Germany,Female,8.5, $149.00 
7465,12/21/2015,2232,Germany,Female,8, $125.10 
7466,12/21/2015,2150,Canada,Male,8.5, $169.00 
7467,12/21/2015,2179,Germany,Female,7.5, $199.00 
7468,12/21/2015,2158,Germany,Male,10.5, $143.10 
7469,12/21/2015,2154,Germany,Male,10.5, $169.00 
7470,12/21/2015,2227,Germany,Male,9.5, $116.10 
7471,12/21/2015,2152,Germany,Male,9.5, $119.20 
7472,12/21/2015,2162,United States,Female,8, $189.00 
7473,12/21/2015,2153,Germany,Male,9.5, $189.00 
7474,12/21/2015,2164,United States,Female,8.5, $199.00 
7475,12/22/2015,2211,Canada,Female,8.5, $149.00 
7476,12/22/2015,2234,United States,Male,9, $90.30 
7477,12/22/2015,2165,United Kingdom,Female,8.5, $179.00 
7478,12/22/2015,2173,Canada,Female,9.5, $199.00 
7479,12/22/2015,2217,United States,Female,8, $103.20 
7480,12/22/2015,2163,Canada,Male,7.5, $169.00 
7481,12/22/2015,2195,United States,Male,12, $152.10 
7482,12/22/2015,2166,Canada,Male,9.5, $149.00 
7483,12/22/2015,2193,Germany,Male,9.5, $139.00 
7484,12/22/2015,2184,Germany,Female,6, $111.30 
7485,12/22/2015,2178,Germany,Male,8, $159.00 
7486,12/22/2015,2236,Germany,Female,8.5, $199.00 
7487,12/22/2015,2232,Germany,Male,9.5, $159.00 
7488,12/22/2015,2151,Germany,Male,11, $129.00 
7489,12/22/2015,2228,United Kingdom,Female,7.5, $199.00 
7490,12/22/2015,2197,Germany,Male,9.5, $149.00 
7491,12/22/2015,2186,Canada,Female,8, $89.50 
7492,12/23/2015,2236,Canada,Female,8.5, $129.00 
7493,12/23/2015,2173,United States,Male,14, $179.00 
7494,12/23/2015,2203,Canada,Female,9.5, $169.00 
7495,12/23/2015,2193,United Kingdom,Female,8.5, $129.00 
7496,12/23/2015,2234,Canada,Male,9.5, $104.30 
7497,12/23/2015,2214,United States,Male,12, $127.20 
7498,12/23/2015,2221,United Kingdom,Male,12, $159.20 
7499,12/23/2015,2193,Germany,Male,9, $189.00 
7500,12/23/2015,2213,United States,Male,9.5, $139.00 
7501,12/23/2015,2237,Germany,,10.5, $74.50 
7502,12/23/2015,2154,Germany,Male,10.5, $169.00 
7503,12/23/2015,2232,Germany,Male,9.5, $159.00 
7504,12/23/2015,2236,Germany,Male,9.5, $103.20 
7505,12/23/2015,2164,Germany,Male,14, $170.10 
7506,12/23/2015,2211,United States,Female,7.5, $159.00 
7507,12/24/2015,2167,United States,Male,9.5, $143.20 
7508,12/24/2015,2197,United States,Female,8, $149.00 
7509,12/24/2015,2221,Germany,Female,7.5, $159.00 
7510,12/24/2015,2205,United States,Male,10, $129.00 
7511,12/24/2015,2215,Canada,Female,7.5, $139.00 
7512,12/24/2015,2200,Germany,Female,10.5, $134.10 
7513,12/24/2015,2179,United Kingdom,Male,9.5, $111.20 
7514,12/24/2015,2214,Canada,Male,10, $161.10 
7515,12/24/2015,2184,Germany,Male,10.5, $84.50 
7516,12/24/2015,2174,United Kingdom,Male,9, $189.00 
7517,12/24/2015,2213,United States,Male,10.5, $104.30 
7518,12/24/2015,2203,Germany,Female,8.5, $125.30 
7519,12/25/2015,2179,Germany,Female,7.5, $199.00 
7520,12/25/2015,2197,United States,Male,10.5, $149.00 
7521,12/25/2015,2210,Germany,Female,9.5, $94.50 
7522,12/25/2015,2166,United States,Male,10, $135.20 
7523,12/25/2015,2149,United States,Female,8, $159.00 
7524,12/25/2015,2179,United States,Female,8, $139.00 
7525,12/25/2015,2240,United Kingdom,Female,5.5, $170.10 
7526,12/25/2015,2187,Germany,Female,8.5, $134.10 
7527,12/25/2015,2186,United States,Male,9.5, $111.20 
7528,12/25/2015,2227,Germany,Male,9.5, $116.10 
7529,12/25/2015,2170,Germany,Female,7, $97.30 
7530,12/25/2015,2148,United States,Female,8.5, $111.30 
7531,12/26/2015,2201,United States,Male,9.5, $125.30 
7532,12/26/2015,2210,Germany,Female,9.5, $94.50 
7533,12/26/2015,2184,United States,Female,9, $189.00 
7534,12/26/2015,2178,United Kingdom,Female,8.5, $139.00 
7535,12/26/2015,2152,United States,Male,9.5, $139.00 
7536,12/26/2015,2205,Canada,Male,10, $135.20 
7537,12/26/2015,2203,United States,Male,9.5, $189.00 
7538,12/26/2015,2206,United Kingdom,Male,10, $149.00 
7539,12/26/2015,2149,United States,Male,9.5, $127.20 
7540,12/27/2015,2212,Canada,Female,8, $64.50 
7541,12/27/2015,2189,Germany,Female,8, $169.00 
7542,12/27/2015,2185,Canada,Male,7.5, $169.00 
7543,12/27/2015,2203,United States,Male,8, $64.50 
7544,12/27/2015,2232,United States,Female,7.5, $135.20 
7545,12/27/2015,2234,United States,Male,9, $90.30 
7546,12/27/2015,2208,Canada,Male,9.5, $199.00 
7547,12/27/2015,2216,Germany,Female,5.5, $139.00 
7548,12/27/2015,2241,Canada,Male,6, $199.00 
7549,12/27/2015,2176,Canada,Male,9.5, $170.10 
7550,12/27/2015,2207,United States,Female,9, $152.10 
7551,12/27/2015,2222,United Kingdom,Unix,9, $143.10 
7552,12/28/2015,2153,Germany,Male,9.5, $189.00 
7553,12/28/2015,2184,Germany,Female,8.5, $89.50 
7554,12/28/2015,2177,Germany,Male,9.5, $199.00 
7555,12/28/2015,2178,Canada,Male,9.5, $125.10 
7556,12/28/2015,2207,United States,Male,15, $104.30 
7557,12/28/2015,2209,United States,Male,9, $189.00 
7558,12/28/2015,2184,United States,Male,9, $159.00 
7559,12/28/2015,2221,United States,Male,11, $74.50 
7560,12/28/2015,2175,Germany,Male,13, $169.00 
7561,12/28/2015,2231,Germany,Female,8, $199.00 
7562,12/28/2015,2152,United States,Male,9.5, $139.00 
7563,12/28/2015,2173,United States,Male,14, $179.00 
7564,12/28/2015,2174,United States,Male,10, $169.00 
7565,12/28/2015,2176,Canada,Male,9.5, $170.10 
7566,12/28/2015,2170,Canada,Female,9, $179.00 
7567,12/28/2015,2242,United States,Female,9, $199.00 
7568,12/28/2015,2190,United Kingdom,Female,9, $149.00 
7569,12/29/2015,2147,Germany,Female,8.5, $90.30 
7570,12/29/2015,2225,Germany,Male,9, $69.50 
7571,12/29/2015,2171,Germany,Female,8.5, $159.00 
7572,12/29/2015,2242,Germany,Female,7, $170.10 
7573,12/29/2015,2166,United States,Male,11, $129.00 
7574,12/29/2015,2185,United States,Male,10, $111.30 
7575,12/29/2015,2155,United States,Female,9.5, $179.00 
7576,12/29/2015,2203,Canada,Male,9, $139.00 
7577,12/29/2015,2189,Germany,Female,8, $169.00 
7578,12/29/2015,2242,Germany,Male,9.5, $169.00 
7579,12/29/2015,2151,United States,Male,9, $79.50 
7580,12/29/2015,2184,United States,Male,9.5, $94.50 
7581,12/29/2015,2215,Canada,Female,7, $119.20 
7582,12/29/2015,2193,Canada,Male,8.5, $99.50 
7583,12/29/2015,2169,Canada,Female,9, $161.10 
7584,12/29/2015,2226,United Kingdom,Female,7.5, $179.00 
7585,12/30/2015,2240,Canada,Male,9.5, $139.30 
7586,12/30/2015,2174,Canada,Male,9, $127.20 
7587,12/30/2015,2200,United States,Female,9, $103.20 
7588,12/30/2015,2230,United States,Male,11.5, $159.20 
7589,12/30/2015,2214,Canada,Male,10, $161.10 
7590,12/30/2015,2179,United Kingdom,Male,9.5, $111.20 
7591,12/30/2015,2236,Germany,Male,9.5, $103.20 
7592,12/30/2015,2192,Germany,Female,6.5, $135.20 
7593,12/31/2015,2176,Canada,Male,9.5, $170.10 
7594,12/31/2015,2226,United States,Male,11.5, $179.00 
7595,12/31/2015,2213,United States,Male,10.5, $104.30 
7596,12/31/2015,2211,United States,Female,8.5, $129.00 
7597,12/31/2015,2179,United States,Female,7, $79.50 
7598,12/31/2015,2148,United States,Male,8, $139.00 
7599,12/31/2015,2209,Germany,Female,8.5, $159.00 
7600,12/31/2015,2238,Germany,Female,8.5, $149.00 
7601,12/31/2015,2173,United States,Unix,, $179.00 
7602,1/1/2016,2204,Germany,Male,10.5, $169.00 
7603,1/1/2016,2158,Germany,Male,9, $134.10 
7604,1/1/2016,2173,Germany,Female,8.5, $119.20 
7605,1/1/2016,2192,Canada,Female,7.5, $199.00 
7606,1/1/2016,2154,Germany,Male,9, $170.10 
7607,1/2/2016,2205,Germany,Female,7.5, $159.00 
7608,1/2/2016,2215,United Kingdom,Female,5, $179.10 
7609,1/2/2016,2156,Canada,Male,10, $159.00 
7610,1/2/2016,2210,Germany,Male,11, $199.00 
7611,1/2/2016,2186,United States,Female,8, $132.30 
7612,1/2/2016,2165,Germany,Male,6, $129.00 
7613,1/2/2016,2195,Germany,Female,8.5, $179.00 
7614,1/2/2016,2193,United States,Female,9, $127.20 
7615,1/2/2016,2172,Germany,Female,9, $159.00 
7616,1/2/2016,2152,Germany,Female,8.5, $139.00 
7617,1/2/2016,2236,Germany,Female,8.5, $199.00 
7618,1/2/2016,2228,United States,Male,9.5, $125.30 
7619,1/2/2016,2177,United States,Female,10.5, $151.20 
7620,1/2/2016,2236,United States,Male,8.5, $151.20 
7621,1/2/2016,2231,Germany,Female,8, $132.30 
7622,1/3/2016,2174,Germany,Male,9.5, $129.00 
7623,1/3/2016,2210,Germany,Male,10.5, $89.50 
7624,1/3/2016,2223,Canada,Male,11, $103.20 
7625,1/3/2016,2188,United States,Female,9.5, $159.20 
7626,1/3/2016,2173,Canada,Male,10.5, $119.20 
7627,1/3/2016,2202,Canada,Male,10.5, $64.50 
7628,1/3/2016,2178,United States,Female,8, $119.20 
7629,1/3/2016,2214,Canada,Male,7.5, $159.20 
7630,1/3/2016,2158,United States,Male,8, $159.00 
7631,1/3/2016,2230,United Kingdom,Male,10.5, $111.20 
7632,1/3/2016,2236,United States,Male,8, $129.00 
7633,1/3/2016,2207,United States,Male,14, $169.00 
7634,1/3/2016,2198,United States,Female,11, $90.30 
7635,1/3/2016,2208,Germany,Male,11, $139.30 
7636,1/4/2016,2186,United States,Male,10.5, $159.00 
7637,1/4/2016,2173,Germany,Female,8, $189.00 
7638,1/4/2016,2173,United States,Male,10.5, $118.30 
7639,1/4/2016,2191,Canada,Female,7, $135.20 
7640,1/4/2016,2229,United Kingdom,Female,4.5, $111.20 
7641,1/4/2016,2209,United Kingdom,Female,5, $90.30 
7642,1/4/2016,2228,Germany,Female,7.5, $116.10 
7643,1/4/2016,2190,Canada,Male,9, $199.00 
7644,1/4/2016,2227,Canada,Female,7.5, $149.00 
7645,1/4/2016,2229,Germany,Female,6.5, $74.50 
7646,1/4/2016,2181,United States,Female,9, $129.00 
7647,1/4/2016,2148,United States,Female,11, $111.20 
7648,1/4/2016,2239,Germany,Female,8.5, $189.00 
7649,1/4/2016,2168,United States,Female,10.5, $199.00 
7650,1/4/2016,2211,United States,Male,14, $118.30 
7651,1/4/2016,2184,United States,Unix,8, $149.00 
7652,1/4/2016,2231,United States,Female,9, $64.50 
7653,1/5/2016,2214,United States,Male,8.5, $170.10 
7654,1/5/2016,2242,Germany,Female,8, $159.00 
7655,1/5/2016,2165,Germany,Female,8.5, $149.00 
7656,1/5/2016,2164,Germany,Male,9.5, $125.30 
7657,1/5/2016,2220,Canada,Female,7, $139.00 
7658,1/5/2016,2226,Canada,Female,7.5, $132.30 
7659,1/5/2016,2198,Canada,Male,13, $169.00 
7660,1/5/2016,2151,United States,Female,8, $135.20 
7661,1/5/2016,2236,United States,Male,8.5, $151.20 
7662,1/5/2016,2181,Germany,Female,10, $149.00 
7663,1/5/2016,2155,United Kingdom,Female,9, $111.30 
7664,1/5/2016,2184,United Kingdom,Male,9, $103.20 
7665,1/5/2016,2152,United States,Male,11.5, $74.50 
7666,1/5/2016,2160,Germany,Female,8, $179.10 
7667,1/6/2016,2214,United States,Male,8.5, $170.10 
7668,1/6/2016,2181,Germany,Male,10.5, $159.00 
7669,1/6/2016,2232,Canada,Male,8, $143.10 
7670,1/6/2016,2178,Canada,Female,7.5, $139.00 
7671,1/6/2016,2181,United Kingdom,Female,10, $139.00 
7672,1/6/2016,2183,Germany,Male,7.5, $159.00 
7673,1/6/2016,2240,Canada,Male,10, $129.00 
7674,1/6/2016,2156,Germany,Male,9, $119.20 
7675,1/6/2016,2195,United Kingdom,Male,10, $199.00 
7676,1/6/2016,2240,United States,Male,13, $84.50 
7677,1/6/2016,2227,United Kingdom,Male,10.5, $179.00 
7678,1/6/2016,2214,United States,Female,8, $151.20 
7679,1/6/2016,2230,United States,Female,7.5, $179.00 
7680,1/7/2016,2147,Germany,Female,8.5, $119.20 
7681,1/7/2016,2232,Germany,Female,8, $125.10 
7682,1/7/2016,2164,United Kingdom,Female,11, $79.50 
7683,1/7/2016,2233,United States,Female,8, $149.00 
7684,1/7/2016,2185,Canada,Male,11, $139.30 
7685,1/7/2016,2216,Canada,Male,9, $64.50 
7686,1/7/2016,2153,Canada,Male,11, $118.30 
7687,1/7/2016,2240,Germany,Male,9, $64.50 
7688,1/7/2016,2228,United Kingdom,Female,8.5, $189.00 
7689,1/7/2016,2237,United Kingdom,Female,9, $199.00 
7690,1/7/2016,2159,Germany,Female,8, $199.00 
7691,1/7/2016,2194,United States,Male,9, $159.00 
7692,1/7/2016,2227,United States,Female,9, $129.00 
7693,1/7/2016,2183,United States,Male,10, $159.00 
7694,1/7/2016,2230,United Kingdom,Male,10.5, $111.20 
7695,1/8/2016,2229,Canada,Female,7, $149.00 
7696,1/8/2016,2194,Germany,Male,10, $79.50 
7697,1/8/2016,2214,United States,Male,10.5, $179.00 
7698,1/8/2016,2217,United States,Male,8.5, $159.00 
7699,1/8/2016,2222,Germany,Female,7.5, $64.50 
7700,1/8/2016,2209,United States,Male,9, $199.00 
7701,1/8/2016,2214,,Unix,7.5, $159.20 
7702,1/8/2016,2240,Canada,Male,10, $129.00 
7703,1/8/2016,2216,Canada,Male,9, $64.50 
7704,1/8/2016,2181,Canada,Male,8.5, $135.20 
7705,1/8/2016,2223,Germany,Male,6, $111.20 
7706,1/8/2016,2154,Germany,Male,9, $170.10 
7707,1/8/2016,2155,United States,Male,10.5, $169.00 
7708,1/8/2016,2241,United States,Male,9.5, $199.00 
7709,1/8/2016,2212,United States,Female,7, $69.50 
7710,1/8/2016,2180,United Kingdom,Male,9, $129.00 
7711,1/8/2016,2167,United Kingdom,Female,9.5, $129.00 
7712,1/8/2016,2192,Germany,Male,9.5, $151.20 
7713,1/8/2016,2219,Germany,Female,8, $169.00 
7714,1/9/2016,2158,United States,Male,8, $159.00 
7715,1/9/2016,2238,United States,Male,9, $179.00 
7716,1/9/2016,2178,Canada,Male,9.5, $97.30 
7717,1/9/2016,2174,Germany,Male,9.5, $129.00 
7718,1/9/2016,2152,United States,Female,10.5, $125.10 
7719,1/9/2016,2203,United Kingdom,Female,8.5, $189.00 
7720,1/9/2016,2193,United States,Male,7.5, $104.30 
7721,1/9/2016,2164,United Kingdom,Female,11, $79.50 
7722,1/9/2016,2153,Canada,Male,11, $118.30 
7723,1/9/2016,2216,Canada,Male,9, $64.50 
7724,1/9/2016,2231,United Kingdom,Female,8.5, $179.00 
7725,1/9/2016,2216,United Kingdom,Male,10.5, $199.00 
7726,1/9/2016,2205,United Kingdom,Male,8.5, $103.20 
7727,1/9/2016,2241,United Kingdom,Male,9.5, $179.10 
7728,1/9/2016,2149,United States,Female,7, $69.50 
7729,1/9/2016,2226,United Kingdom,Female,8, $118.30 
7730,1/9/2016,2242,United Kingdom,Male,9.5, $97.30 
7731,1/10/2016,2219,Germany,Male,9.5, $129.00 
7732,1/10/2016,2228,Canada,Female,7, $149.00 
7733,1/10/2016,2232,Canada,Male,9, $99.50 
7734,1/10/2016,2225,United States,Female,9, $159.00 
7735,1/10/2016,2194,United States,Male,9, $159.00 
7736,1/10/2016,2238,United States,Male,9, $179.00 
7737,1/10/2016,2158,United States,Female,9, $94.50 
7738,1/10/2016,2207,United States,Female,6.5, $103.20 
7739,1/10/2016,2177,United States,Male,8.5, $119.20 
7740,1/10/2016,2173,Germany,Female,8, $189.00 
7741,1/10/2016,2222,United States,Female,10.5, $152.10 
7742,1/10/2016,2214,United States,Male,10.5, $179.00 
7743,1/10/2016,2193,United States,Male,10, $179.00 
7744,1/10/2016,2217,United States,Male,8.5, $159.00 
7745,1/10/2016,2183,Germany,Male,7.5, $159.00 
7746,1/10/2016,2187,Germany,Male,8.5, $159.00 
7747,1/10/2016,2157,United States,Female,6.5, $139.00 
7748,1/10/2016,2180,United Kingdom,Male,10.5, $159.00 
7749,1/10/2016,2216,United Kingdom,Male,10.5, $199.00 
7750,1/10/2016,2205,United Kingdom,Male,8.5, $103.20 
7751,1/10/2016,2181,Canada,Unix,8.5, $135.20 
7752,1/10/2016,2170,Canada,Female,7.5, $90.30 
7753,1/10/2016,2185,Canada,Male,11, $139.30 
7754,1/10/2016,2174,United States,Female,9, $152.10 
7755,1/10/2016,2166,Germany,Female,9, $125.30 
7756,1/11/2016,2233,United States,Female,8, $149.00 
7757,1/11/2016,2153,United Kingdom,Male,9.5, $189.00 
7758,1/11/2016,2221,United Kingdom,Female,7.5, $119.20 
7759,1/11/2016,2183,United States,Male,12, $179.00 
7760,1/11/2016,2157,United States,Male,9, $199.00 
7761,1/11/2016,2227,United States,Male,9.5, $189.00 
7762,1/11/2016,2209,United States,Female,8, $111.20 
7763,1/11/2016,2203,United States,Female,10.5, $159.00 
7764,1/11/2016,2147,United States,Male,9.5, $129.00 
7765,1/11/2016,2175,Germany,Male,9.5, $111.20 
7766,1/11/2016,2229,United Kingdom,Male,7, $169.00 
7767,1/11/2016,2221,United States,Female,6.5, $143.20 
7768,1/11/2016,2227,United Kingdom,Male,10.5, $179.00 
7769,1/11/2016,2180,United Kingdom,Male,10.5, $159.00 
7770,1/11/2016,2216,United Kingdom,Male,10.5, $199.00 
7771,1/11/2016,2192,United Kingdom,Male,9, $189.00 
7772,1/11/2016,2181,Germany,Male,10.5, $104.30 
7773,1/11/2016,2179,United Kingdom,Male,9, $69.50 
7774,1/12/2016,2215,Germany,Male,10.5, $151.20 
7775,1/12/2016,2159,United States,Female,8, $159.00 
7776,1/12/2016,2225,Germany,Male,12, $139.00 
7777,1/12/2016,2220,United States,Female,8, $189.00 
7778,1/12/2016,2183,Germany,Male,8, $132.30 
7779,1/12/2016,2189,Canada,Male,8.5, $69.50 
7780,1/12/2016,2213,Canada,Male,14, $189.00 
7781,1/12/2016,2196,Canada,Male,10, $64.50 
7782,1/12/2016,2232,United States,Female,5.5, $179.00 
7783,1/12/2016,2225,United States,Female,9, $159.00 
7784,1/12/2016,2173,United States,Male,10.5, $125.30 
7785,1/12/2016,2189,United States,Female,9, $199.00 
7786,1/12/2016,2165,Germany,Male,9.5, $149.00 
7787,1/12/2016,2237,United Kingdom,Female,10, $199.00 
7788,1/12/2016,2183,Germany,Male,9.5, $139.00 
7789,1/12/2016,2173,Canada,Female,8.5, $149.00 
7790,1/12/2016,2170,Canada,Female,9, $179.00 
7791,1/12/2016,2171,United States,Female,7.5, $125.30 
7792,1/12/2016,2170,Germany,Male,10, $199.00 
7793,1/12/2016,2241,Germany,Female,8, $189.00 
7794,1/12/2016,2219,United States,Female,6.5, $199.00 
7795,1/12/2016,2204,United States,Female,9, $189.00 
7796,1/12/2016,2157,United Kingdom,Male,9, $139.00 
7797,1/12/2016,2236,United Kingdom,Male,10, $169.00 
7798,1/12/2016,2156,Germany,Male,9, $119.20 
7799,1/12/2016,2158,United States,Female,9, $169.00 
7800,1/13/2016,2194,Germany,Male,10, $79.50 
7801,,2205,United States,Unix,8, $169.00 
7802,1/13/2016,2181,Germany,Male,9.5, $125.10 
7803,1/13/2016,2216,Canada,Female,7.5, $169.00 
7804,1/13/2016,2189,Canada,Female,7.5, $127.20 
7805,1/13/2016,2166,Canada,Male,9.5, $149.00 
7806,1/13/2016,2209,United States,Female,5.5, $125.30 
7807,1/13/2016,2176,United States,Male,10.5, $69.50 
7808,1/13/2016,2150,United States,Male,9, $74.50 
7809,1/13/2016,2238,Germany,Male,11.5, $116.10 
7810,1/13/2016,2199,Germany,Male,11.5, $116.10 
7811,1/13/2016,2171,Germany,Male,8, $189.00 
7812,1/13/2016,2182,United States,Male,10, $99.50 
7813,1/13/2016,2167,Germany,Female,8, $125.10 
7814,1/13/2016,2169,Canada,Female,9, $161.10 
7815,1/13/2016,2212,United States,Female,6.5, $159.00 
7816,1/13/2016,2181,Germany,Male,10.5, $104.30 
7817,1/13/2016,2241,United Kingdom,Male,9.5, $179.10 
7818,1/13/2016,2157,United Kingdom,Male,9, $139.00 
7819,1/13/2016,2236,United Kingdom,Male,10, $169.00 
7820,1/13/2016,2240,Germany,Male,9, $64.50 
7821,1/13/2016,2210,United States,Female,9, $149.00 
7822,1/14/2016,2190,United States,Male,10, $149.00 
7823,1/14/2016,2214,United States,Female,6.5, $169.00 
7824,1/14/2016,2209,United States,Female,8, $111.20 
7825,1/14/2016,2190,Canada,Male,9, $199.00 
7826,1/14/2016,2189,Canada,Male,8.5, $69.50 
7827,1/14/2016,2199,Canada,Female,8, $132.30 
7828,1/14/2016,2201,Canada,Female,7.5, $135.20 
7829,1/14/2016,2237,United Kingdom,Female,10, $199.00 
7830,1/14/2016,2157,United States,Male,10, $199.00 
7831,1/14/2016,2183,United States,Male,10, $169.00 
7832,1/14/2016,2199,Germany,Male,11.5, $189.00 
7833,1/14/2016,2227,Germany,Male,8.5, $179.00 
7834,1/14/2016,2192,Germany,Female,8.5, $149.00 
7835,1/14/2016,2206,United States,Male,8.5, $189.00 
7836,1/14/2016,2214,Canada,Female,9.5, $111.30 
7837,1/14/2016,2234,Germany,Female,9.5, $94.50 
7838,1/14/2016,2150,Germany,Female,6.5, $143.10 
7839,1/14/2016,2156,Germany,Male,9, $119.20 
7840,1/14/2016,2158,United States,Female,5.5, $139.00 
7841,1/14/2016,2205,United Kingdom,Male,8.5, $103.20 
7842,1/14/2016,2241,United Kingdom,Male,9.5, $179.10 
7843,1/14/2016,2157,United Kingdom,Male,9, $139.00 
7844,1/14/2016,2224,Germany,Female,11, $111.20 
7845,1/15/2016,2185,United States,Female,11, $118.30 
7846,1/15/2016,2167,Germany,Female,6.5, $94.50 
7847,1/15/2016,2218,Germany,Male,10, $143.10 
7848,1/15/2016,2179,Germany,Male,10.5, $159.00 
7849,1/15/2016,2171,United States,Male,6, $143.10 
7850,1/15/2016,2204,United Kingdom,Female,7.5, $179.00 
7851,1/15/2016,2241,Germany,Unix,8, $189.00 
7852,1/15/2016,2151,United States,Male,9.5, $149.00 
7853,1/15/2016,2222,United States,Female,9.5, $134.10 
7854,1/15/2016,2190,Germany,Male,7.5, $179.00 
7855,1/15/2016,2152,Germany,Female,8.5, $132.30 
7856,1/15/2016,2238,Germany,Male,11.5, $116.10 
7857,1/15/2016,2158,United States,Male,9.5, $149.00 
7858,1/15/2016,2187,United States,Male,10, $129.00 
7859,1/15/2016,2217,Canada,Female,9.5, $199.00 
7860,1/15/2016,2207,United States,Male,10, $139.30 
7861,1/15/2016,2215,Canada,Male,9, $111.30 
7862,1/15/2016,2199,Germany,Male,11.5, $116.10 
7863,1/15/2016,2185,Germany,Female,10.5, $132.30 
7864,1/15/2016,2241,United States,Male,6, $99.50 
7865,1/15/2016,2181,Germany,Female,11, $139.00 
7866,1/15/2016,2186,United Kingdom,Male,9, $179.00 
7867,1/15/2016,2227,United States,Female,5.5, $159.20 
7868,1/16/2016,2209,United States,Male,9, $199.00 
7869,1/16/2016,2231,Canada,Male,9, $169.00 
7870,1/16/2016,2154,United States,Male,11.5, $90.30 
7871,1/16/2016,2197,Germany,Male,8, $143.10 
7872,1/16/2016,2183,United States,Female,8, $139.00 
7873,1/16/2016,2199,United States,Male,9.5, $139.00 
7874,1/16/2016,2190,Germany,Male,7.5, $179.00 
7875,1/16/2016,2184,Germany,Female,8.5, $89.50 
7876,1/16/2016,2173,Germany,Male,9.5, $179.00 
7877,1/16/2016,2161,Germany,Male,8.5, $149.00 
7878,1/16/2016,2165,Germany,Male,9.5, $149.00 
7879,1/16/2016,2211,United States,Female,8.5, $129.00 
7880,1/16/2016,2213,United States,Female,7, $189.00 
7881,1/16/2016,2236,United Kingdom,Male,9.5, $94.50 
7882,1/16/2016,2202,Germany,Male,8.5, $125.10 
7883,1/16/2016,2152,United States,Male,12, $139.30 
7884,1/16/2016,2170,Canada,Female,11, $79.50 
7885,1/16/2016,2201,Germany,Female,8.5, $199.00 
7886,1/16/2016,2204,United States,Female,9, $189.00 
7887,1/16/2016,2158,United States,Female,5.5, $139.00 
7888,1/17/2016,2242,Germany,Female,8, $129.00 
7889,1/17/2016,2208,Germany,Female,8, $84.50 
7890,1/17/2016,2179,United Kingdom,Female,10, $119.20 
7891,1/17/2016,2231,United States,Female,9, $64.50 
7892,1/17/2016,2220,Germany,Male,9.5, $179.00 
7893,1/17/2016,2183,United States,Male,10, $111.20 
7894,1/17/2016,2239,Canada,Male,8.5, $161.10 
7895,1/17/2016,2188,Germany,Female,8, $132.30 
7896,1/17/2016,2212,Germany,Male,10, $159.00 
7897,1/17/2016,2210,United States,Female,9, $189.00 
7898,1/17/2016,2231,Canada,Male,10.5, $179.00 
7899,1/17/2016,2158,Germany,Male,10.5, $169.00 
7900,1/17/2016,2181,United States,Male,10, $84.50 
7901,1/17/2016,2241,United States,Unix,6, $99.50 
7902,1/17/2016,2236,United Kingdom,Male,10, $169.00 
7903,1/18/2016,2242,Germany,Female,8, $129.00 
7904,1/18/2016,2170,Germany,Male,10, $199.00 
7905,1/18/2016,2170,United States,Male,9, $97.30 
7906,1/18/2016,2202,Germany,Female,9, $99.50 
7907,1/18/2016,2162,United Kingdom,Male,9.5, $125.30 
7908,1/18/2016,2233,United States,Male,8.5, $179.00 
7909,1/18/2016,2182,Germany,Male,9.5, $69.50 
7910,1/18/2016,2208,Canada,Male,10.5, $199.00 
7911,1/18/2016,2213,United States,Female,7, $189.00 
7912,1/18/2016,2232,United States,Female,9, $179.00 
7913,1/18/2016,2203,United States,Female,6.5, $74.50 
7914,1/18/2016,2156,Canada,Male,8, $149.00 
7915,1/18/2016,2153,Germany,Male,15, $161.10 
7916,1/18/2016,2152,United States,Male,12, $139.30 
7917,1/19/2016,2181,Germany,Male,10.5, $104.30 
7918,1/19/2016,2170,Germany,Male,10, $199.00 
7919,1/19/2016,2228,Canada,Female,7.5, $169.00 
7920,1/19/2016,2162,United Kingdom,Male,9.5, $125.30 
7921,1/19/2016,2205,United States,Male,9.5, $139.30 
7922,1/19/2016,2227,Canada,Female,7.5, $149.00 
7923,1/19/2016,2238,Germany,Female,8.5, $149.00 
7924,1/19/2016,2199,Germany,Male,11.5, $116.10 
7925,1/19/2016,2212,Germany,Male,10, $159.00 
7926,1/19/2016,2207,Germany,Female,6.5, $149.00 
7927,1/19/2016,2214,Canada,Male,10.5, $139.00 
7928,1/19/2016,2202,Germany,Male,10.5, $161.10 
7929,1/19/2016,2213,Canada,Male,14, $189.00 
7930,1/19/2016,2224,United States,Female,8, $116.10 
7931,1/19/2016,2207,Germany,Male,9.5, $89.50 
7932,1/19/2016,2189,United States,Male,11, $169.00 
7933,1/20/2016,2187,United Kingdom,Male,10, $94.50 
7934,1/20/2016,2230,Germany,Male,10.5, $99.50 
7935,1/20/2016,2231,Canada,Male,10.5, $179.00 
7936,1/20/2016,2194,United States,Male,9, $169.00 
7937,1/20/2016,2183,United States,Male,10, $111.20 
7938,1/20/2016,2158,United States,Male,10, $116.10 
7939,1/20/2016,2235,Canada,Male,9.5, $199.00 
7940,1/20/2016,2188,United Kingdom,Male,10, $139.00 
7941,1/20/2016,2207,Canada,Female,9, $189.00 
7942,1/20/2016,2173,Germany,Female,8.5, $119.20 
7943,1/20/2016,2189,United States,Male,10, $129.00 
7944,1/20/2016,2217,Canada,Male,9, $199.00 
7945,1/20/2016,2237,Germany,Female,8, $103.20 
7946,1/20/2016,2173,Germany,Male,9.5, $179.00 
7947,1/20/2016,2202,Germany,Male,10.5, $161.10 
7948,1/20/2016,2167,United States,Male,11.5, $125.10 
7949,1/21/2016,2202,Germany,Female,9, $99.50 
7950,1/21/2016,2217,Germany,Male,9, $119.20 
7951,1/21/2016,2150,Germany,Unix,10, $89.50 
7952,1/21/2016,2156,Canada,Male,8, $149.00 
7953,1/21/2016,2202,United States,Male,11, $159.00 
7954,1/21/2016,2161,United States,Male,9.5, $132.30 
7955,1/21/2016,2199,Germany,Female,8, $118.30 
7956,1/21/2016,2236,Germany,Female,8.5, $179.00 
7957,1/21/2016,2198,United States,Female,8, $189.00 
7958,1/21/2016,2175,United States,Male,6.5, $139.00 
7959,1/21/2016,2162,United Kingdom,Male,10.5, $189.00 
7960,1/21/2016,2195,Germany,Male,9.5, $103.20 
7961,1/21/2016,2207,Canada,Female,9, $189.00 
7962,1/21/2016,2192,Germany,Female,6.5, $135.20 
7963,1/21/2016,2226,Germany,Male,9.5, $139.00 
7964,1/21/2016,2159,Germany,Male,9, $149.00 
7965,1/21/2016,2178,Germany,Female,8, $129.00 
7966,1/21/2016,2224,United States,Female,9, $179.00 
7967,1/21/2016,2199,United States,Male,9.5, $134.10 
7968,1/22/2016,2158,United Kingdom,Female,8, $79.50 
7969,1/22/2016,2221,United States,Female,6.5, $143.20 
7970,1/22/2016,2214,Canada,Female,7.5, $199.00 
7971,1/22/2016,2165,United States,Male,9.5, $179.00 
7972,1/22/2016,2210,Germany,Female,9, $149.00 
7973,1/22/2016,2212,Canada,Female,7.5, $149.00 
7974,1/22/2016,2207,United Kingdom,Male,8, $129.00 
7975,1/22/2016,2219,United States,Male,9.5, $143.20 
7976,1/22/2016,2209,United States,Male,8, $84.50 
7977,1/22/2016,2173,United States,Male,10.5, $125.30 
7978,1/22/2016,2242,United States,Female,8, $189.00 
7979,1/22/2016,2227,United States,Female,9, $199.00 
7980,1/22/2016,2175,Germany,Male,9, $159.00 
7981,1/22/2016,2194,Canada,Female,9, $179.00 
7982,1/22/2016,2188,Germany,Male,6.5, $134.10 
7983,1/22/2016,2147,United States,Male,9.5, $199.00 
7984,1/22/2016,2156,United Kingdom,Male,11.5, $159.00 
7985,1/22/2016,2239,United States,Female,9, $129.00 
7986,1/22/2016,2183,United Kingdom,Female,8, $189.00 
7987,1/22/2016,2212,Germany,Male,8, $152.10 
7988,1/22/2016,2187,United States,Male,10, $94.50 
7989,1/22/2016,2222,United States,Male,9.5, $159.00 
7990,1/23/2016,2184,United States,Female,6.5, $159.20 
7991,1/23/2016,2234,Germany,Male,10, $97.30 
7992,1/23/2016,2219,United States,Female,6.5, $199.00 
7993,1/23/2016,2228,Canada,Female,7.5, $169.00 
7994,1/23/2016,2222,Germany,Female,9.5, $111.20 
7995,1/23/2016,2175,United States,Male,6.5, $139.00 
7996,1/23/2016,2209,United States,Male,8, $84.50 
7997,1/23/2016,2176,United States,Male,10.5, $69.50 
7998,1/23/2016,2153,United States,Female,8.5, $99.50 
7999,1/23/2016,2206,United Kingdom,Female,7.5, $149.00 
8000,1/23/2016,2186,United Kingdom,Male,9, $179.00 
8001,1/23/2016,2206,Canada,,7.5, $149.00 
8002,1/23/2016,2207,United States,Male,9.5, $116.10 
8003,1/23/2016,2170,United Kingdom,Male,9, $169.00 
8004,1/23/2016,2155,United Kingdom,Female,9.5, $169.00 
8005,1/23/2016,2230,United States,Female,9, $103.20 
8006,1/23/2016,2185,Germany,Male,9.5, $189.00 
8007,1/24/2016,2238,United States,Male,9, $129.00 
8008,1/24/2016,2153,United Kingdom,Male,10.5, $116.10 
8009,1/24/2016,2204,United States,Female,9.5, $152.10 
8010,1/24/2016,2231,Canada,Male,10.5, $179.00 
8011,1/24/2016,2227,Germany,Female,9, $169.00 
8012,1/24/2016,2190,United States,Male,8.5, $159.00 
8013,1/24/2016,2226,Germany,Male,10, $169.00 
8014,1/24/2016,2147,United States,Male,6.5, $139.30 
8015,1/24/2016,2172,Canada,Female,7.5, $139.00 
8016,1/24/2016,2189,United Kingdom,Female,8, $152.10 
8017,1/24/2016,2162,United Kingdom,Male,10.5, $189.00 
8018,1/24/2016,2147,United Kingdom,Male,8.5, $152.10 
8019,1/24/2016,2151,United Kingdom,Female,9.5, $139.00 
8020,1/24/2016,2179,United States,Female,8, $139.00 
8021,1/24/2016,2203,United States,Male,7.5, $129.00 
8022,1/24/2016,2166,United States,Male,8.5, $119.20 
8023,1/24/2016,2169,Germany,Male,9.5, $179.00 
8024,1/24/2016,2238,Germany,Male,8.5, $152.10 
8025,1/25/2016,2184,United Kingdom,Male,9, $118.30 
8026,1/25/2016,2214,United States,Female,9.5, $74.50 
8027,1/25/2016,2219,Germany,Female,8, $169.00 
8028,1/25/2016,2201,Germany,Female,8.5, $199.00 
8029,1/25/2016,2202,United States,Male,11, $89.50 
8030,1/25/2016,2209,United States,Male,8, $84.50 
8031,1/25/2016,2158,Canada,Female,7.5, $159.00 
8032,1/25/2016,2202,United Kingdom,Female,8.5, $139.00 
8033,1/25/2016,2170,United States,Male,9, $97.30 
8034,1/25/2016,2235,United States,Male,9.5, $118.30 
8035,1/25/2016,2188,Germany,Male,11.5, $179.00 
8036,1/25/2016,2169,Germany,Male,9.5, $179.00 
8037,1/25/2016,2177,Germany,Male,10.5, $199.00 
8038,1/25/2016,2225,Germany,Male,8.5, $179.00 
8039,1/26/2016,2216,United Kingdom,Male,15, $127.20 
8040,1/26/2016,2154,United States,Male,11.5, $90.30 
8041,1/26/2016,2157,United Kingdom,Female,7.5, $119.20 
8042,1/26/2016,2187,United Kingdom,Male,10, $94.50 
8043,1/26/2016,2149,United States,Male,10.5, $97.30 
8044,1/26/2016,2159,Canada,Female,9, $169.00 
8045,1/26/2016,2150,Canada,Male,10, $99.50 
8046,1/26/2016,2147,Canada,Female,7.5, $159.00 
8047,1/26/2016,2241,United States,Male,6, $99.50 
8048,1/26/2016,2198,United States,Male,9.5, $199.00 
8049,1/26/2016,2199,United States,Male,9.5, $134.10 
8050,1/26/2016,2163,Germany,Female,8, $169.00 
8051,1/26/2016,2170,United States,Unix,9, $97.30 
8052,1/26/2016,2190,United States,Male,10, $149.00 
8053,1/26/2016,2218,Germany,Male,10, $149.00 
8054,1/26/2016,2177,Germany,Male,10.5, $199.00 
8055,1/27/2016,2198,Canada,Male,11.5, $132.30 
8056,1/27/2016,2156,United Kingdom,Male,11.5, $159.00 
8057,1/27/2016,2167,United States,Male,9, $125.10 
8058,1/27/2016,2182,Germany,Male,9, $179.10 
8059,1/27/2016,2214,Canada,Male,8.5, $159.00 
8060,1/27/2016,2150,Canada,Male,10, $99.50 
8061,1/27/2016,2234,Germany,Male,14, $169.00 
8062,1/27/2016,2230,Canada,Female,10.5, $169.00 
8063,1/27/2016,2218,United States,Male,9, $149.00 
8064,1/27/2016,2190,United Kingdom,Male,9, $179.00 
8065,1/27/2016,2179,Germany,Male,9.5, $199.00 
8066,1/27/2016,2237,Germany,Female,8, $103.20 
8067,1/27/2016,2229,Canada,Female,5, $159.00 
8068,1/28/2016,2175,Canada,Female,7.5, $179.00 
8069,1/28/2016,2170,United Kingdom,Male,9, $169.00 
8070,1/28/2016,2219,Canada,Male,9, $169.00 
8071,1/28/2016,2167,Germany,Male,12, $159.00 
8072,1/28/2016,2155,Germany,Male,9, $129.00 
8073,1/28/2016,2161,Canada,Male,9.5, $170.10 
8074,1/28/2016,2214,Canada,Male,8.5, $159.00 
8075,1/28/2016,2157,United Kingdom,Female,7.5, $119.20 
8076,1/28/2016,2201,Canada,Female,9, $199.00 
8077,1/28/2016,2169,United States,Female,7, $169.00 
8078,1/28/2016,2147,Germany,Female,8.5, $90.30 
8079,1/28/2016,2184,Germany,Female,8.5, $89.50 
8080,1/28/2016,2238,United States,Male,9, $129.00 
8081,1/28/2016,2168,United Kingdom,Male,10, $143.10 
8082,1/28/2016,2153,United Kingdom,Male,10.5, $116.10 
8083,1/28/2016,2175,United States,Female,8, $111.20 
8084,1/28/2016,2226,Germany,Male,9.5, $139.00 
8085,1/28/2016,2236,Germany,Female,9.5, $143.20 
8086,1/28/2016,2169,Canada,Female,5, $159.00 
8087,1/29/2016,2147,Canada,Female,7.5, $159.00 
8088,1/29/2016,2158,United States,Male,10, $116.10 
8089,1/29/2016,2160,Germany,Male,9, $149.00 
8090,1/29/2016,2157,Germany,Male,10.5, $125.10 
8091,1/29/2016,2158,Germany,Male,8, $143.20 
8092,1/29/2016,2196,United States,Male,10, $189.00 
8093,1/29/2016,2155,United States,Male,10.5, $169.00 
8094,1/29/2016,2147,Germany,Female,8.5, $90.30 
8095,1/29/2016,2204,United States,Male,11, $129.00 
8096,1/29/2016,2229,United Kingdom,Male,7, $169.00 
8097,1/29/2016,2184,United Kingdom,Male,9, $118.30 
8098,1/29/2016,2163,United States,Female,8, $79.50 
8099,1/29/2016,2157,Germany,Female,9, $129.00 
8100,1/29/2016,2151,United States,Female,8.5, $99.50 
8101,1/29/2016,2178,United States,Unix,, $143.10 
8102,1/30/2016,2150,Canada,Male,10, $99.50 
8103,1/30/2016,2240,Germany,Male,8, $179.00 
8104,1/30/2016,2240,United States,Female,7.5, $143.20 
8105,1/30/2016,2161,United States,Male,8, $179.10 
8106,1/30/2016,2179,United Kingdom,Male,9, $103.20 
8107,1/30/2016,2182,Germany,Male,9, $179.10 
8108,1/30/2016,2148,United States,Female,11.5, $152.10 
8109,1/30/2016,2215,Canada,Female,9, $125.30 
8110,1/30/2016,2231,United Kingdom,Female,8.5, $179.00 
8111,1/30/2016,2224,United States,Female,7, $199.00 
8112,1/30/2016,2242,United States,Female,8.5, $111.20 
8113,1/30/2016,2190,United States,Male,8.5, $159.00 
8114,1/30/2016,2204,United States,Male,11, $129.00 
8115,1/30/2016,2152,United States,Male,10.5, $129.00 
8116,1/30/2016,2170,Canada,Female,9, $179.00 
8117,1/30/2016,2177,United States,Female,8.5, $169.00 
8118,1/30/2016,2217,Canada,Female,8.5, $159.00 
8119,1/30/2016,2242,Germany,Male,9, $161.10 
8120,1/30/2016,2222,Germany,Female,9.5, $125.30 
8121,1/30/2016,2182,Canada,Female,8, $139.00 
8122,1/30/2016,2182,Germany,Male,8.5, $143.10 
8123,1/31/2016,2170,Germany,Female,8, $139.00 
8124,1/31/2016,2162,United States,Female,12, $139.00 
8125,1/31/2016,2216,Germany,Female,9.5, $127.20 
8126,1/31/2016,2148,Germany,Female,8.5, $99.50 
8127,1/31/2016,2209,Germany,Male,11.5, $129.00 
8128,1/31/2016,2217,Germany,Female,8.5, $74.50 
8129,1/31/2016,2171,United States,Female,11.5, $104.30 
8130,1/31/2016,2231,United States,Male,9, $149.00 
8131,1/31/2016,2203,United States,Male,7.5, $129.00 
8132,1/31/2016,2153,United States,Female,8.5, $99.50 
8133,1/31/2016,2167,Germany,Male,10, $199.00 
8134,1/31/2016,2164,Germany,Male,13, $189.00 
8135,1/31/2016,2171,United States,Male,10.5, $149.00 
8136,1/31/2016,2153,United Kingdom,Male,10.5, $116.10 
8137,1/31/2016,2212,United States,Female,8.5, $169.00 
8138,1/31/2016,2168,Canada,Female,8, $84.50 
8139,1/31/2016,2168,Germany,Female,7.5, $169.00 
8140,1/31/2016,2200,United States,Female,10.5, $189.00 
8141,2/1/2016,2163,United States,Female,10, $129.00 
8142,2/1/2016,2184,United Kingdom,Male,10.5, $169.00 
8143,2/1/2016,2192,Germany,Male,9.5, $159.00 
8144,2/1/2016,2197,United States,Female,8, $149.00 
8145,2/1/2016,2220,United States,Female,8, $189.00 
8146,2/1/2016,2186,United States,Male,9.5, $169.00 
8147,2/1/2016,2203,Germany,Female,9.5, $125.10 
8148,2/1/2016,2202,Canada,Male,12, $99.50 
8149,2/1/2016,2175,United States,Male,9.5, $179.00 
8150,2/1/2016,2175,Germany,Female,8.5, $161.10 
8151,2/1/2016,2226,Germany,Unix,9.5, $149.00 
8152,2/1/2016,2233,United States,Male,8.5, $179.00 
8153,2/1/2016,2203,United States,Female,10.5, $159.00 
8154,2/1/2016,2196,Canada,Female,9, $199.00 
8155,2/1/2016,2167,United States,Male,9, $125.10 
8156,2/1/2016,2189,Germany,Male,10, $189.00 
8157,2/1/2016,2190,Canada,Female,8.5, $64.50 
8158,2/1/2016,2228,Canada,Female,8, $159.00 
8159,2/1/2016,2175,United States,Female,10.5, $189.00 
8160,2/2/2016,2165,United States,Female,9, $152.10 
8161,2/2/2016,2219,United States,Male,10, $79.50 
8162,2/2/2016,2179,Germany,Male,9.5, $199.00 
8163,2/2/2016,2148,Germany,Male,10, $139.00 
8164,2/2/2016,2169,Canada,Male,8.5, $125.30 
8165,2/2/2016,2239,United States,Male,9, $179.00 
8166,2/2/2016,2155,Canada,Male,14, $169.00 
8167,2/2/2016,2161,United States,Female,7.5, $139.00 
8168,2/2/2016,2238,Germany,Female,8.5, $149.00 
8169,2/2/2016,2172,United States,Female,10.5, $159.00 
8170,2/2/2016,2196,Canada,Male,10.5, $129.00 
8171,2/2/2016,2161,Germany,Male,9.5, $134.10 
8172,2/2/2016,2156,Germany,Male,9.5, $69.50 
8173,2/2/2016,2239,Canada,Male,9, $179.10 
8174,2/2/2016,2205,United States,Female,10, $97.30 
8175,2/2/2016,2192,United States,Female,10, $139.00 
8176,2/2/2016,2158,Germany,Male,9.5, $69.50 
8177,2/2/2016,2198,United States,Male,9.5, $69.50 
8178,2/3/2016,2234,Germany,Male,14, $169.00 
8179,2/3/2016,2219,United States,Female,8, $69.50 
8180,2/3/2016,2175,United States,Female,8, $111.20 
8181,2/3/2016,2148,United States,Female,9, $149.00 
8182,2/3/2016,2212,United States,Female,10, $129.00 
8183,2/3/2016,2182,Germany,Male,9, $179.10 
8184,2/3/2016,2216,United States,Female,8.5, $152.10 
8185,2/3/2016,2217,United States,Female,10, $199.00 
8186,2/3/2016,2204,Canada,Male,8, $118.30 
8187,2/3/2016,2217,Canada,Male,9.5, $79.50 
8188,2/3/2016,2204,Canada,Female,7.5, $149.00 
8189,2/3/2016,2211,Canada,Male,10, $84.50 
8190,2/3/2016,2224,Germany,Female,8, $118.30 
8191,2/3/2016,2195,Canada,Male,10, $111.30 
8192,2/3/2016,2152,United States,Male,10.5, $129.00 
8193,2/3/2016,2213,Canada,Male,9, $99.50 
8194,2/3/2016,2172,Germany,Male,9.5, $104.30 
8195,2/3/2016,2172,United States,Female,8, $135.20 
8196,2/3/2016,2152,Canada,Female,9, $143.20 
8197,2/3/2016,2165,United States,Male,9.5, $125.30 
8198,2/3/2016,2198,United States,Male,11, $139.00 
8199,2/3/2016,2202,Canada,Male,12, $99.50 
8200,2/3/2016,2207,United States,Male,10, $74.50 
8201,2/3/2016,2192,,Unix,11, $97.30 
8202,2/3/2016,2165,United States,Male,10, $149.00 
8203,2/3/2016,2181,United States,Female,11.5, $189.00 
8204,2/3/2016,2166,United States,Male,8.5, $119.20 
8205,2/4/2016,2226,United States,Female,8, $179.00 
8206,2/4/2016,2196,Canada,Male,10.5, $129.00 
8207,2/4/2016,2204,Canada,Male,8, $118.30 
8208,2/4/2016,2217,Canada,Male,9.5, $79.50 
8209,2/4/2016,2240,Germany,Male,6, $179.00 
8210,2/4/2016,2184,Germany,Female,8.5, $159.00 
8211,2/4/2016,2235,United States,Female,8, $143.10 
8212,2/4/2016,2159,Canada,Female,9, $169.00 
8213,2/4/2016,2190,United States,Male,10, $125.30 
8214,2/4/2016,2155,Canada,Male,14, $169.00 
8215,2/4/2016,2155,United States,Male,10.5, $169.00 
8216,2/4/2016,2198,United States,Male,9.5, $69.50 
8217,2/4/2016,2207,United States,Male,10, $74.50 
8218,2/4/2016,2190,United States,Male,9, $129.00 
8219,2/4/2016,2184,Germany,Female,8, $152.10 
8220,2/4/2016,2236,Germany,Female,10, $199.00 
8221,2/4/2016,2175,United Kingdom,Female,8, $139.00 
8222,2/4/2016,2148,United States,Male,13, $179.00 
8223,2/4/2016,2160,Germany,Male,11.5, $103.20 
8224,2/4/2016,2225,Germany,Male,11, $149.00 
8225,2/4/2016,2235,United States,Male,9.5, $118.30 
8226,2/5/2016,2171,United States,Male,10.5, $149.00 
8227,2/5/2016,2202,Canada,Male,12, $99.50 
8228,2/5/2016,2196,Canada,Male,10.5, $129.00 
8229,2/5/2016,2204,Canada,Male,8, $118.30 
8230,2/5/2016,2209,United States,Male,10, $125.10 
8231,2/5/2016,2229,Germany,Male,10.5, $129.00 
8232,2/5/2016,2218,Germany,Female,8.5, $99.50 
8233,2/5/2016,2155,United States,Male,11.5, $149.00 
8234,2/5/2016,2190,United States,Male,10, $125.30 
8235,2/5/2016,2217,Canada,Male,7, $199.00 
8236,2/5/2016,2217,United States,Female,8, $103.20 
8237,2/5/2016,2165,Germany,Male,11.5, $159.00 
8238,2/5/2016,2166,United States,Male,8.5, $119.20 
8239,2/5/2016,2198,United States,Male,9.5, $69.50 
8240,2/5/2016,2151,United States,Male,9.5, $169.00 
8241,2/5/2016,2181,Canada,Female,7.5, $94.50 
8242,2/5/2016,2234,Germany,Male,14, $169.00 
8243,2/5/2016,2199,Canada,Female,9, $94.50 
8244,2/5/2016,2223,United States,Female,6.5, $129.00 
8245,2/5/2016,2183,United States,Male,6.5, $129.00 
8246,2/6/2016,2189,United States,Female,8, $139.00 
8247,2/6/2016,2222,United States,Male,11, $97.30 
8248,2/6/2016,2228,Canada,Female,6, $135.20 
8249,2/6/2016,2185,Germany,Female,8.5, $159.00 
8250,2/6/2016,2159,Germany,Female,8, $199.00 
8251,2/6/2016,2241,Germany,Unix,8, $129.00 
8252,2/6/2016,2226,United States,Female,8, $132.30 
8253,2/6/2016,2165,United States,Male,9.5, $125.30 
8254,2/6/2016,2173,United Kingdom,Female,8.5, $143.20 
8255,2/6/2016,2182,Germany,Male,8.5, $143.10 
8256,2/6/2016,2205,Germany,Female,7.5, $134.10 
8257,2/6/2016,2202,Canada,Female,10.5, $143.10 
8258,2/6/2016,2204,Canada,Female,7.5, $149.00 
8259,2/6/2016,2218,Canada,Male,10.5, $179.00 
8260,2/6/2016,2198,United Kingdom,Female,8, $129.00 
8261,2/6/2016,2217,Germany,Female,8.5, $74.50 
8262,2/6/2016,2189,Germany,Male,10, $189.00 
8263,2/7/2016,2167,Canada,Male,10, $159.00 
8264,2/7/2016,2232,United States,Male,8.5, $199.00 
8265,2/7/2016,2197,Germany,Female,8.5, $189.00 
8266,2/7/2016,2217,United States,Female,8.5, $79.50 
8267,2/7/2016,2218,Canada,Female,6, $179.00 
8268,2/7/2016,2159,Germany,Female,8, $199.00 
8269,2/7/2016,2150,Germany,Male,10, $169.00 
8270,2/7/2016,2223,United States,Female,6, $179.00 
8271,2/7/2016,2239,United States,Female,9, $159.00 
8272,2/7/2016,2160,United Kingdom,Male,9.5, $143.20 
8273,2/7/2016,2217,Canada,Male,9.5, $79.50 
8274,2/7/2016,2160,Germany,Male,11.5, $103.20 
8275,2/7/2016,2196,Canada,Female,9, $199.00 
8276,2/7/2016,2174,United States,Male,8.5, $129.00 
8277,2/8/2016,2213,Canada,Male,9, $99.50 
8278,2/8/2016,2226,Canada,Female,10.5, $129.00 
8279,2/8/2016,2222,United States,Male,11, $129.00 
8280,2/8/2016,2185,Germany,Female,9, $159.00 
8281,2/8/2016,2184,Germany,Female,8.5, $159.00 
8282,2/8/2016,2220,Germany,Male,11, $90.30 
8283,2/8/2016,2148,Germany,Male,10, $139.00 
8284,2/8/2016,2150,Germany,Male,10, $169.00 
8285,2/8/2016,2219,United States,Female,8, $139.00 
8286,2/8/2016,2166,United States,Female,7.5, $199.00 
8287,2/8/2016,2235,United States,Male,9.5, $149.00 
8288,2/8/2016,2226,United Kingdom,Male,11.5, $199.00 
8289,2/8/2016,2216,United Kingdom,Male,15, $127.20 
8290,2/8/2016,2160,United Kingdom,Male,9.5, $143.20 
8291,2/8/2016,2179,United States,Male,8.5, $139.00 
8292,2/9/2016,2208,United States,Male,9.5, $129.00 
8293,2/9/2016,2196,United States,Male,10, $199.00 
8294,2/9/2016,2167,Canada,Male,10, $159.00 
8295,2/9/2016,2170,Canada,Female,10.5, $97.30 
8296,2/9/2016,2192,United States,Female,11, $97.30 
8297,2/9/2016,2209,United States,Male,10, $125.10 
8298,2/9/2016,2209,Germany,Male,9.5, $199.00 
8299,2/9/2016,2179,Germany,Male,9.5, $119.20 
8300,2/9/2016,2240,Germany,Female,6.5, $179.00 
8301,,2182,Germany,Unix,9.5, $169.00 
8302,2/9/2016,2209,United States,Female,8, $134.10 
8303,2/9/2016,2152,Canada,Female,9.5, $179.00 
8304,2/9/2016,2239,United States,Female,9, $159.00 
8305,2/9/2016,2173,United States,Female,7.5, $79.50 
8306,2/9/2016,2232,United States,Female,6, $161.10 
8307,2/9/2016,2173,United Kingdom,Female,7.5, $149.00 
8308,2/9/2016,2156,United Kingdom,Male,11.5, $159.00 
8309,2/9/2016,2216,United Kingdom,Male,15, $127.20 
8310,2/9/2016,2205,United States,Female,7, $179.00 
8311,2/9/2016,2171,Germany,Male,10.5, $159.00 
8312,2/10/2016,2154,Canada,Male,8.5, $129.00 
8313,2/10/2016,2227,United States,Male,9.5, $69.50 
8314,2/10/2016,2215,Canada,Female,7.5, $139.00 
8315,2/10/2016,2203,United States,Female,6.5, $179.00 
8316,2/10/2016,2234,United States,Male,9.5, $79.50 
8317,2/10/2016,2207,United States,Male,10, $74.50 
8318,2/10/2016,2215,United Kingdom,Male,11, $125.30 
8319,2/10/2016,2225,Canada,Male,8.5, $129.00 
8320,2/10/2016,2226,Germany,Female,6.5, $103.20 
8321,2/10/2016,2175,United States,Female,7.5, $159.00 
8322,2/10/2016,2211,Germany,Male,8.5, $94.50 
8323,2/10/2016,2186,United States,Male,9.5, $169.00 
8324,2/10/2016,2160,United Kingdom,Male,9.5, $143.20 
8325,2/10/2016,2154,United States,Female,4.5, $143.10 
8326,2/10/2016,2160,Germany,Male,11.5, $103.20 
8327,2/10/2016,2191,Canada,Male,9.5, $189.00 
8328,2/10/2016,2230,Canada,Male,12, $129.00 
8329,2/10/2016,2234,Germany,Male,9.5, $149.00 
8330,2/10/2016,2206,Germany,Male,8.5, $119.20 
8331,2/11/2016,2229,Canada,Female,7, $149.00 
8332,2/11/2016,2147,United States,Female,9.5, $103.20 
8333,2/11/2016,2147,United States,Female,8, $116.10 
8334,2/11/2016,2170,United States,Female,12, $169.00 
8335,2/11/2016,2199,Canada,Female,9, $94.50 
8336,2/11/2016,2177,United States,Female,8, $189.00 
8337,2/11/2016,2220,Germany,Male,11, $90.30 
8338,2/11/2016,2207,Germany,Female,6.5, $149.00 
8339,2/11/2016,2211,Germany,Male,8.5, $94.50 
8340,2/11/2016,2171,Canada,Male,11.5, $129.00 
8341,2/11/2016,2201,Canada,Male,10, $74.50 
8342,2/11/2016,2192,Canada,Male,8, $159.00 
8343,2/11/2016,2148,Canada,Female,7.5, $125.10 
8344,2/11/2016,2229,Germany,Male,10, $179.10 
8345,2/11/2016,2207,United States,Female,8, $143.20 
8346,2/12/2016,2221,Germany,Male,13, $84.50 
8347,2/12/2016,2211,Canada,Male,8.5, $139.00 
8348,2/12/2016,2203,Canada,Male,9.5, $189.00 
8349,2/12/2016,2237,Canada,Female,7, $169.00 
8350,2/12/2016,2188,United States,Male,10.5, $97.30 
8351,2/12/2016,2211,United States,Unix,8, $129.00 
8352,2/12/2016,2154,United States,Female,12, $161.10 
8353,2/12/2016,2184,United States,Female,8, $149.00 
8354,2/12/2016,2190,Germany,Female,8.5, $129.00 
8355,2/12/2016,2233,United States,Female,7.5, $129.00 
8356,2/12/2016,2157,United States,Male,8, $169.00 
8357,2/12/2016,2199,Germany,Male,10, $159.00 
8358,2/12/2016,2217,United States,Female,10, $179.00 
8359,2/12/2016,2241,Germany,Female,8, $129.00 
8360,2/12/2016,2221,Germany,Female,7, $97.30 
8361,2/12/2016,2209,United States,Female,8, $134.10 
8362,2/12/2016,2157,Canada,Male,7.5, $189.00 
8363,2/12/2016,2223,Germany,Female,8.5, $90.30 
8364,2/13/2016,2192,Germany,Female,7.5, $159.00 
8365,2/13/2016,2214,Canada,Male,15, $103.20 
8366,2/13/2016,2237,Canada,Male,10, $125.10 
8367,2/13/2016,2214,United States,Male,9.5, $79.50 
8368,2/13/2016,2235,United States,Female,8, $143.10 
8369,2/13/2016,2185,United States,Female,12, $179.10 
8370,2/13/2016,2150,United States,Female,8, $169.00 
8371,2/13/2016,2168,Canada,Female,6, $189.00 
8372,2/13/2016,2186,United States,Male,10, $170.10 
8373,2/13/2016,2157,United States,Male,8, $169.00 
8374,2/13/2016,2174,Germany,Male,10.5, $84.50 
8375,2/13/2016,2238,Canada,Male,9, $189.00 
8376,2/13/2016,2229,Germany,Male,8, $90.30 
8377,2/13/2016,2180,Canada,Female,9, $97.30 
8378,2/13/2016,2191,Canada,Male,9.5, $189.00 
8379,2/13/2016,2182,Germany,Male,10, $169.00 
8380,2/14/2016,2158,United States,Male,9.5, $69.50 
8381,2/14/2016,2147,Germany,Female,7, $159.00 
8382,2/14/2016,2173,United States,Female,11, $74.50 
8383,2/14/2016,2223,Canada,Female,9.5, $139.00 
8384,2/14/2016,2147,Canada,Male,8, $64.50 
8385,2/14/2016,2235,United Kingdom,Male,10, $125.10 
8386,2/14/2016,2166,United States,Female,7.5, $199.00 
8387,2/14/2016,2236,United States,Male,8, $179.00 
8388,2/14/2016,2186,United States,Male,10, $170.10 
8389,2/14/2016,2184,United States,Male,11, $139.00 
8390,2/14/2016,2206,Canada,Female,7.5, $149.00 
8391,2/14/2016,2181,Germany,Male,9.5, $199.00 
8392,2/14/2016,2183,United States,Male,14, $129.00 
8393,2/14/2016,2192,Canada,Male,8, $159.00 
8394,2/14/2016,2215,United States,Female,8, $169.00 
8395,2/14/2016,2181,United Kingdom,Male,9.5, $139.30 
8396,2/14/2016,2181,United States,Female,9, $129.00 
8397,2/14/2016,2224,United States,Female,7, $199.00 
8398,2/15/2016,2170,United Kingdom,Female,10.5, $199.00 
8399,2/15/2016,2222,United States,Male,11, $129.00 
8400,2/15/2016,2190,United States,Male,10, $69.50 
8401,2/15/2016,2190,United States,Unix,8, $69.50 
8402,2/15/2016,2233,Canada,Female,9, $159.00 
8403,2/15/2016,2169,Germany,Female,8.5, $97.30 
8404,2/15/2016,2172,Canada,Female,7.5, $139.00 
8405,2/15/2016,2232,United States,Male,8, $134.10 
8406,2/15/2016,2241,Germany,Male,11, $169.00 
8407,2/15/2016,2215,United States,Male,10.5, $199.00 
8408,2/15/2016,2220,United States,Female,8, $179.00 
8409,2/15/2016,2234,United States,Male,9.5, $79.50 
8410,2/15/2016,2181,United States,Female,9, $129.00 
8411,2/15/2016,2166,United Kingdom,Male,8.5, $179.00 
8412,2/15/2016,2228,United States,Male,9, $179.00 
8413,2/15/2016,2193,Canada,Male,9, $199.00 
8414,2/15/2016,2222,Germany,Male,10.5, $119.20 
8415,2/15/2016,2173,Canada,Male,10.5, $84.50 
8416,2/16/2016,2202,United Kingdom,Female,10.5, $127.20 
8417,2/16/2016,2186,United States,Male,14, $199.00 
8418,2/16/2016,2190,Germany,Female,8.5, $129.00 
8419,2/16/2016,2239,United States,Male,10, $169.00 
8420,2/16/2016,2156,Germany,Male,9.5, $179.00 
8421,2/16/2016,2196,Germany,Male,8, $139.30 
8422,2/16/2016,2233,Germany,Male,11, $159.00 
8423,2/16/2016,2173,Canada,Female,12, $189.00 
8424,2/16/2016,2195,United States,Male,10, $179.00 
8425,2/16/2016,2155,Canada,Female,6, $134.10 
8426,2/16/2016,2226,Germany,Male,10, $169.00 
8427,2/16/2016,2177,United States,Female,8, $189.00 
8428,2/16/2016,2171,Canada,Female,7.5, $132.30 
8429,2/16/2016,2226,United Kingdom,Male,11.5, $199.00 
8430,2/16/2016,2166,United Kingdom,Male,8.5, $179.00 
8431,2/16/2016,2184,United States,Male,11, $139.00 
8432,2/16/2016,2219,Canada,Male,8.5, $90.30 
8433,2/16/2016,2187,United States,Female,6, $159.00 
8434,2/16/2016,2234,United States,Male,10, $139.00 
8435,2/17/2016,2178,United Kingdom,Female,8.5, $199.00 
8436,2/17/2016,2183,United States,Male,14, $129.00 
8437,2/17/2016,2167,Germany,Male,12, $139.30 
8438,2/17/2016,2223,Canada,Female,9.5, $139.00 
8439,2/17/2016,2222,Canada,Female,11.5, $159.00 
8440,2/17/2016,2157,United States,Male,8, $169.00 
8441,2/17/2016,2147,United States,Female,9.5, $103.20 
8442,2/17/2016,2154,Germany,Male,10.5, $169.00 
8443,2/17/2016,2216,United States,Male,6, $132.30 
8444,2/17/2016,2235,Germany,Male,11, $74.50 
8445,2/17/2016,2230,United States,Male,9, $139.00 
8446,2/17/2016,2231,United States,Male,11, $134.10 
8447,2/17/2016,2232,United States,Male,9.5, $139.00 
8448,2/17/2016,2193,Canada,Male,9, $199.00 
8449,2/17/2016,2226,Canada,Male,14, $149.00 
8450,2/17/2016,2177,Canada,Male,9.5, $94.50 
8451,2/18/2016,2207,United States,Unix,10.5, $179.10 
8452,2/18/2016,2215,United Kingdom,Female,7.5, $89.50 
8453,2/18/2016,2206,United Kingdom,Female,7.5, $149.00 
8454,2/18/2016,2190,United States,Male,10, $69.50 
8455,2/18/2016,2214,United States,Male,9.5, $79.50 
8456,2/18/2016,2234,United States,Male,9, $149.00 
8457,2/18/2016,2217,Germany,Male,8.5, $189.00 
8458,2/18/2016,2203,Germany,Male,10.5, $116.10 
8459,2/18/2016,2228,United Kingdom,Female,7.5, $199.00 
8460,2/18/2016,2194,United States,Male,9.5, $125.30 
8461,2/18/2016,2241,Germany,Male,15, $179.00 
8462,2/18/2016,2216,United States,Female,8.5, $152.10 
8463,2/18/2016,2156,Germany,Male,9.5, $179.00 
8464,2/18/2016,2208,Germany,Male,10, $179.00 
8465,2/18/2016,2230,United States,Male,9, $139.00 
8466,2/18/2016,2228,United States,Male,10, $179.00 
8467,2/18/2016,2219,Canada,Male,8.5, $90.30 
8468,2/18/2016,2218,United States,Male,11, $97.30 
8469,2/18/2016,2202,Germany,Male,7.5, $179.00 
8470,2/19/2016,2174,United States,Male,8.5, $129.00 
8471,2/19/2016,2175,Germany,Female,8.5, $159.00 
8472,2/19/2016,2190,Canada,Female,8.5, $179.00 
8473,2/19/2016,2167,Germany,Male,12, $139.30 
8474,2/19/2016,2238,Germany,Male,9, $129.00 
8475,2/19/2016,2165,Canada,Female,9, $104.30 
8476,2/19/2016,2165,United States,Male,9, $199.00 
8477,2/19/2016,2160,United Kingdom,Male,10, $143.10 
8478,2/19/2016,2178,United Kingdom,Female,8.5, $199.00 
8479,2/19/2016,2153,Canada,Male,9, $139.00 
8480,2/19/2016,2185,Canada,Female,9, $170.10 
8481,2/19/2016,2241,Germany,Male,11, $169.00 
8482,2/19/2016,2212,Germany,Male,9.5, $97.30 
8483,2/19/2016,2161,Canada,Female,11.5, $189.00 
8484,2/19/2016,2175,Canada,Female,11.5, $169.00 
8485,2/19/2016,2233,United States,Female,9, $199.00 
8486,2/19/2016,2231,United States,Male,11, $134.10 
8487,2/19/2016,2241,Germany,Female,8, $159.00 
8488,2/19/2016,2193,United States,Male,8.5, $139.30 
8489,2/19/2016,2158,United States,Male,10, $179.00 
8490,2/20/2016,2241,Germany,Female,8, $129.00 
8491,2/20/2016,2181,Canada,Female,7.5, $139.00 
8492,2/20/2016,2157,United States,Male,10.5, $118.30 
8493,2/20/2016,2208,United States,Male,10.5, $79.50 
8494,2/20/2016,2223,United States,Male,10, $129.00 
8495,2/20/2016,2225,United States,Male,7.5, $159.00 
8496,2/20/2016,2154,Germany,Female,8, $94.50 
8497,2/20/2016,2171,Canada,Female,7.5, $132.30 
8498,2/20/2016,2217,Canada,Female,9, $149.00 
8499,2/20/2016,2182,Germany,Male,10, $169.00 
8500,2/20/2016,2233,United States,Female,7.5, $129.00 
8501,2/20/2016,2161,Canada,,11.5, $189.00 
8502,2/20/2016,2220,United States,Male,10, $84.50 
8503,2/20/2016,2189,United States,Female,8, $139.00 
8504,2/20/2016,2161,United States,Male,8.5, $139.00 
8505,2/20/2016,2221,Germany,Female,9, $149.00 
8506,2/20/2016,2208,Germany,Female,6, $159.00 
8507,2/20/2016,2241,United States,Female,7.5, $129.00 
8508,2/20/2016,2193,United States,Male,8.5, $139.30 
8509,2/21/2016,2195,United Kingdom,Female,8, $189.00 
8510,2/21/2016,2184,Germany,Female,8, $170.10 
8511,2/21/2016,2209,Canada,Male,10.5, $118.30 
8512,2/21/2016,2228,United States,Male,9, $179.00 
8513,2/21/2016,2151,Canada,Female,8.5, $159.00 
8514,2/21/2016,2195,Canada,Female,7.5, $90.30 
8515,2/21/2016,2179,Germany,Male,10, $189.00 
8516,2/21/2016,2241,United States,Male,10, $129.00 
8517,2/21/2016,2208,United States,Male,10.5, $79.50 
8518,2/21/2016,2153,United Kingdom,Male,9.5, $189.00 
8519,2/21/2016,2147,United States,Male,9.5, $199.00 
8520,2/21/2016,2153,United States,Female,6.5, $139.00 
8521,2/21/2016,2241,Germany,Male,15, $179.00 
8522,2/21/2016,2193,Canada,Male,9, $199.00 
8523,2/21/2016,2150,Canada,Female,9, $111.20 
8524,2/21/2016,2160,Germany,Male,11, $129.00 
8525,2/21/2016,2186,United States,Male,14, $199.00 
8526,2/21/2016,2220,United States,Male,10, $84.50 
8527,2/21/2016,2178,Germany,Female,8, $159.00 
8528,2/21/2016,2221,Germany,Female,6, $129.00 
8529,2/21/2016,2175,Germany,Female,8, $189.00 
8530,2/22/2016,2230,Germany,Female,10.5, $129.00 
8531,2/22/2016,2192,United Kingdom,Male,9, $189.00 
8532,2/22/2016,2237,Germany,Female,7, $104.30 
8533,2/22/2016,2199,Germany,Female,8, $118.30 
8534,2/22/2016,2203,Germany,Male,10.5, $116.10 
8535,2/22/2016,2153,Canada,Male,9, $139.00 
8536,2/22/2016,2240,United States,Male,8.5, $139.00 
8537,2/22/2016,2153,United States,Female,7.5, $119.20 
8538,2/22/2016,2174,Germany,Female,8, $161.10 
8539,2/22/2016,2201,Germany,Female,8, $139.00 
8540,2/22/2016,2231,United States,Male,11, $134.10 
8541,2/22/2016,2221,Germany,Female,10, $134.10 
8542,2/22/2016,2228,United States,Male,10.5, $129.00 
8543,2/22/2016,2155,Canada,Male,10, $139.00 
8544,2/22/2016,2155,United Kingdom,Female,9.5, $169.00 
8545,2/22/2016,2190,Canada,Female,8.5, $179.00 
8546,2/22/2016,2236,Germany,Male,10, $79.50 
8547,2/22/2016,2207,Canada,Male,10.5, $159.00 
8548,2/22/2016,2178,Canada,Male,9, $125.30 
8549,2/22/2016,2208,Germany,Female,6, $159.00 
8550,2/22/2016,2161,United Kingdom,Male,11, $149.00 
8551,2/23/2016,2193,United States,Unix,9, $127.20 
8552,2/23/2016,2158,United States,Female,7.5, $169.00 
8553,2/23/2016,2197,United Kingdom,Female,7.5, $152.10 
8554,2/23/2016,2236,United States,Male,10.5, $99.50 
8555,2/23/2016,2179,Germany,Male,10, $189.00 
8556,2/23/2016,2174,Germany,Female,8, $161.10 
8557,2/23/2016,2165,Germany,Male,10.5, $125.10 
8558,2/23/2016,2202,United States,Female,10, $90.30 
8559,2/23/2016,2165,United States,Male,11.5, $129.00 
8560,2/23/2016,2169,United States,Female,6.5, $84.50 
8561,2/23/2016,2199,Canada,Female,8.5, $169.00 
8562,2/23/2016,2150,Germany,Female,7, $125.30 
8563,2/23/2016,2157,Germany,Male,12, $159.20 
8564,2/23/2016,2221,Germany,Female,6, $129.00 
8565,2/23/2016,2215,Germany,Female,8.5, $159.20 
8566,2/23/2016,2226,United States,Female,8, $132.30 
8567,2/23/2016,2241,Germany,Male,15, $179.00 
8568,2/23/2016,2211,Germany,Female,7.5, $79.50 
8569,2/23/2016,2219,United States,Female,7.5, $159.00 
8570,2/24/2016,2240,United States,Male,9.5, $159.20 
8571,2/24/2016,2235,United Kingdom,Male,10, $125.10 
8572,2/24/2016,2181,United Kingdom,Male,9.5, $139.30 
8573,2/24/2016,2157,United Kingdom,Female,10.5, $189.00 
8574,2/24/2016,2220,Germany,Male,8.5, $139.00 
8575,2/24/2016,2195,Germany,Male,9, $139.00 
8576,2/24/2016,2237,Canada,Female,11.5, $189.00 
8577,2/24/2016,2199,Germany,Male,6.5, $179.00 
8578,2/24/2016,2165,Germany,Male,10.5, $125.10 
8579,2/24/2016,2197,United States,Female,10, $179.00 
8580,2/24/2016,2224,Germany,Female,9.5, $111.30 
8581,2/24/2016,2152,United States,Female,8.5, $129.00 
8582,2/24/2016,2160,United States,Female,8, $129.00 
8583,2/24/2016,2198,United States,Male,11, $139.00 
8584,2/24/2016,2147,United States,Female,9.5, $159.00 
8585,2/24/2016,2147,Canada,Female,9, $139.30 
8586,2/24/2016,2188,United States,Female,8, $129.00 
8587,2/24/2016,2212,United States,Male,9, $129.00 
8588,2/24/2016,2237,United States,Female,7.5, $161.10 
8589,2/24/2016,2184,Germany,Female,8.5, $104.30 
8590,2/24/2016,2234,Germany,Female,9, $103.20 
8591,2/24/2016,2173,Canada,Male,10, $129.00 
8592,2/25/2016,2219,Canada,Male,9.5, $125.30 
8593,2/25/2016,2221,Germany,Female,9, $149.00 
8594,2/25/2016,2158,United States,Male,9.5, $69.50 
8595,2/25/2016,2193,United States,Female,7.5, $179.00 
8596,2/25/2016,2177,Canada,Female,9.5, $189.00 
8597,2/25/2016,2218,United States,Male,11, $97.30 
8598,2/25/2016,2238,Germany,Male,10, $169.00 
8599,2/25/2016,2174,Germany,Male,10.5, $189.00 
8600,2/25/2016,2166,United States,Male,10.5, $129.00 
8601,2/25/2016,2224,United States,Unix,, $159.00 
8602,2/25/2016,2189,Germany,Female,9, $179.00 
8603,2/25/2016,2196,United States,Male,11.5, $111.30 
8604,2/25/2016,2228,Germany,Male,9.5, $139.00 
8605,2/25/2016,2147,United States,Female,8, $189.00 
8606,2/25/2016,2237,Canada,Female,11.5, $189.00 
8607,2/25/2016,2223,Canada,Male,11, $103.20 
8608,2/26/2016,2224,United States,Female,7, $199.00 
8609,2/26/2016,2160,United Kingdom,Male,10, $143.10 
8610,2/26/2016,2170,United Kingdom,Female,10.5, $199.00 
8611,2/26/2016,2220,United States,Male,10, $84.50 
8612,2/26/2016,2165,United States,Male,9, $199.00 
8613,2/26/2016,2205,Canada,Male,9.5, $119.20 
8614,2/26/2016,2191,Canada,Female,7, $199.00 
8615,2/26/2016,2236,United States,Male,10.5, $99.50 
8616,2/26/2016,2210,Germany,Male,10.5, $199.00 
8617,2/26/2016,2233,United States,Female,8, $125.10 
8618,2/26/2016,2199,Germany,Male,7.5, $134.10 
8619,2/26/2016,2198,United States,Female,8.5, $149.00 
8620,2/26/2016,2229,Germany,Male,9.5, $116.10 
8621,2/26/2016,2211,Germany,Male,11, $189.00 
8622,2/26/2016,2204,United States,Male,10.5, $199.00 
8623,2/26/2016,2214,United Kingdom,Male,9.5, $79.50 
8624,2/26/2016,2150,United Kingdom,Female,10.5, $199.00 
8625,2/26/2016,2239,United States,Male,7.5, $159.00 
8626,2/26/2016,2147,United States,Female,8, $116.10 
8627,2/26/2016,2235,United States,Male,11, $149.00 
8628,2/26/2016,2191,Canada,Female,7, $135.20 
8629,2/27/2016,2205,Canada,Female,9, $159.00 
8630,2/27/2016,2173,Canada,Male,10.5, $84.50 
8631,2/27/2016,2168,United States,Male,8, $129.00 
8632,2/27/2016,2154,United States,Male,14, $129.00 
8633,2/27/2016,2186,United States,Male,14, $199.00 
8634,2/27/2016,2154,Canada,Male,8.5, $129.00 
8635,2/27/2016,2188,Germany,Female,8, $132.30 
8636,2/27/2016,2213,Canada,Male,10.5, $125.10 
8637,2/27/2016,2211,Canada,Male,11.5, $179.00 
8638,2/27/2016,2158,United States,Female,6.5, $169.00 
8639,2/27/2016,2237,Canada,Female,11.5, $189.00 
8640,2/27/2016,2182,United States,Female,8, $89.50 
8641,2/27/2016,2175,United States,Male,10, $199.00 
8642,2/27/2016,2167,United States,Female,6.5, $79.50 
8643,2/27/2016,2158,Canada,Male,8.5, $99.50 
8644,2/27/2016,2152,Germany,Male,11, $90.30 
8645,2/27/2016,2153,United Kingdom,Female,10.5, $149.00 
8646,2/27/2016,2230,Germany,Female,10.5, $129.00 
8647,2/27/2016,2178,United States,Female,9, $169.00 
8648,2/27/2016,2211,United States,Female,8, $129.00 
8649,2/27/2016,2199,United States,Male,11, $169.00 
8650,2/28/2016,2158,Canada,Female,9, $179.00 
8651,2/28/2016,2195,Germany,Unix,8.5, $179.00 
8652,2/28/2016,2172,United States,Male,10, $79.50 
8653,2/28/2016,2186,United States,Male,8, $111.30 
8654,2/28/2016,2222,Canada,Female,11.5, $159.00 
8655,2/28/2016,2186,Germany,Male,8.5, $129.00 
8656,2/28/2016,2223,United States,Male,10.5, $111.20 
8657,2/28/2016,2184,Germany,Female,6, $111.30 
8658,2/28/2016,2186,Canada,Male,9.5, $84.50 
8659,2/28/2016,2178,Canada,Male,9.5, $97.30 
8660,2/28/2016,2219,Canada,Female,7, $143.10 
8661,2/28/2016,2235,United States,Male,11, $149.00 
8662,2/28/2016,2198,United States,Male,11, $139.00 
8663,2/28/2016,2179,United States,Male,9, $143.10 
8664,2/28/2016,2222,Canada,Female,8, $189.00 
8665,2/28/2016,2155,Germany,Male,15, $159.00 
8666,2/28/2016,2199,Canada,Male,9, $103.20 
8667,2/28/2016,2158,Canada,Male,8.5, $99.50 
8668,2/28/2016,2222,Germany,Male,10.5, $132.30 
8669,2/28/2016,2149,United States,Male,10.5, $129.00 
8670,2/28/2016,2167,United States,Male,6.5, $103.20 
8671,2/28/2016,2150,United Kingdom,Female,6.5, $179.00 
8672,2/29/2016,2160,United States,Male,9, $189.00 
8673,2/29/2016,2167,United Kingdom,Female,8, $199.00 
8674,2/29/2016,2220,United States,Male,8, $169.00 
8675,2/29/2016,2168,United Kingdom,Male,8.5, $170.10 
8676,2/29/2016,2161,United States,Male,8, $179.10 
8677,2/29/2016,2197,United Kingdom,Female,7.5, $152.10 
8678,2/29/2016,2202,United States,Male,9.5, $169.00 
8679,2/29/2016,2240,United States,Male,8.5, $139.00 
8680,2/29/2016,2226,United States,Female,8, $132.30 
8681,2/29/2016,2224,Germany,Female,8.5, $118.30 
8682,2/29/2016,2196,Canada,Male,11, $159.00 
8683,2/29/2016,2199,Canada,Male,9, $103.20 
8684,2/29/2016,2160,Canada,Female,7.5, $151.20 
8685,2/29/2016,2223,United States,Female,9, $139.30 
8686,2/29/2016,2150,United States,Female,9, $94.50 
8687,2/29/2016,2209,United States,Male,9.5, $139.00 
8688,2/29/2016,2232,United States,Female,10, $79.50 
8689,2/29/2016,2215,Germany,Female,8.5, $169.00 
8690,3/1/2016,2184,United Kingdom,Male,10.5, $169.00 
8691,3/1/2016,2216,Germany,Female,9.5, $127.20 
8692,3/1/2016,2195,Germany,Male,9, $139.00 
8693,3/1/2016,2233,United States,Female,8, $125.10 
8694,3/1/2016,2152,Germany,Male,11, $90.30 
8695,3/1/2016,2229,Canada,Male,10, $179.00 
8696,3/1/2016,2236,United States,Male,10.5, $99.50 
8697,3/1/2016,2223,United States,Male,10.5, $111.20 
8698,3/1/2016,2161,United States,Male,10.5, $111.20 
8699,3/1/2016,2205,Canada,Male,9.5, $119.20 
8700,3/1/2016,2179,United Kingdom,Female,10, $119.20 
8701,3/1/2016,2224,,Unix,6.5, $179.00 
8702,3/1/2016,2233,United States,Male,9.5, $179.00 
8703,3/2/2016,2176,Germany,Male,10, $116.10 
8704,3/2/2016,2165,United States,Female,9, $152.10 
8705,3/2/2016,2239,Germany,Female,7.5, $179.00 
8706,3/2/2016,2190,United Kingdom,Female,8.5, $139.00 
8707,3/2/2016,2216,United Kingdom,Male,8.5, $74.50 
8708,3/2/2016,2154,United States,Male,14, $129.00 
8709,3/2/2016,2235,United States,Female,8, $149.00 
8710,3/2/2016,2153,United States,Male,9, $143.20 
8711,3/2/2016,2213,Canada,Male,10.5, $125.10 
8712,3/2/2016,2218,United States,Male,10.5, $199.00 
8713,3/2/2016,2169,United States,Male,10.5, $139.00 
8714,3/2/2016,2160,United States,Male,9.5, $169.00 
8715,3/3/2016,2182,United Kingdom,Male,9.5, $149.00 
8716,3/3/2016,2172,United States,Male,10, $149.00 
8717,3/3/2016,2241,Germany,Male,8.5, $179.10 
8718,3/3/2016,2180,Germany,Female,7.5, $159.20 
8719,3/3/2016,2197,United States,Female,10, $111.30 
8720,3/3/2016,2158,Canada,Male,8.5, $99.50 
8721,3/3/2016,2174,United States,Female,9, $152.10 
8722,3/3/2016,2160,United States,Female,8, $129.00 
8723,3/3/2016,2168,United States,Male,8, $129.00 
8724,3/3/2016,2157,Germany,Male,10.5, $116.10 
8725,3/3/2016,2219,United States,Male,11, $111.30 
8726,3/3/2016,2174,Canada,Male,11.5, $170.10 
8727,3/3/2016,2237,United States,Female,7.5, $132.30 
8728,3/4/2016,2184,Germany,Female,8, $170.10 
8729,3/4/2016,2233,Germany,Female,9, $189.00 
8730,3/4/2016,2194,Germany,Female,8.5, $159.00 
8731,3/4/2016,2186,Germany,Male,8.5, $129.00 
8732,3/4/2016,2156,Canada,Male,6.5, $139.00 
8733,3/4/2016,2164,United States,Male,7, $111.20 
8734,3/4/2016,2180,United Kingdom,Male,11, $139.30 
8735,3/4/2016,2189,Germany,Male,10, $149.00 
8736,3/4/2016,2223,United States,Male,10.5, $111.20 
8737,3/4/2016,2219,Canada,Male,9.5, $125.30 
8738,3/4/2016,2192,United Kingdom,Male,9, $189.00 
8739,3/4/2016,2183,Canada,Male,9.5, $89.50 
8740,3/4/2016,2194,United Kingdom,Female,7.5, $199.00 
8741,3/4/2016,2239,Germany,Female,8.5, $189.00 
8742,3/4/2016,2242,Germany,Female,6, $199.00 
8743,3/4/2016,2179,United States,Male,9, $143.10 
8744,3/5/2016,2238,Germany,Female,8.5, $149.00 
8745,3/5/2016,2184,United Kingdom,Female,8, $179.00 
8746,3/5/2016,2210,United States,Male,9.5, $159.00 
8747,3/5/2016,2154,United States,Female,10.5, $179.00 
8748,3/5/2016,2216,Canada,Female,8, $139.00 
8749,3/5/2016,2147,United States,Male,10.5, $189.00 
8750,3/5/2016,2216,United Kingdom,Female,8, $179.00 
8751,3/5/2016,2233,United Kingdom,Unix,10.5, $84.50 
8752,3/5/2016,2187,Germany,Female,8.5, $199.00 
8753,3/5/2016,2160,Canada,Female,7.5, $151.20 
8754,3/5/2016,2161,United States,Male,10.5, $111.20 
8755,3/5/2016,2176,Canada,Female,9.5, $189.00 
8756,3/5/2016,2179,United States,Female,7, $159.00 
8757,3/5/2016,2161,United Kingdom,Male,8.5, $139.30 
8758,3/5/2016,2240,United States,Male,8.5, $139.00 
8759,3/5/2016,2151,Germany,Male,10.5, $134.10 
8760,3/5/2016,2197,United States,Male,10, $149.00 
8761,3/5/2016,2223,Germany,Female,9, $159.00 
8762,3/6/2016,2189,United States,Male,10, $111.20 
8763,3/6/2016,2156,Canada,Male,6.5, $139.00 
8764,3/6/2016,2156,United Kingdom,Female,8, $152.10 
8765,3/6/2016,2229,Canada,Male,10, $179.00 
8766,3/6/2016,2242,Canada,Female,8, $199.00 
8767,3/6/2016,2219,United States,Male,11, $111.30 
8768,3/6/2016,2183,United Kingdom,Female,8, $189.00 
8769,3/6/2016,2216,United Kingdom,Male,8.5, $74.50 
8770,3/6/2016,2152,Germany,Male,11, $90.30 
8771,3/6/2016,2151,United States,Male,9.5, $116.10 
8772,3/6/2016,2205,Canada,Male,9.5, $119.20 
8773,3/6/2016,2187,United States,Male,9.5, $99.50 
8774,3/6/2016,2237,Germany,Female,6, $199.00 
8775,3/6/2016,2208,Germany,Male,9.5, $125.30 
8776,3/6/2016,2153,United States,Male,9, $143.20 
8777,3/6/2016,2165,Canada,Female,9.5, $129.00 
8778,3/6/2016,2183,United States,Female,10, $84.50 
8779,3/6/2016,2231,United Kingdom,Female,7.5, $169.00 
8780,3/6/2016,2174,Canada,Male,11.5, $170.10 
8781,3/6/2016,2239,United Kingdom,Male,9.5, $125.30 
8782,3/7/2016,2200,United Kingdom,Male,9.5, $169.00 
8783,3/7/2016,2172,United Kingdom,Male,9, $103.20 
8784,3/7/2016,2177,United States,Female,9.5, $125.30 
8785,3/7/2016,2182,Canada,Female,8, $139.00 
8786,3/7/2016,2179,United States,Male,9, $143.10 
8787,3/7/2016,2193,Germany,Male,9, $189.00 
8788,3/7/2016,2147,United States,Male,10.5, $189.00 
8789,3/7/2016,2242,Germany,Female,6, $199.00 
8790,3/7/2016,2196,Canada,Female,7, $139.00 
8791,3/7/2016,2206,United States,Male,6, $129.00 
8792,3/7/2016,2151,Germany,Male,11, $129.00 
8793,3/7/2016,2215,United States,Male,10.5, $159.00 
8794,3/8/2016,2173,Germany,Male,8.5, $143.10 
8795,3/8/2016,2189,Germany,Male,10, $169.00 
8796,3/8/2016,2163,Canada,Male,10, $169.00 
8797,3/8/2016,2180,United Kingdom,Male,11, $139.30 
8798,3/8/2016,2200,United Kingdom,Male,9.5, $169.00 
8799,3/8/2016,2197,United States,Male,10, $149.00 
8800,3/8/2016,2148,United States,Male,8, $139.00 
8801,,2165,United States,Unix,10, $119.20 
8802,3/8/2016,2168,Canada,Female,8, $84.50 
8803,3/8/2016,2205,United States,Female,7.5, $143.10 
8804,3/8/2016,2219,United States,Male,11, $111.30 
8805,3/8/2016,2152,Canada,Male,9, $159.00 
8806,3/8/2016,2209,United Kingdom,Female,8, $149.00 
8807,3/8/2016,2195,United States,Female,8, $116.10 
8808,3/8/2016,2154,Germany,Female,9, $139.00 
8809,3/8/2016,2242,United Kingdom,Female,8.5, $139.00 
8810,3/8/2016,2169,United States,Male,8, $179.10 
8811,3/8/2016,2223,United States,Male,10.5, $159.00 
8812,3/8/2016,2236,United States,Male,8, $129.00 
8813,3/9/2016,2221,Germany,Male,13, $84.50 
8814,3/9/2016,2190,Canada,Male,7, $189.00 
8815,3/9/2016,2233,United Kingdom,Male,10.5, $84.50 
8816,3/9/2016,2180,United Kingdom,Male,11, $139.30 
8817,3/9/2016,2187,United States,Male,9.5, $99.50 
8818,3/9/2016,2183,United States,Female,9, $139.00 
8819,3/9/2016,2232,Canada,Female,10.5, $169.00 
8820,3/9/2016,2166,United States,Male,9, $139.00 
8821,3/9/2016,2168,United States,Male,11, $139.00 
8822,3/9/2016,2207,United States,Female,8, $179.10 
8823,3/9/2016,2226,United Kingdom,Female,7.5, $179.00 
8824,3/9/2016,2212,United States,Female,6.5, $129.00 
8825,3/9/2016,2225,United Kingdom,Male,9, $199.00 
8826,3/9/2016,2158,Canada,Female,7, $159.00 
8827,3/9/2016,2222,Germany,Male,10, $159.00 
8828,3/9/2016,2222,Canada,Female,8, $189.00 
8829,3/9/2016,2186,Canada,Male,8.5, $74.50 
8830,3/9/2016,2185,United States,Female,8.5, $125.10 
8831,3/9/2016,2239,Germany,Female,8.5, $189.00 
8832,3/9/2016,2167,United Kingdom,Female,8, $149.00 
8833,3/10/2016,2199,United States,Female,8, $90.30 
8834,3/10/2016,2192,Germany,Female,7.5, $159.00 
8835,3/10/2016,2183,Canada,Male,9.5, $89.50 
8836,3/10/2016,2147,United States,Male,10.5, $189.00 
8837,3/10/2016,2178,United States,Male,8.5, $199.00 
8838,3/10/2016,2172,United Kingdom,Male,9, $103.20 
8839,3/10/2016,2157,United States,Male,14, $159.00 
8840,3/10/2016,2190,United States,Female,9.5, $118.30 
8841,3/10/2016,2186,United States,Male,10, $199.00 
8842,3/10/2016,2215,United States,Male,9.5, $169.00 
8843,3/10/2016,2239,Germany,Female,7.5, $179.00 
8844,3/10/2016,2176,Germany,Female,8, $179.10 
8845,3/10/2016,2198,Germany,Male,7, $169.00 
8846,3/10/2016,2183,United Kingdom,Male,10, $189.00 
8847,3/10/2016,2168,United States,Male,11, $125.10 
8848,3/10/2016,2172,Germany,Female,8.5, $179.00 
8849,3/10/2016,2213,United States,Female,8, $139.00 
8850,3/10/2016,2156,Canada,Male,6.5, $139.00 
8851,3/10/2016,2238,United Kingdom,Unix,9.5, $129.00 
8852,3/10/2016,2225,United Kingdom,Male,9, $199.00 
8853,3/10/2016,2193,Germany,Male,8.5, $111.30 
8854,3/10/2016,2163,Canada,Male,10, $169.00 
8855,3/10/2016,2151,United States,Male,9, $132.30 
8856,3/10/2016,2188,United Kingdom,Male,10.5, $189.00 
8857,3/10/2016,2161,United States,Male,10.5, $111.20 
8858,3/10/2016,2192,Germany,Female,8.5, $149.00 
8859,3/11/2016,2234,United States,Female,11.5, $159.00 
8860,3/11/2016,2200,United Kingdom,Male,9.5, $169.00 
8861,3/11/2016,2195,United States,Male,11, $189.00 
8862,3/11/2016,2186,United States,Male,10, $199.00 
8863,3/11/2016,2215,United States,Male,9.5, $169.00 
8864,3/11/2016,2223,Germany,Male,9.5, $152.10 
8865,3/11/2016,2222,United States,Male,10, $189.00 
8866,3/11/2016,2230,Germany,Female,11.5, $94.50 
8867,3/11/2016,2183,United States,Female,9, $139.00 
8868,3/11/2016,2195,United States,Female,8, $116.10 
8869,3/11/2016,2226,United States,Male,10.5, $179.00 
8870,3/11/2016,2166,United States,Female,8.5, $139.00 
8871,3/11/2016,2208,United Kingdom,Male,10, $84.50 
8872,3/11/2016,2175,United States,Female,6.5, $129.00 
8873,3/11/2016,2238,United Kingdom,Female,7.5, $111.20 
8874,3/11/2016,2190,Canada,Male,7, $189.00 
8875,3/11/2016,2160,United Kingdom,Male,10.5, $179.00 
8876,3/11/2016,2152,United States,Female,8.5, $129.00 
8877,3/12/2016,2148,Canada,Male,11, $79.50 
8878,3/12/2016,2157,Canada,Male,9, $179.00 
8879,3/12/2016,2147,Canada,Male,9.5, $139.30 
8880,3/12/2016,2208,Canada,Female,8.5, $161.10 
8881,3/12/2016,2177,United States,Female,11.5, $74.50 
8882,3/12/2016,2162,United States,Female,8.5, $169.00 
8883,3/12/2016,2230,Germany,Female,11.5, $94.50 
8884,3/12/2016,2165,United States,Male,10, $119.20 
8885,3/12/2016,2212,United States,Male,9.5, $149.00 
8886,3/12/2016,2172,United Kingdom,Male,9, $103.20 
8887,3/12/2016,2233,United Kingdom,Male,10, $169.00 
8888,3/12/2016,2223,Germany,Female,8.5, $90.30 
8889,3/12/2016,2207,Canada,Female,9, $104.30 
8890,3/12/2016,2151,United States,Female,8.5, $99.50 
8891,3/12/2016,2182,United States,Male,11, $79.50 
8892,3/12/2016,2161,United Kingdom,Male,9.5, $189.00 
8893,3/12/2016,2206,Canada,Male,11, $111.30 
8894,3/12/2016,2169,United Kingdom,Female,8.5, $139.00 
8895,3/12/2016,2198,Germany,Male,7, $169.00 
8896,3/12/2016,2155,United Kingdom,Male,9.5, $189.00 
8897,3/12/2016,2168,United States,Female,6, $79.50 
8898,3/12/2016,2187,Germany,Male,8, $169.00 
8899,3/12/2016,2160,Germany,Female,9, $129.00 
8900,3/13/2016,2148,Canada,Male,11, $79.50 
8901,3/13/2016,2190,Canada,Unix,8.5, $179.00 
8902,3/13/2016,2187,United States,Male,9.5, $99.50 
8903,3/13/2016,2165,United States,Male,10, $119.20 
8904,3/13/2016,2225,Germany,Male,10, $189.00 
8905,3/13/2016,2230,Germany,Male,10, $169.00 
8906,3/13/2016,2237,United Kingdom,Male,10.5, $199.00 
8907,3/13/2016,2152,Germany,Female,8.5, $139.00 
8908,3/13/2016,2239,United Kingdom,Male,9.5, $125.30 
8909,3/13/2016,2185,United States,Female,8.5, $125.10 
8910,3/13/2016,2177,United States,Female,8.5, $169.00 
8911,3/13/2016,2210,Germany,Female,11.5, $139.00 
8912,3/13/2016,2158,Germany,Female,9, $134.10 
8913,3/13/2016,2153,United States,Female,6.5, $139.00 
8914,3/13/2016,2220,United Kingdom,Female,8.5, $90.30 
8915,3/13/2016,2225,United States,Male,8.5, $159.00 
8916,3/13/2016,2234,Germany,Male,11.5, $104.30 
8917,3/13/2016,2218,Germany,Female,8.5, $111.30 
8918,3/13/2016,2189,Germany,Male,11, $179.00 
8919,3/14/2016,2187,Canada,Male,11, $169.00 
8920,3/14/2016,2148,Canada,Male,11, $79.50 
8921,3/14/2016,2219,Germany,Female,8, $169.00 
8922,3/14/2016,2182,United States,Female,8, $89.50 
8923,3/14/2016,2154,Canada,Male,10.5, $90.30 
8924,3/14/2016,2170,Canada,Female,7.5, $90.30 
8925,3/14/2016,2231,Germany,Female,8, $111.30 
8926,3/14/2016,2236,United States,Male,8, $129.00 
8927,3/14/2016,2210,United States,Female,9, $159.00 
8928,3/14/2016,2176,Germany,Male,10, $116.10 
8929,3/14/2016,2222,United States,Male,10, $189.00 
8930,3/14/2016,2179,United States,Male,11, $129.00 
8931,3/14/2016,2185,United States,Male,10, $135.20 
8932,3/14/2016,2208,Canada,Male,9, $79.50 
8933,3/14/2016,2195,Germany,Female,6.5, $189.00 
8934,3/14/2016,2219,United States,Male,11.5, $134.10 
8935,3/14/2016,2184,Canada,Male,9.5, $159.00 
8936,3/14/2016,2223,United States,Male,9.5, $149.00 
8937,3/15/2016,2202,United States,Male,11.5, $132.30 
8938,3/15/2016,2148,United States,Female,11, $111.20 
8939,3/15/2016,2222,United States,Male,10, $139.00 
8940,3/15/2016,2189,United States,Male,10.5, $179.10 
8941,3/15/2016,2186,Canada,Male,8.5, $74.50 
8942,3/15/2016,2154,Canada,Male,10.5, $90.30 
8943,3/15/2016,2172,Germany,Male,9.5, $169.00 
8944,3/15/2016,2235,United States,Male,9.5, $149.00 
8945,3/15/2016,2155,Canada,Male,9, $159.00 
8946,3/15/2016,2241,Canada,Female,8.5, $179.00 
8947,3/15/2016,2216,United States,Female,6.5, $118.30 
8948,3/15/2016,2148,United States,Female,9.5, $103.20 
8949,3/15/2016,2162,United States,Male,9, $139.00 
8950,3/15/2016,2223,Germany,Female,6.5, $139.30 
8951,3/16/2016,2154,Germany,Unix,10.5, $135.20 
8952,3/16/2016,2236,United States,Male,8.5, $151.20 
8953,3/16/2016,2197,Germany,Female,8.5, $170.10 
8954,3/16/2016,2202,United Kingdom,Male,9, $139.00 
8955,3/16/2016,2167,United States,Male,10, $199.00 
8956,3/16/2016,2225,United States,Male,8.5, $159.00 
8957,3/16/2016,2238,United Kingdom,Female,7.5, $199.00 
8958,3/16/2016,2163,Canada,Male,10, $169.00 
8959,3/16/2016,2186,Canada,Male,8.5, $74.50 
8960,3/16/2016,2173,United States,Male,7.5, $129.00 
8961,3/16/2016,2185,Canada,Female,10.5, $127.20 
8962,3/16/2016,2172,United Kingdom,Female,8.5, $152.10 
8963,3/16/2016,2171,Germany,Male,8, $189.00 
8964,3/16/2016,2225,Germany,Female,9, $179.00 
8965,3/16/2016,2232,Canada,Male,8.5, $135.20 
8966,3/16/2016,2208,Canada,Female,8.5, $161.10 
8967,3/16/2016,2175,United States,Female,6.5, $129.00 
8968,3/16/2016,2178,United States,Female,9.5, $134.10 
8969,3/16/2016,2186,Germany,Female,10, $179.00 
8970,3/16/2016,2150,Germany,Female,6.5, $143.10 
8971,3/16/2016,2242,Canada,Male,10, $199.00 
8972,3/17/2016,2223,Germany,Male,11.5, $149.00 
8973,3/17/2016,2221,United States,Female,9, $99.50 
8974,3/17/2016,2227,United States,Female,9, $179.00 
8975,3/17/2016,2226,United States,Male,10, $179.00 
8976,3/17/2016,2198,United States,Female,11, $90.30 
8977,3/17/2016,2199,Germany,Male,13, $159.00 
8978,3/17/2016,2236,United Kingdom,Male,9.5, $94.50 
8979,3/17/2016,2232,United States,Male,9.5, $159.00 
8980,3/17/2016,2217,Canada,Female,9, $99.50 
8981,3/17/2016,2194,Canada,Female,9, $179.00 
8982,3/17/2016,2238,United States,Female,8, $159.00 
8983,3/17/2016,2183,United States,Male,13, $97.30 
8984,3/17/2016,2219,United States,Male,11.5, $134.10 
8985,3/17/2016,2238,United Kingdom,Female,7.5, $199.00 
8986,3/17/2016,2189,United States,Male,10.5, $179.10 
8987,3/17/2016,2228,United Kingdom,Female,8.5, $189.00 
8988,3/17/2016,2239,Germany,Male,10.5, $170.10 
8989,3/17/2016,2222,United States,Male,10, $139.00 
8990,3/17/2016,2195,Canada,Male,8.5, $99.50 
8991,3/17/2016,2236,United States,Male,9.5, $169.00 
8992,3/17/2016,2220,Germany,Female,8.5, $104.30 
8993,3/17/2016,2204,Germany,Female,9.5, $139.00 
8994,3/18/2016,2238,United States,Female,7.5, $169.00 
8995,3/18/2016,2157,Canada,Male,9, $179.00 
8996,3/18/2016,2221,United States,Female,9, $99.50 
8997,3/18/2016,2191,United Kingdom,Male,10.5, $134.10 
8998,3/18/2016,2149,United States,Male,11.5, $129.00 
8999,3/18/2016,2148,United States,Male,9, $125.10 
9000,3/18/2016,2183,United States,Male,13, $97.30 
9001,3/18/2016,2187,Germany,,8, $169.00 
9002,3/18/2016,2225,United States,Male,8.5, $159.00 
9003,3/18/2016,2149,United Kingdom,Female,8, $134.10 
9004,3/18/2016,2167,Germany,Female,10, $149.00 
9005,3/18/2016,2160,United Kingdom,Male,9, $189.00 
9006,3/18/2016,2176,Germany,Female,8, $111.30 
9007,3/18/2016,2160,United Kingdom,Male,10.5, $179.00 
9008,3/18/2016,2206,United States,Male,6, $139.00 
9009,3/19/2016,2183,United Kingdom,Male,10, $189.00 
9010,3/19/2016,2191,United Kingdom,Male,10.5, $134.10 
9011,3/19/2016,2223,United States,Female,8, $129.00 
9012,3/19/2016,2228,United Kingdom,Female,8, $189.00 
9013,3/19/2016,2242,United States,Male,10, $179.00 
9014,3/19/2016,2172,United States,Male,11, $139.00 
9015,3/19/2016,2222,United States,Male,9, $84.50 
9016,3/19/2016,2237,Germany,Male,11.5, $111.20 
9017,3/19/2016,2199,Canada,Male,9, $103.20 
9018,3/19/2016,2147,Canada,Male,9.5, $139.30 
9019,3/19/2016,2195,Germany,Female,9, $111.20 
9020,3/19/2016,2161,Germany,Female,8, $189.00 
9021,3/19/2016,2202,United States,Male,11.5, $132.30 
9022,3/19/2016,2221,Germany,Male,9, $169.00 
9023,3/20/2016,2238,United Kingdom,Male,7, $125.30 
9024,3/20/2016,2189,Germany,Male,10, $149.00 
9025,3/20/2016,2218,United States,Female,11.5, $125.10 
9026,3/20/2016,2170,United States,Male,10, $169.00 
9027,3/20/2016,2149,United States,Male,9.5, $134.10 
9028,3/20/2016,2238,Canada,Female,9.5, $79.50 
9029,3/20/2016,2161,United States,Female,6.5, $99.50 
9030,3/20/2016,2234,United States,Male,11, $125.10 
9031,3/20/2016,2188,United Kingdom,Male,10.5, $189.00 
9032,3/20/2016,2241,Germany,Male,9.5, $84.50 
9033,3/20/2016,2154,Germany,Female,9, $169.00 
9034,3/20/2016,2230,Germany,Male,10, $169.00 
9035,3/20/2016,2153,United States,Male,10, $169.00 
9036,3/20/2016,2236,United States,Female,8, $169.00 
9037,3/21/2016,2225,United Kingdom,Male,10.5, $127.20 
9038,3/21/2016,2209,United Kingdom,Male,8.5, $152.10 
9039,3/21/2016,2211,Germany,Male,10, $139.00 
9040,3/21/2016,2216,United Kingdom,Female,8, $179.00 
9041,3/21/2016,2148,Canada,Female,7.5, $125.10 
9042,3/21/2016,2179,United States,Female,11.5, $90.30 
9043,3/21/2016,2220,Germany,Female,8.5, $104.30 
9044,3/21/2016,2149,United States,Male,11.5, $129.00 
9045,3/21/2016,2162,United States,Female,9.5, $125.10 
9046,3/21/2016,2172,United States,Male,11, $139.00 
9047,3/21/2016,2182,United States,Male,11, $79.50 
9048,3/21/2016,2239,United States,Male,9.5, $159.00 
9049,3/21/2016,2161,United States,Female,6.5, $179.00 
9050,3/21/2016,2219,Germany,Male,9.5, $159.00 
9051,3/22/2016,2151,United States,Unix,9.5, $149.00 
9052,3/22/2016,2170,Canada,Female,7.5, $90.30 
9053,3/22/2016,2206,United States,Male,6, $139.00 
9054,3/22/2016,2186,Canada,Male,11, $129.00 
9055,3/22/2016,2192,Canada,Female,9, $134.10 
9056,3/22/2016,2214,United States,Female,9.5, $149.00 
9057,3/22/2016,2161,United States,Female,6.5, $99.50 
9058,3/22/2016,2213,Canada,Male,14, $119.20 
9059,3/22/2016,2195,Canada,Male,8.5, $99.50 
9060,3/22/2016,2240,United States,Female,7.5, $129.00 
9061,3/22/2016,2166,United States,Male,14, $189.00 
9062,3/22/2016,2168,Germany,Male,8.5, $104.30 
9063,3/23/2016,2235,United States,Male,9.5, $149.00 
9064,3/23/2016,2225,United Kingdom,Male,10.5, $127.20 
9065,3/23/2016,2154,Canada,Male,10.5, $90.30 
9066,3/23/2016,2238,Canada,Female,9.5, $79.50 
9067,3/23/2016,2199,Germany,Female,8.5, $199.00 
9068,3/23/2016,2238,Canada,Male,9, $189.00 
9069,3/23/2016,2185,Canada,Female,9, $170.10 
9070,3/23/2016,2233,United States,Female,9.5, $189.00 
9071,3/23/2016,2208,Germany,Male,9.5, $159.00 
9072,3/23/2016,2153,United States,Male,10, $169.00 
9073,3/23/2016,2236,United States,Male,10.5, $149.00 
9074,3/23/2016,2226,United States,Female,8.5, $135.20 
9075,3/23/2016,2197,United States,Male,9, $125.10 
9076,3/23/2016,2228,Germany,Female,8.5, $111.30 
9077,3/23/2016,2241,Canada,Male,9, $199.00 
9078,3/23/2016,2218,United States,Female,7.5, $129.00 
9079,3/23/2016,2172,United States,Male,10, $149.00 
9080,3/23/2016,2229,Germany,Male,9.5, $116.10 
9081,3/23/2016,2226,Canada,Male,9.5, $189.00 
9082,3/24/2016,2172,United Kingdom,Female,8.5, $152.10 
9083,3/24/2016,2159,United States,Female,6, $179.10 
9084,3/24/2016,2226,United States,Male,10.5, $139.30 
9085,3/24/2016,2199,Germany,Female,8.5, $89.50 
9086,3/24/2016,2206,Canada,Female,7.5, $149.00 
9087,3/24/2016,2217,Canada,Female,9, $149.00 
9088,3/24/2016,2153,Canada,Male,9.5, $159.00 
9089,3/24/2016,2213,Germany,Female,8, $149.00 
9090,3/24/2016,2211,United States,Male,9.5, $125.10 
9091,3/24/2016,2209,United States,Male,7.5, $125.30 
9092,3/24/2016,2194,Germany,Female,8.5, $159.00 
9093,3/24/2016,2190,United Kingdom,Female,9, $149.00 
9094,3/24/2016,2151,United Kingdom,Male,9.5, $149.00 
9095,3/24/2016,2213,Canada,Female,7.5, $149.00 
9096,3/24/2016,2234,United States,Male,9.5, $79.50 
9097,3/24/2016,2208,Germany,Female,11.5, $199.00 
9098,3/25/2016,2150,Canada,Male,9, $139.00 
9099,3/25/2016,2178,Canada,Male,10.5, $159.20 
9100,3/25/2016,2157,United States,Female,7, $169.00 
9101,3/25/2016,2191,Germany,Unix,, $169.00 
9102,3/25/2016,2218,United States,Female,8.5, $89.50 
9103,3/25/2016,2235,United States,Male,10.5, $111.20 
9104,3/25/2016,2172,United States,Male,10, $119.20 
9105,3/25/2016,2170,United States,Male,10, $169.00 
9106,3/25/2016,2225,Germany,Male,9.5, $149.00 
9107,3/25/2016,2242,United Kingdom,Female,9, $74.50 
9108,3/25/2016,2220,United Kingdom,Male,8, $169.00 
9109,3/25/2016,2198,Canada,Male,8, $179.00 
9110,3/25/2016,2232,United States,Male,9.5, $159.00 
9111,3/25/2016,2230,Germany,Male,8.5, $159.00 
9112,3/25/2016,2176,Canada,Male,9, $170.10 
9113,3/25/2016,2222,United States,Male,9, $84.50 
9114,3/26/2016,2168,Canada,Male,10, $139.00 
9115,3/26/2016,2185,United States,Female,8, $169.00 
9116,3/26/2016,2217,Germany,Male,10, $199.00 
9117,3/26/2016,2205,Germany,Male,9, $111.20 
9118,3/26/2016,2195,Germany,Male,9, $189.00 
9119,3/26/2016,2220,Canada,Female,6.5, $97.30 
9120,3/26/2016,2224,Germany,Female,8.5, $118.30 
9121,3/26/2016,2214,Canada,Female,6.5, $199.00 
9122,3/26/2016,2213,Canada,Male,10.5, $149.00 
9123,3/26/2016,2236,United States,Male,8.5, $169.00 
9124,3/26/2016,2169,Germany,Male,9, $134.10 
9125,3/26/2016,2222,United States,Female,4.5, $169.00 
9126,3/26/2016,2219,Germany,Male,9.5, $159.00 
9127,3/26/2016,2230,United Kingdom,Male,9, $139.00 
9128,3/26/2016,2155,United Kingdom,Female,9, $111.30 
9129,3/26/2016,2211,Germany,Male,10.5, $89.50 
9130,3/26/2016,2234,United States,Male,11, $125.10 
9131,3/26/2016,2179,United States,Female,9.5, $179.00 
9132,3/27/2016,2166,Canada,Female,10.5, $64.50 
9133,3/27/2016,2209,United States,Male,8, $139.00 
9134,3/27/2016,2208,United States,Female,8, $129.00 
9135,3/27/2016,2180,Germany,Male,9, $139.00 
9136,3/27/2016,2188,Germany,Male,8, $199.00 
9137,3/27/2016,2201,Germany,Male,11, $189.00 
9138,3/27/2016,2232,United States,Female,9, $139.00 
9139,3/27/2016,2157,Germany,Male,12, $119.20 
9140,3/27/2016,2159,United States,Female,6, $179.10 
9141,3/27/2016,2219,Canada,Female,6.5, $99.50 
9142,3/27/2016,2209,United Kingdom,Male,8.5, $152.10 
9143,3/27/2016,2195,Canada,Male,8.5, $99.50 
9144,3/27/2016,2165,Germany,Female,8.5, $149.00 
9145,3/27/2016,2150,Germany,Female,9, $64.50 
9146,3/27/2016,2154,United States,Female,4.5, $143.10 
9147,3/27/2016,2227,United States,Male,10, $169.00 
9148,3/27/2016,2205,Germany,Female,7, $199.00 
9149,3/27/2016,2163,United States,Female,9, $199.00 
9150,3/28/2016,2235,United States,Male,10.5, $111.20 
9151,3/28/2016,2208,Germany,Unix,11.5, $199.00 
9152,3/28/2016,2190,Germany,Female,7, $159.00 
9153,3/28/2016,2203,Germany,Male,11, $159.00 
9154,3/28/2016,2239,Germany,Female,7.5, $169.00 
9155,3/28/2016,2220,United States,Male,9.5, $149.00 
9156,3/28/2016,2228,United Kingdom,Female,8, $189.00 
9157,3/28/2016,2200,Germany,Male,10, $125.30 
9158,3/28/2016,2169,Canada,Female,8, $129.00 
9159,3/28/2016,2238,United Kingdom,Male,7, $125.30 
9160,3/28/2016,2202,Canada,Male,10.5, $143.20 
9161,3/28/2016,2224,United States,Male,9, $129.00 
9162,3/28/2016,2191,Canada,Male,9.5, $199.00 
9163,3/28/2016,2221,United States,Female,9.5, $199.00 
9164,3/28/2016,2234,Canada,Male,9, $149.00 
9165,3/28/2016,2194,United States,Male,8.5, $84.50 
9166,3/28/2016,2165,United Kingdom,Male,8.5, $179.00 
9167,3/28/2016,2187,Germany,Male,9.5, $97.30 
9168,3/28/2016,2228,Germany,Female,8.5, $111.30 
9169,3/28/2016,2177,United States,Male,10, $129.00 
9170,3/29/2016,2151,United States,Female,8, $118.30 
9171,3/29/2016,2183,United States,Male,9.5, $149.00 
9172,3/29/2016,2222,United States,Male,9, $84.50 
9173,3/29/2016,2207,Germany,Female,7, $111.30 
9174,3/29/2016,2206,Germany,Female,8.5, $97.30 
9175,3/29/2016,2236,Germany,Male,9.5, $118.30 
9176,3/29/2016,2227,United Kingdom,Female,8, $199.00 
9177,3/29/2016,2147,United States,Male,8, $161.10 
9178,3/29/2016,2204,Canada,Male,9, $199.00 
9179,3/29/2016,2215,United States,Male,10.5, $199.00 
9180,3/29/2016,2158,United States,Female,8.5, $99.50 
9181,3/29/2016,2220,United States,Male,9.5, $149.00 
9182,3/29/2016,2202,Canada,Male,10.5, $143.20 
9183,3/29/2016,2220,Canada,Male,8, $169.00 
9184,3/29/2016,2203,United States,Male,10, $159.00 
9185,3/29/2016,2209,United Kingdom,Male,8.5, $152.10 
9186,3/29/2016,2209,United States,Male,7.5, $125.30 
9187,3/29/2016,2224,Germany,Female,9, $179.10 
9188,3/29/2016,2231,Canada,Male,10, $99.50 
9189,3/29/2016,2183,Germany,Male,9, $84.50 
9190,3/29/2016,2191,United Kingdom,Male,10.5, $134.10 
9191,3/30/2016,2227,United States,Female,8, $149.00 
9192,3/30/2016,2177,United States,Male,9.5, $189.00 
9193,3/30/2016,2169,Germany,Male,9, $134.10 
9194,3/30/2016,2195,United Kingdom,Female,8, $103.20 
9195,3/30/2016,2166,United States,Female,8.5, $139.00 
9196,3/30/2016,2159,United States,Female,7.5, $199.00 
9197,3/30/2016,2158,Germany,Male,10.5, $104.30 
9198,3/30/2016,2226,Canada,Male,12, $103.20 
9199,3/30/2016,2198,Germany,Male,8.5, $159.00 
9200,3/30/2016,2181,United Kingdom,Female,7, $89.50 
9201,3/30/2016,2235,,Unix,11, $127.20 
9202,3/30/2016,2180,United States,Male,9.5, $69.50 
9203,3/30/2016,2237,United Kingdom,Female,9, $149.00 
9204,3/30/2016,2150,Germany,Female,9, $64.50 
9205,3/30/2016,2159,Canada,Female,7.5, $159.00 
9206,3/31/2016,2176,United States,Female,8, $129.00 
9207,3/31/2016,2160,United States,Female,9.5, $79.50 
9208,3/31/2016,2189,United States,Male,10.5, $139.30 
9209,3/31/2016,2176,Germany,Female,9.5, $169.00 
9210,3/31/2016,2173,United States,Male,9.5, $125.10 
9211,3/31/2016,2151,United States,Female,8.5, $99.50 
9212,3/31/2016,2183,United States,Female,7.5, $139.00 
9213,3/31/2016,2196,Germany,Female,8, $84.50 
9214,3/31/2016,2237,Canada,Female,9.5, $90.30 
9215,3/31/2016,2167,Germany,Male,10, $159.00 
9216,3/31/2016,2161,United Kingdom,Male,8.5, $139.30 
9217,3/31/2016,2157,United States,Female,7, $169.00 
9218,3/31/2016,2206,United Kingdom,Male,10, $149.00 
9219,3/31/2016,2165,United Kingdom,Male,8.5, $179.00 
9220,3/31/2016,2226,Canada,Male,9.5, $189.00 
9221,4/1/2016,2197,Canada,Male,9, $79.50 
9222,4/1/2016,2232,Canada,Female,8, $179.00 
9223,4/1/2016,2149,United States,Male,9.5, $111.30 
9224,4/1/2016,2166,United States,Male,9, $139.00 
9225,4/1/2016,2237,Germany,Male,10.5, $189.00 
9226,4/1/2016,2241,Canada,Female,10.5, $129.00 
9227,4/1/2016,2183,Germany,Male,9, $84.50 
9228,4/1/2016,2225,United Kingdom,Female,6.5, $169.00 
9229,4/1/2016,2154,Germany,Female,8, $125.30 
9230,4/1/2016,2211,Germany,Male,10.5, $89.50 
9231,4/1/2016,2190,Canada,Male,10.5, $161.10 
9232,4/1/2016,2222,United Kingdom,Male,9, $143.10 
9233,4/1/2016,2234,Germany,Female,8.5, $116.10 
9234,4/1/2016,2230,Canada,Male,9.5, $125.30 
9235,4/1/2016,2226,Germany,Female,6.5, $159.20 
9236,4/1/2016,2231,Germany,Female,9.5, $199.00 
9237,4/1/2016,2232,Canada,Female,10, $169.00 
9238,4/2/2016,2192,Canada,Male,10, $129.00 
9239,4/2/2016,2242,Canada,Female,8, $199.00 
9240,4/2/2016,2227,United States,Male,10, $169.00 
9241,4/2/2016,2173,United States,Female,11, $74.50 
9242,4/2/2016,2171,United Kingdom,Female,8, $199.00 
9243,4/2/2016,2222,United Kingdom,Female,9, $159.00 
9244,4/2/2016,2241,Germany,Male,8.5, $179.10 
9245,4/2/2016,2151,United States,Male,9.5, $169.00 
9246,4/2/2016,2173,United States,Male,9.5, $125.10 
9247,4/2/2016,2209,United States,Male,12, $143.20 
9248,4/2/2016,2203,United States,Female,6, $149.00 
9249,4/2/2016,2191,Canada,Male,9.5, $199.00 
9250,4/2/2016,2224,United States,Male,9, $129.00 
9251,4/2/2016,2213,Germany,Unix,10, $111.30 
9252,4/2/2016,2195,Canada,Female,9.5, $116.10 
9253,4/2/2016,2158,Germany,Female,7.5, $129.00 
9254,4/2/2016,2189,United States,Male,10.5, $139.30 
9255,4/2/2016,2242,Germany,Female,7, $132.30 
9256,4/2/2016,2169,Canada,Female,10, $159.20 
9257,4/3/2016,2231,Canada,Male,10, $99.50 
9258,4/3/2016,2182,Canada,Female,8, $139.00 
9259,4/3/2016,2158,Canada,Male,9.5, $143.10 
9260,4/3/2016,2183,Germany,Male,9, $84.50 
9261,4/3/2016,2237,United Kingdom,Female,9, $149.00 
9262,4/3/2016,2200,Germany,Male,10, $125.30 
9263,4/3/2016,2186,Germany,Male,8.5, $129.00 
9264,4/3/2016,2165,Germany,Male,10, $199.00 
9265,4/3/2016,2190,United States,Male,9, $129.00 
9266,4/3/2016,2173,United States,Male,9.5, $125.10 
9267,4/3/2016,2155,Germany,Female,11.5, $94.50 
9268,4/3/2016,2162,United Kingdom,Female,7.5, $149.00 
9269,4/3/2016,2179,Germany,Female,10, $159.00 
9270,4/3/2016,2209,Canada,Female,6, $143.10 
9271,4/3/2016,2200,Germany,Female,7.5, $149.00 
9272,4/3/2016,2149,United States,Male,9.5, $111.30 
9273,4/3/2016,2208,Germany,Female,7, $199.00 
9274,4/3/2016,2172,United States,Male,10, $119.20 
9275,4/3/2016,2159,Canada,Male,9.5, $84.50 
9276,4/3/2016,2183,Canada,Female,10, $179.10 
9277,4/4/2016,2205,United States,Male,9.5, $119.20 
9278,4/4/2016,2158,United States,Female,10.5, $159.00 
9279,4/4/2016,2158,Canada,Male,9.5, $143.10 
9280,4/4/2016,2191,United States,Male,9.5, $129.00 
9281,4/4/2016,2214,United States,Female,8.5, $149.00 
9282,4/4/2016,2217,United States,Male,11, $199.00 
9283,4/4/2016,2192,United States,Female,11, $97.30 
9284,4/4/2016,2197,United Kingdom,Female,7.5, $152.10 
9285,4/4/2016,2227,United Kingdom,Female,8, $199.00 
9286,4/4/2016,2206,United Kingdom,Male,10, $149.00 
9287,4/4/2016,2183,Germany,Male,11, $159.00 
9288,4/4/2016,2209,United States,Male,8, $139.00 
9289,4/4/2016,2162,United Kingdom,Female,7.5, $149.00 
9290,4/4/2016,2237,Germany,Male,10.5, $189.00 
9291,4/4/2016,2240,Germany,Female,9, $159.00 
9292,4/4/2016,2222,United States,Male,10.5, $149.00 
9293,4/4/2016,2204,Germany,Female,6.5, $132.30 
9294,4/4/2016,2156,Germany,Male,8, $169.00 
9295,4/4/2016,2215,United States,Male,10.5, $199.00 
9296,4/4/2016,2203,Canada,Male,9, $161.10 
9297,4/4/2016,2199,Germany,Male,10, $79.50 
9298,4/4/2016,2155,Germany,Male,9, $139.00 
9299,4/5/2016,2192,United States,Female,9.5, $169.00 
9300,4/5/2016,2206,United Kingdom,Female,7, $139.00 
9301,,2239,United States,Unix,9.5, $139.00 
9302,4/5/2016,2197,United States,Male,6, $134.10 
9303,4/5/2016,2194,United States,Male,8.5, $84.50 
9304,4/5/2016,2191,United States,Male,9.5, $129.00 
9305,4/5/2016,2215,United Kingdom,Male,9.5, $94.50 
9306,4/5/2016,2232,Germany,Male,9, $179.10 
9307,4/5/2016,2234,Germany,Female,8.5, $116.10 
9308,4/5/2016,2148,Germany,Male,10.5, $64.50 
9309,4/5/2016,2236,Germany,Male,9.5, $118.30 
9310,4/5/2016,2237,Germany,Male,10.5, $189.00 
9311,4/5/2016,2215,United States,Female,7.5, $139.00 
9312,4/5/2016,2224,Germany,Female,11, $111.20 
9313,4/5/2016,2166,United Kingdom,Male,15, $139.00 
9314,4/5/2016,2229,Canada,Male,10, $179.00 
9315,4/5/2016,2184,Germany,Male,9, $89.50 
9316,4/5/2016,2165,Germany,Male,10, $199.00 
9317,4/5/2016,2199,Germany,Male,10, $79.50 
9318,4/6/2016,2191,Germany,Male,10.5, $149.00 
9319,4/6/2016,2163,United States,Female,9, $199.00 
9320,4/6/2016,2179,United States,Male,11.5, $189.00 
9321,4/6/2016,2221,Canada,Male,9, $199.00 
9322,4/6/2016,2220,United States,Female,9, $179.10 
9323,4/6/2016,2228,United Kingdom,Female,8, $111.30 
9324,4/6/2016,2203,United States,Male,10, $159.00 
9325,4/6/2016,2194,United States,Male,8.5, $84.50 
9326,4/6/2016,2191,United States,Male,9.5, $129.00 
9327,4/6/2016,2231,United States,Male,8.5, $199.00 
9328,4/6/2016,2240,United States,Female,7.5, $129.00 
9329,4/6/2016,2189,United States,Male,10.5, $139.30 
9330,4/6/2016,2215,United States,Female,7.5, $139.00 
9331,4/6/2016,2171,Canada,Male,10, $125.10 
9332,4/6/2016,2232,Canada,Female,7.5, $169.00 
9333,4/6/2016,2158,Germany,Male,10.5, $104.30 
9334,4/6/2016,2238,Germany,Female,6.5, $159.00 
9335,4/6/2016,2181,Germany,Female,11, $139.00 
9336,4/6/2016,2216,United Kingdom,Female,5.5, $111.30 
9337,4/6/2016,2202,United Kingdom,Male,9, $199.00 
9338,4/6/2016,2181,United States,Female,8, $159.00 
9339,4/6/2016,2151,Canada,Male,9, $116.10 
9340,4/6/2016,2236,Canada,Female,8.5, $143.20 
9341,4/6/2016,2183,Germany,Male,11, $159.00 
9342,4/6/2016,2165,Germany,Male,10, $199.00 
9343,4/7/2016,2155,Germany,Male,9, $139.00 
9344,4/7/2016,2183,Germany,Male,10.5, $149.00 
9345,4/7/2016,2218,United States,Female,7.5, $129.00 
9346,4/7/2016,2228,United States,Female,9, $125.30 
9347,4/7/2016,2222,United States,Female,9.5, $134.10 
9348,4/7/2016,2162,United States,Male,11, $143.20 
9349,4/7/2016,2224,United States,Female,7.5, $199.00 
9350,4/7/2016,2180,United States,Female,8, $159.00 
9351,4/7/2016,2205,United States,Unix,10.5, $143.10 
9352,4/7/2016,2197,Canada,Male,9, $79.50 
9353,4/7/2016,2171,Canada,Male,10, $125.10 
9354,4/7/2016,2239,United Kingdom,Female,8, $97.30 
9355,4/7/2016,2156,Germany,Male,10, $152.10 
9356,4/7/2016,2151,Germany,Male,10.5, $90.30 
9357,4/7/2016,2234,Canada,Male,9.5, $104.30 
9358,4/7/2016,2154,United Kingdom,Male,9.5, $139.00 
9359,4/7/2016,2147,United States,Female,8, $189.00 
9360,4/7/2016,2204,United States,Male,10, $170.10 
9361,4/7/2016,2225,Germany,Female,9, $179.00 
9362,4/7/2016,2156,Germany,Male,8, $169.00 
9363,4/7/2016,2234,United States,Male,10, $129.00 
9364,4/7/2016,2232,Canada,Female,7.5, $169.00 
9365,4/8/2016,2199,Germany,Male,10, $79.50 
9366,4/8/2016,2207,United Kingdom,Male,10.5, $199.00 
9367,4/8/2016,2195,United States,Male,12, $152.10 
9368,4/8/2016,2181,United States,Male,14, $199.00 
9369,4/8/2016,2206,United Kingdom,Female,7, $139.00 
9370,4/8/2016,2174,Canada,Male,9.5, $159.00 
9371,4/8/2016,2183,United States,Female,7.5, $139.00 
9372,4/8/2016,2158,United States,Female,8.5, $99.50 
9373,4/8/2016,2200,United States,Female,7.5, $79.50 
9374,4/8/2016,2238,United States,Female,8, $159.00 
9375,4/8/2016,2177,United States,Male,11, $99.50 
9376,4/8/2016,2220,Canada,Male,9.5, $169.00 
9377,4/8/2016,2192,Canada,Male,10, $129.00 
9378,4/8/2016,2197,Canada,Male,9, $79.50 
9379,4/8/2016,2215,Germany,Male,9.5, $139.30 
9380,4/8/2016,2156,Germany,Male,10, $152.10 
9381,4/8/2016,2148,United States,Female,8, $159.00 
9382,4/8/2016,2147,United States,Female,8, $116.10 
9383,4/8/2016,2214,Canada,Male,10.5, $139.00 
9384,4/8/2016,2156,Germany,Female,8.5, $179.00 
9385,4/8/2016,2194,Germany,Female,8.5, $169.00 
9386,4/8/2016,2199,Germany,Male,11, $97.30 
9387,4/8/2016,2171,Canada,Male,10, $125.10 
9388,4/8/2016,2195,Canada,Female,8.5, $129.00 
9389,4/9/2016,2159,United States,Male,10.5, $129.00 
9390,4/9/2016,2178,Canada,Female,9, $199.00 
9391,4/9/2016,2221,Canada,Male,9, $199.00 
9392,4/9/2016,2176,Canada,Male,9, $127.20 
9393,4/9/2016,2151,Germany,Male,10.5, $139.00 
9394,4/9/2016,2153,United Kingdom,Female,8, $64.50 
9395,4/9/2016,2151,United Kingdom,Female,9, $125.10 
9396,4/9/2016,2173,Germany,Male,10.5, $125.10 
9397,4/9/2016,2215,Germany,Male,9.5, $139.30 
9398,4/9/2016,2183,Germany,Female,8, $119.20 
9399,4/9/2016,2157,Germany,Male,10.5, $179.00 
9400,4/9/2016,2156,Canada,Female,7.5, $149.00 
9401,4/9/2016,2217,United States,Unix,11, $199.00 
9402,4/9/2016,2157,United States,Female,7.5, $79.50 
9403,4/9/2016,2181,United States,Female,8, $159.00 
9404,4/9/2016,2147,United States,Male,8.5, $129.00 
9405,4/10/2016,2219,Germany,Male,10.5, $149.00 
9406,4/10/2016,2159,Canada,Female,9, $99.50 
9407,4/10/2016,2176,Germany,Male,9.5, $139.00 
9408,4/10/2016,2229,Canada,Female,9.5, $111.30 
9409,4/10/2016,2156,Canada,Male,9.5, $149.00 
9410,4/10/2016,2232,United States,Female,9, $199.00 
9411,4/10/2016,2223,United States,Male,9, $104.30 
9412,4/10/2016,2214,Canada,Male,10.5, $139.00 
9413,4/10/2016,2191,Germany,Male,10.5, $149.00 
9414,4/10/2016,2157,Germany,Male,10.5, $179.00 
9415,4/10/2016,2151,Canada,Male,9, $116.10 
9416,4/10/2016,2231,United States,Female,7.5, $143.20 
9417,4/10/2016,2213,United States,Male,10, $169.00 
9418,4/10/2016,2147,United States,Female,8, $189.00 
9419,4/10/2016,2204,United States,Male,10, $170.10 
9420,4/10/2016,2228,United Kingdom,Female,8, $111.30 
9421,4/11/2016,2156,Germany,Male,10, $152.10 
9422,4/11/2016,2187,Germany,Male,8.5, $149.00 
9423,4/11/2016,2196,United States,Male,9, $169.00 
9424,4/11/2016,2200,United States,Male,10.5, $169.00 
9425,4/11/2016,2172,United Kingdom,Male,10.5, $139.00 
9426,4/11/2016,2201,Canada,Male,11.5, $159.00 
9427,4/11/2016,2206,United States,Female,8.5, $159.00 
9428,4/11/2016,2193,Canada,Female,9.5, $169.00 
9429,4/11/2016,2194,United States,Male,9.5, $159.00 
9430,4/11/2016,2221,United Kingdom,Male,10, $129.00 
9431,4/11/2016,2187,United States,Male,11.5, $179.00 
9432,4/11/2016,2194,Germany,Female,8.5, $169.00 
9433,4/11/2016,2208,Canada,Male,10.5, $199.00 
9434,4/11/2016,2212,Canada,Male,9, $129.00 
9435,4/11/2016,2187,Germany,Female,8, $90.30 
9436,4/11/2016,2187,Germany,Female,7, $159.00 
9437,4/11/2016,2190,Germany,Male,8.5, $139.00 
9438,4/11/2016,2217,United States,Female,7.5, $159.00 
9439,4/11/2016,2155,Germany,Male,9, $139.00 
9440,4/11/2016,2191,Germany,Male,10.5, $149.00 
9441,4/11/2016,2158,United States,Female,7.5, $169.00 
9442,4/11/2016,2173,United States,Male,10.5, $149.00 
9443,4/11/2016,2183,Germany,Male,10.5, $149.00 
9444,4/12/2016,2173,Germany,Male,8.5, $179.00 
9445,4/12/2016,2149,Germany,Female,11.5, $159.20 
9446,4/12/2016,2229,Canada,Female,7.5, $189.00 
9447,4/12/2016,2228,United States,Male,10, $159.20 
9448,4/12/2016,2157,Germany,Male,9, $64.50 
9449,4/12/2016,2168,United States,Female,6, $79.50 
9450,4/12/2016,2174,United Kingdom,Female,7, $199.00 
9451,4/12/2016,2187,United States,Unix,7.5, $169.00 
9452,4/12/2016,2168,United States,Female,6, $116.10 
9453,4/12/2016,2174,Canada,Male,9.5, $159.00 
9454,4/12/2016,2212,United States,Female,7, $69.50 
9455,4/12/2016,2147,United States,Male,8.5, $129.00 
9456,4/12/2016,2148,United Kingdom,Male,11.5, $189.00 
9457,4/12/2016,2183,Germany,Female,8, $119.20 
9458,4/12/2016,2215,Germany,Female,7, $151.20 
9459,4/12/2016,2173,Germany,Male,10, $97.30 
9460,4/12/2016,2213,United States,Female,7.5, $90.30 
9461,4/12/2016,2172,United Kingdom,Female,8, $64.50 
9462,4/12/2016,2214,Germany,Male,8.5, $169.00 
9463,4/12/2016,2238,Canada,Male,9, $169.00 
9464,4/13/2016,2161,Germany,Male,8, $189.00 
9465,4/13/2016,2232,Germany,Male,9, $179.10 
9466,4/13/2016,2156,United States,Male,11.5, $64.50 
9467,4/13/2016,2153,United States,Male,11, $129.00 
9468,4/13/2016,2202,United States,Female,9, $149.00 
9469,4/13/2016,2158,Canada,Female,7.5, $111.30 
9470,4/13/2016,2170,Germany,Male,10, $84.50 
9471,4/13/2016,2167,United States,Female,7.5, $170.10 
9472,4/13/2016,2229,Germany,Female,9, $179.00 
9473,4/13/2016,2192,United States,Male,9, $139.30 
9474,4/13/2016,2158,Canada,Female,9.5, $189.00 
9475,4/13/2016,2196,Germany,Female,8, $159.20 
9476,4/13/2016,2227,United States,Female,6, $139.00 
9477,4/13/2016,2160,United Kingdom,Male,9, $189.00 
9478,4/13/2016,2204,Germany,Female,7, $64.50 
9479,4/13/2016,2193,Germany,Female,7.5, $89.50 
9480,4/13/2016,2157,Germany,Male,10.5, $179.00 
9481,4/13/2016,2240,Canada,Female,9, $116.10 
9482,4/13/2016,2191,Germany,Male,10, $135.20 
9483,4/13/2016,2224,United Kingdom,Male,8.5, $64.50 
9484,4/13/2016,2162,United Kingdom,Male,8.5, $125.30 
9485,4/13/2016,2204,Germany,Male,10.5, $149.00 
9486,4/13/2016,2233,Germany,Female,9, $64.50 
9487,4/14/2016,2227,Germany,Male,10, $132.30 
9488,4/14/2016,2234,United States,Male,10, $127.20 
9489,4/14/2016,2240,United States,Female,7.5, $129.00 
9490,4/14/2016,2194,Germany,Female,8.5, $118.30 
9491,4/14/2016,2209,United States,Male,12, $143.20 
9492,4/14/2016,2214,Canada,Male,10.5, $139.00 
9493,4/14/2016,2183,United Kingdom,Female,8, $84.50 
9494,4/14/2016,2205,United Kingdom,Female,7, $189.00 
9495,4/14/2016,2227,United Kingdom,Female,9, $179.00 
9496,4/14/2016,2237,Germany,Female,6, $199.00 
9497,4/14/2016,2203,Germany,Female,8, $64.50 
9498,4/14/2016,2209,Canada,Male,10.5, $103.20 
9499,4/14/2016,2232,United States,Female,6, $161.10 
9500,4/14/2016,2195,Germany,Female,9, $111.20 
9501,4/14/2016,2225,United States,,10.5, $90.30 
9502,4/14/2016,2181,United Kingdom,Female,7, $89.50 
9503,4/14/2016,2193,United Kingdom,Female,9, $127.20 
9504,4/14/2016,2192,Canada,Female,9, $134.10 
9505,4/14/2016,2166,United Kingdom,Male,15, $139.00 
9506,4/15/2016,2172,Germany,Male,9, $189.00 
9507,4/15/2016,2207,United States,Male,10.5, $104.30 
9508,4/15/2016,2181,United States,Male,14, $199.00 
9509,4/15/2016,2183,United States,Female,9, $69.50 
9510,4/15/2016,2222,United Kingdom,Male,10.5, $179.10 
9511,4/15/2016,2181,Germany,Female,10, $90.30 
9512,4/15/2016,2163,United States,Male,10, $111.30 
9513,4/15/2016,2217,Canada,Female,9, $161.10 
9514,4/15/2016,2180,United States,Male,10, $69.50 
9515,4/15/2016,2150,United States,Male,9, $74.50 
9516,4/15/2016,2177,United States,Female,8, $139.00 
9517,4/15/2016,2166,Germany,Male,10.5, $135.20 
9518,4/15/2016,2229,Germany,Male,10, $159.20 
9519,4/15/2016,2174,United Kingdom,Female,7, $199.00 
9520,4/15/2016,2162,United Kingdom,Male,8.5, $125.30 
9521,4/15/2016,2187,United States,Female,6, $159.00 
9522,4/15/2016,2157,United States,Female,7, $169.00 
9523,4/15/2016,2184,United Kingdom,Female,9, $143.10 
9524,4/15/2016,2185,Canada,Female,9, $170.10 
9525,4/15/2016,2214,United States,Female,9.5, $149.00 
9526,4/15/2016,2202,United Kingdom,Male,9, $199.00 
9527,4/15/2016,2154,United States,Male,9, $116.10 
9528,4/15/2016,2182,Germany,Female,9, $99.50 
9529,4/16/2016,2212,United States,Female,9, $189.00 
9530,4/16/2016,2158,United Kingdom,Male,9, $149.00 
9531,4/16/2016,2223,United States,Male,9, $104.30 
9532,4/16/2016,2241,Canada,Female,10.5, $129.00 
9533,4/16/2016,2222,United Kingdom,Male,10.5, $179.10 
9534,4/16/2016,2212,Germany,Female,8, $189.00 
9535,4/16/2016,2240,Canada,Female,9, $116.10 
9536,4/16/2016,2234,United States,Male,10, $127.20 
9537,4/16/2016,2212,Germany,Male,8.5, $189.00 
9538,4/16/2016,2178,United States,Female,8, $125.30 
9539,4/16/2016,2166,United Kingdom,Male,15, $139.00 
9540,4/16/2016,2207,United Kingdom,Female,9, $159.20 
9541,4/16/2016,2232,United States,Male,9.5, $139.00 
9542,4/16/2016,2233,United States,Female,9.5, $189.00 
9543,4/17/2016,2148,United States,Male,9.5, $64.50 
9544,4/17/2016,2227,United Kingdom,Female,9, $179.00 
9545,4/17/2016,2148,Canada,Female,10.5, $139.00 
9546,4/17/2016,2224,Canada,Male,9, $79.50 
9547,4/17/2016,2161,Germany,Male,8, $189.00 
9548,4/17/2016,2217,United States,Female,8, $151.20 
9549,4/17/2016,2181,United States,Female,11.5, $189.00 
9550,4/17/2016,2207,United States,Male,10.5, $104.30 
9551,4/17/2016,2190,Germany,Unix,7, $159.00 
9552,4/17/2016,2206,Germany,Male,9, $179.00 
9553,4/17/2016,2196,Germany,Female,8, $159.20 
9554,4/17/2016,2167,United States,Female,7, $199.00 
9555,4/17/2016,2164,United States,Female,8.5, $199.00 
9556,4/17/2016,2230,Germany,Female,8.5, $159.00 
9557,4/17/2016,2238,Canada,Male,10, $199.00 
9558,4/17/2016,2238,Germany,Female,8.5, $149.00 
9559,4/18/2016,2225,United Kingdom,Male,8.5, $74.50 
9560,4/18/2016,2162,United Kingdom,Male,8.5, $125.30 
9561,4/18/2016,2224,United States,Male,9.5, $116.10 
9562,4/18/2016,2168,Canada,Male,9.5, $189.00 
9563,4/18/2016,2227,Germany,Male,10, $132.30 
9564,4/18/2016,2149,Germany,Female,11.5, $159.20 
9565,4/18/2016,2204,Germany,Male,10.5, $149.00 
9566,4/18/2016,2217,Canada,Female,9.5, $199.00 
9567,4/18/2016,2194,United Kingdom,Male,9.5, $69.50 
9568,4/18/2016,2214,United Kingdom,Male,9.5, $129.00 
9569,4/18/2016,2233,Germany,Female,8, $179.00 
9570,4/18/2016,2241,Germany,Female,8, $159.00 
9571,4/18/2016,2194,United Kingdom,Female,8, $189.00 
9572,4/18/2016,2213,United Kingdom,Male,9.5, $199.00 
9573,4/18/2016,2234,United Kingdom,Male,9.5, $199.00 
9574,4/18/2016,2225,United States,Male,8.5, $170.10 
9575,4/18/2016,2192,Canada,Female,7.5, $199.00 
9576,4/18/2016,2156,United States,Female,8.5, $199.00 
9577,4/18/2016,2173,Canada,Female,7.5, $143.10 
9578,4/18/2016,2163,United States,Female,8.5, $127.20 
9579,4/18/2016,2192,United States,Female,6, $103.20 
9580,4/18/2016,2198,United States,Male,9.5, $199.00 
9581,4/18/2016,2180,United States,Male,10, $69.50 
9582,4/18/2016,2168,United Kingdom,Female,9, $139.00 
9583,4/18/2016,2160,United Kingdom,Female,9, $135.20 
9584,4/18/2016,2235,Germany,Male,12, $89.50 
9585,4/18/2016,2151,Canada,Male,11, $159.00 
9586,4/19/2016,2238,Germany,Male,10, $169.00 
9587,4/19/2016,2152,Germany,Male,9.5, $149.00 
9588,4/19/2016,2202,United States,Female,8, $111.20 
9589,4/19/2016,2148,United States,Male,9, $189.00 
9590,4/19/2016,2209,United States,Female,5.5, $125.30 
9591,4/19/2016,2181,United Kingdom,Female,6.5, $104.30 
9592,4/19/2016,2171,Germany,Female,9, $104.30 
9593,4/19/2016,2189,Germany,Female,9, $139.00 
9594,4/19/2016,2153,United States,Male,11, $129.00 
9595,4/19/2016,2200,Canada,Female,9.5, $169.00 
9596,4/19/2016,2154,United Kingdom,Male,9, $179.00 
9597,4/19/2016,2194,United Kingdom,Male,9.5, $69.50 
9598,4/19/2016,2212,Germany,Female,8, $189.00 
9599,4/19/2016,2241,Germany,Female,8, $129.00 
9600,4/19/2016,2170,Germany,Male,10, $84.50 
9601,4/19/2016,2214,United Kingdom,Unix,, $129.00 
9602,4/19/2016,2213,United Kingdom,Male,9.5, $199.00 
9603,4/19/2016,2189,Canada,Male,8.5, $199.00 
9604,4/19/2016,2170,Germany,Male,10, $129.00 
9605,4/19/2016,2232,United Kingdom,Male,9.5, $169.00 
9606,4/19/2016,2161,United States,Female,8.5, $118.30 
9607,4/19/2016,2214,Canada,Male,10, $143.20 
9608,4/19/2016,2196,Canada,Female,7, $139.00 
9609,4/19/2016,2234,United States,Male,10, $127.20 
9610,4/19/2016,2234,United Kingdom,Male,9.5, $199.00 
9611,4/19/2016,2168,United Kingdom,Female,9, $139.00 
9612,4/19/2016,2226,Germany,Male,10, $111.20 
9613,4/19/2016,2239,Canada,Female,6.5, $169.00 
9614,4/19/2016,2232,United Kingdom,Male,10.5, $199.00 
9615,4/19/2016,2191,Canada,Male,9.5, $199.00 
9616,4/20/2016,2192,Germany,Male,10.5, $139.00 
9617,4/20/2016,2238,Germany,Male,10, $169.00 
9618,4/20/2016,2193,Canada,Female,9.5, $169.00 
9619,4/20/2016,2194,Canada,Male,9.5, $129.00 
9620,4/20/2016,2184,United States,Male,9, $139.00 
9621,4/20/2016,2212,Canada,Male,9.5, $199.00 
9622,4/20/2016,2186,Germany,Female,9, $119.20 
9623,4/20/2016,2171,Germany,Female,9, $104.30 
9624,4/20/2016,2203,Canada,Male,10.5, $125.30 
9625,4/20/2016,2158,United Kingdom,Male,9, $149.00 
9626,4/20/2016,2154,United Kingdom,Male,9, $179.00 
9627,4/20/2016,2161,Germany,Male,8, $189.00 
9628,4/20/2016,2194,United Kingdom,Male,9.5, $69.50 
9629,4/20/2016,2214,United Kingdom,Male,9.5, $129.00 
9630,4/20/2016,2229,United States,Female,8, $169.00 
9631,4/20/2016,2217,Canada,Male,9.5, $125.10 
9632,4/20/2016,2207,Germany,Male,9, $179.10 
9633,4/20/2016,2157,United States,Female,7.5, $79.50 
9634,4/20/2016,2193,United Kingdom,Female,9, $127.20 
9635,4/20/2016,2189,Germany,Male,9.5, $69.50 
9636,4/20/2016,2217,United States,Male,8.5, $159.00 
9637,4/20/2016,2228,United States,Female,7.5, $111.30 
9638,4/20/2016,2150,Germany,Male,9.5, $199.00 
9639,4/20/2016,2213,Canada,Female,7.5, $149.00 
9640,4/20/2016,2147,Germany,Female,8.5, $119.20 
9641,4/20/2016,2240,Germany,Female,9, $143.10 
9642,4/20/2016,2213,United Kingdom,Male,9.5, $199.00 
9643,4/20/2016,2234,United Kingdom,Male,9.5, $199.00 
9644,4/20/2016,2159,United States,Male,10.5, $129.00 
9645,4/20/2016,2166,Germany,Male,10.5, $119.20 
9646,4/20/2016,2238,Canada,Male,9, $169.00 
9647,4/21/2016,2168,Canada,Male,10, $129.00 
9648,4/21/2016,2172,Germany,Female,9, $149.00 
9649,4/21/2016,2186,Germany,Female,9, $119.20 
9650,4/21/2016,2192,Canada,Female,7.5, $199.00 
9651,4/21/2016,2234,Germany,Unix,10, $79.50 
9652,4/21/2016,2212,Germany,Male,8.5, $189.00 
9653,4/21/2016,2231,United States,Female,7.5, $143.20 
9654,4/21/2016,2235,Germany,Male,12, $89.50 
9655,4/21/2016,2231,United Kingdom,Female,7.5, $169.00 
9656,4/21/2016,2158,United States,Male,8, $159.00 
9657,4/21/2016,2210,United States,Male,7.5, $199.00 
9658,4/21/2016,2189,Germany,Female,9, $139.00 
9659,4/21/2016,2178,Canada,Female,9, $199.00 
9660,4/21/2016,2152,Germany,Male,9.5, $149.00 
9661,4/22/2016,2182,Germany,Male,10.5, $149.00 
9662,4/22/2016,2183,Canada,Male,10, $199.00 
9663,4/22/2016,2159,United Kingdom,Female,6, $94.50 
9664,4/22/2016,2152,United States,Male,9.5, $152.10 
9665,4/22/2016,2221,Germany,Female,7.5, $159.00 
9666,4/22/2016,2189,Canada,Male,8.5, $199.00 
9667,4/22/2016,2214,Germany,Female,8.5, $132.30 
9668,4/22/2016,2163,United States,Female,8.5, $127.20 
9669,4/22/2016,2202,United States,Male,11, $89.50 
9670,4/22/2016,2189,Germany,Male,9.5, $69.50 
9671,4/22/2016,2206,Canada,Male,10.5, $129.00 
9672,4/22/2016,2215,United States,Male,10.5, $159.00 
9673,4/22/2016,2196,Germany,Male,8.5, $129.00 
9674,4/22/2016,2164,United States,Female,7, $151.20 
9675,4/22/2016,2157,Germany,Male,10.5, $116.10 
9676,4/22/2016,2148,United States,Female,11, $111.20 
9677,4/22/2016,2162,United States,Female,9, $159.00 
9678,4/22/2016,2166,Germany,Male,10.5, $119.20 
9679,4/22/2016,2226,Germany,Male,10, $111.20 
9680,4/22/2016,2171,Germany,Female,9, $104.30 
9681,4/22/2016,2236,United States,Male,14, $149.00 
9682,4/22/2016,2216,Germany,Female,8, $152.10 
9683,4/23/2016,2232,Canada,Female,8, $179.00 
9684,4/23/2016,2187,Germany,Female,7, $159.00 
9685,4/23/2016,2234,Germany,Male,10, $79.50 
9686,4/23/2016,2156,Germany,Male,8, $79.50 
9687,4/23/2016,2226,Canada,Female,10.5, $129.00 
9688,4/23/2016,2216,Canada,Male,9.5, $199.00 
9689,4/23/2016,2168,Canada,Male,9.5, $139.00 
9690,4/23/2016,2158,Canada,Female,7.5, $159.00 
9691,4/23/2016,2172,Canada,Female,7.5, $139.00 
9692,4/23/2016,2230,Germany,Female,8.5, $159.00 
9693,4/23/2016,2161,United States,Female,8.5, $118.30 
9694,4/23/2016,2202,Canada,Male,11, $79.50 
9695,4/23/2016,2236,Germany,Female,9.5, $143.20 
9696,4/23/2016,2207,Germany,Male,9, $179.10 
9697,4/23/2016,2200,United States,Female,10.5, $189.00 
9698,4/23/2016,2221,United States,Female,8.5, $90.30 
9699,4/23/2016,2194,United Kingdom,Female,7.5, $199.00 
9700,4/23/2016,2200,United States,Female,6, $152.10 
9701,4/23/2016,2159,,Unix,8, $89.50 
9702,4/23/2016,2227,Germany,Female,8, $64.50 
9703,4/24/2016,2242,Canada,Female,8, $199.00 
9704,4/24/2016,2215,Germany,Female,7, $151.20 
9705,4/24/2016,2198,United Kingdom,Male,9, $74.50 
9706,4/24/2016,2212,United States,Male,9.5, $159.00 
9707,4/24/2016,2165,Germany,Male,8.5, $159.00 
9708,4/24/2016,2170,Canada,Female,10.5, $97.30 
9709,4/24/2016,2224,United Kingdom,Female,6.5, $179.00 
9710,4/24/2016,2151,Canada,Male,11, $159.00 
9711,4/24/2016,2168,Canada,Male,9.5, $139.00 
9712,4/24/2016,2161,Canada,Male,8, $129.00 
9713,4/24/2016,2158,Canada,Female,7.5, $159.00 
9714,4/24/2016,2180,United States,Male,10, $69.50 
9715,4/24/2016,2187,Canada,Male,8.5, $89.50 
9716,4/24/2016,2221,Canada,Male,7, $159.00 
9717,4/24/2016,2226,Canada,Male,10, $103.20 
9718,4/24/2016,2178,United States,Female,8.5, $170.10 
9719,4/24/2016,2154,Canada,Female,9, $129.00 
9720,4/24/2016,2187,United States,Male,10, $129.00 
9721,4/24/2016,2206,Canada,Male,10.5, $129.00 
9722,4/24/2016,2202,United States,Female,8, $199.00 
9723,4/25/2016,2193,United States,Male,9.5, $189.00 
9724,4/25/2016,2207,United Kingdom,Male,9.5, $159.00 
9725,4/25/2016,2199,United Kingdom,Male,9.5, $139.00 
9726,4/25/2016,2207,United States,Male,10, $139.30 
9727,4/25/2016,2232,United States,Male,9.5, $139.00 
9728,4/25/2016,2191,Canada,Male,9.5, $199.00 
9729,4/25/2016,2171,Germany,Male,11, $94.50 
9730,4/25/2016,2212,United States,Male,9.5, $159.00 
9731,4/25/2016,2203,Canada,Male,10.5, $125.30 
9732,4/25/2016,2161,Canada,Male,8, $129.00 
9733,4/25/2016,2210,United States,Female,7.5, $99.50 
9734,4/25/2016,2208,Germany,Male,11, $139.30 
9735,4/25/2016,2200,United States,Female,6, $152.10 
9736,4/25/2016,2196,United States,Female,8, $103.20 
9737,4/25/2016,2190,Canada,Male,11, $149.00 
9738,4/25/2016,2186,United States,Female,8.5, $84.50 
9739,4/25/2016,2193,Germany,Male,10.5, $129.00 
9740,4/25/2016,2224,United Kingdom,Male,8.5, $64.50 
9741,4/25/2016,2202,Canada,Male,11, $79.50 
9742,4/25/2016,2176,Canada,Male,8, $189.00 
9743,4/25/2016,2205,Canada,Male,8.5, $159.00 
9744,4/25/2016,2150,Germany,Male,9.5, $179.00 
9745,4/26/2016,2202,Germany,Female,8.5, $84.50 
9746,4/26/2016,2183,United States,Male,15, $189.00 
9747,4/26/2016,2178,United Kingdom,Male,11, $111.20 
9748,4/26/2016,2180,United States,Female,7.5, $135.20 
9749,4/26/2016,2186,United States,Male,11, $74.50 
9750,4/26/2016,2162,United States,Female,9.5, $125.10 
9751,4/26/2016,2170,Germany,Unix,10, $129.00 
9752,4/26/2016,2203,Germany,Male,7.5, $189.00 
9753,4/26/2016,2231,Germany,Female,8, $199.00 
9754,4/26/2016,2164,Germany,Male,9.5, $149.00 
9755,4/26/2016,2151,United States,Female,8, $118.30 
9756,4/26/2016,2160,Canada,Female,6.5, $125.10 
9757,4/26/2016,2202,Germany,Male,14, $159.20 
9758,4/26/2016,2191,United States,Male,6.5, $161.10 
9759,4/26/2016,2185,United Kingdom,Female,9.5, $111.30 
9760,4/26/2016,2192,Canada,Female,9, $134.10 
9761,4/26/2016,2183,United Kingdom,Male,9.5, $84.50 
9762,4/26/2016,2220,Canada,Male,8.5, $129.00 
9763,4/26/2016,2176,Canada,Male,8, $189.00 
9764,4/26/2016,2205,Canada,Male,8.5, $159.00 
9765,4/27/2016,2223,Germany,Male,10, $199.00 
9766,4/27/2016,2185,Canada,Female,8.5, $199.00 
9767,4/27/2016,2213,Germany,Female,9, $143.20 
9768,4/27/2016,2214,United States,Female,9.5, $149.00 
9769,4/27/2016,2169,United States,Male,8, $129.00 
9770,4/27/2016,2157,United States,Female,7.5, $79.50 
9771,4/27/2016,2168,Germany,Female,8, $127.20 
9772,4/27/2016,2156,Germany,Male,8, $79.50 
9773,4/27/2016,2225,United Kingdom,Female,6.5, $169.00 
9774,4/27/2016,2206,Germany,Male,13, $159.00 
9775,4/27/2016,2190,United Kingdom,Male,9, $139.30 
9776,4/27/2016,2205,Germany,Male,10.5, $94.50 
9777,4/27/2016,2187,Canada,Female,6.5, $159.00 
9778,4/27/2016,2231,United Kingdom,Female,7.5, $169.00 
9779,4/27/2016,2214,United Kingdom,Female,8, $139.00 
9780,4/27/2016,2237,United States,Male,9.5, $159.00 
9781,4/27/2016,2237,United Kingdom,Female,9.5, $161.10 
9782,4/27/2016,2196,Canada,Female,9, $199.00 
9783,4/27/2016,2150,United Kingdom,Female,9, $159.00 
9784,4/27/2016,2226,Canada,Male,10, $103.20 
9785,4/28/2016,2213,United States,Female,7.5, $132.30 
9786,4/28/2016,2236,Canada,Female,8.5, $143.20 
9787,4/28/2016,2206,Germany,Female,8, $125.30 
9788,4/28/2016,2173,Germany,Male,10.5, $125.10 
9789,4/28/2016,2202,United States,Male,10.5, $143.10 
9790,4/28/2016,2229,Germany,Female,9, $139.00 
9791,4/28/2016,2231,Germany,Female,9, $149.00 
9792,4/28/2016,2241,Germany,Female,8, $159.00 
9793,4/28/2016,2208,United Kingdom,Male,10, $179.00 
9794,4/28/2016,2201,Germany,Male,10.5, $199.00 
9795,4/28/2016,2205,Canada,Male,8.5, $159.00 
9796,4/28/2016,2207,Canada,Female,9.5, $116.10 
9797,4/28/2016,2239,United Kingdom,Female,9.5, $199.00 
9798,4/28/2016,2178,United States,Male,8.5, $199.00 
9799,4/28/2016,2220,United States,Male,9.5, $149.00 
9800,4/28/2016,2190,United Kingdom,Male,9.5, $189.00 
9801,,2219,United States,Unix,7.5, $94.50 
9802,4/29/2016,2217,Germany,Male,9.5, $104.30 
9803,4/29/2016,2200,Germany,Male,8, $69.50 
9804,4/29/2016,2192,Canada,Male,6, $116.10 
9805,4/29/2016,2206,Germany,Female,8, $125.30 
9806,4/29/2016,2199,United States,Female,9.5, $129.00 
9807,4/29/2016,2190,United Kingdom,Female,7, $189.00 
9808,4/29/2016,2168,United States,Female,7, $170.10 
9809,4/29/2016,2216,Canada,Male,9.5, $199.00 
9810,4/29/2016,2151,Canada,Female,9, $64.50 
9811,4/29/2016,2171,United Kingdom,Female,8, $199.00 
9812,4/29/2016,2186,United States,Male,11, $74.50 
9813,4/29/2016,2234,United States,Female,11.5, $159.00 
9814,4/29/2016,2154,Germany,Male,10.5, $159.20 
9815,4/29/2016,2152,United States,Male,9.5, $152.10 
9816,4/29/2016,2188,United States,Male,12, $169.00 
9817,4/29/2016,2191,United States,Female,11.5, $127.20 
9818,4/30/2016,2162,United States,Male,11, $143.20 
9819,4/30/2016,2175,Germany,Male,13, $169.00 
9820,4/30/2016,2159,United States,Female,8, $159.00 
9821,4/30/2016,2166,United States,Female,8, $179.00 
9822,4/30/2016,2215,Canada,Male,9, $139.00 
9823,4/30/2016,2196,Germany,Female,8, $84.50 
9824,4/30/2016,2236,Germany,Female,8, $199.00 
9825,4/30/2016,2241,Germany,Female,8, $129.00 
9826,4/30/2016,2152,Canada,Male,8.5, $159.00 
9827,4/30/2016,2192,Canada,Male,9.5, $161.10 
9828,4/30/2016,2198,Canada,Male,9, $118.30 
9829,4/30/2016,2198,Canada,Male,11.5, $132.30 
9830,4/30/2016,2154,Canada,Female,9, $129.00 
9831,4/30/2016,2179,Canada,Female,7.5, $179.10 
9832,4/30/2016,2242,Canada,Male,10, $199.00 
9833,4/30/2016,2196,United States,Male,10, $189.00 
9834,4/30/2016,2200,United States,Female,7.5, $79.50 
9835,4/30/2016,2213,United States,Male,10, $129.00 
9836,4/30/2016,2150,United States,Female,8, $79.50 
9837,4/30/2016,2175,United States,Male,9.5, $159.00 
9838,5/1/2016,2159,United States,Female,8, $159.00 
9839,5/1/2016,2190,Germany,Male,11, $125.10 
9840,5/1/2016,2181,United States,Male,14, $199.00 
9841,5/1/2016,2215,United States,Female,9.5, $84.50 
9842,5/1/2016,2208,United States,Male,10.5, $79.50 
9843,5/1/2016,2217,Germany,Male,9.5, $104.30 
9844,5/1/2016,2224,United Kingdom,Female,6, $129.00 
9845,5/1/2016,2213,United States,Female,7, $189.00 
9846,5/1/2016,2221,United States,Male,10, $189.00 
9847,5/1/2016,2174,Germany,Male,10, $149.00 
9848,5/1/2016,2171,Germany,Female,8.5, $159.00 
9849,5/1/2016,2186,Canada,Male,11, $129.00 
9850,5/1/2016,2170,United States,Male,10.5, $134.10 
9851,5/1/2016,2171,Canada,Unix,12, $94.50 
9852,5/1/2016,2151,Germany,Male,10.5, $139.00 
9853,5/1/2016,2227,United States,Male,10.5, $199.00 
9854,5/1/2016,2238,Canada,Female,9, $179.00 
9855,5/1/2016,2196,United States,Male,10, $189.00 
9856,5/1/2016,2184,United Kingdom,Female,9, $79.50 
9857,5/1/2016,2199,Canada,Female,9, $94.50 
9858,5/1/2016,2217,United States,Female,8, $151.20 
9859,5/2/2016,2147,Germany,Male,15, $161.10 
9860,5/2/2016,2190,Germany,Male,11, $125.10 
9861,5/2/2016,2157,United States,Female,7.5, $139.00 
9862,5/2/2016,2156,United Kingdom,Female,8, $143.10 
9863,5/2/2016,2241,United States,Male,10, $129.00 
9864,5/2/2016,2175,Germany,Male,13, $169.00 
9865,5/2/2016,2192,Canada,Male,6, $116.10 
9866,5/2/2016,2191,United States,Female,8.5, $94.50 
9867,5/2/2016,2159,United States,Male,9.5, $79.50 
9868,5/2/2016,2199,Germany,Male,7.5, $149.00 
9869,5/2/2016,2202,Germany,Female,8.5, $104.30 
9870,5/2/2016,2238,Canada,Male,9, $189.00 
9871,5/2/2016,2190,Canada,Male,11, $125.10 
9872,5/2/2016,2211,United States,Male,10.5, $118.30 
9873,5/2/2016,2224,United States,Female,9.5, $64.50 
9874,5/2/2016,2191,United States,Female,11.5, $127.20 
9875,5/2/2016,2203,Canada,Male,9, $139.00 
9876,5/2/2016,2215,United States,Female,7.5, $139.00 
9877,5/2/2016,2238,Canada,Female,9, $179.00 
9878,5/2/2016,2169,United Kingdom,Male,10, $152.10 
9879,5/2/2016,2180,United States,Female,8, $159.00 
9880,5/2/2016,2227,United States,Male,9.5, $69.50 
9881,5/2/2016,2219,United States,Male,10, $143.20 
9882,5/3/2016,2152,United States,Female,8.5, $199.00 
9883,5/3/2016,2229,United Kingdom,Male,11, $169.00 
9884,5/3/2016,2161,United States,Male,8.5, $116.10 
9885,5/3/2016,2227,United States,Male,10.5, $132.30 
9886,5/3/2016,2175,United States,Male,10.5, $90.30 
9887,5/3/2016,2241,Germany,Female,8, $135.20 
9888,5/3/2016,2184,Germany,Female,8.5, $127.20 
9889,5/3/2016,2193,Germany,Female,9.5, $127.20 
9890,5/3/2016,2232,Germany,Male,9, $179.10 
9891,5/3/2016,2224,Germany,Female,11, $111.20 
9892,5/3/2016,2154,United Kingdom,Female,7.5, $134.10 
9893,5/3/2016,2147,Germany,Male,10, $159.00 
9894,5/3/2016,2223,Germany,Female,10.5, $169.00 
9895,5/3/2016,2229,United States,Female,7, $159.00 
9896,5/3/2016,2213,United States,Male,10, $129.00 
9897,5/3/2016,2183,United Kingdom,Male,9.5, $84.50 
9898,5/4/2016,2163,United States,Female,8.5, $127.20 
9899,5/4/2016,2232,United Kingdom,Female,7, $169.00 
9900,5/4/2016,2158,United Kingdom,Female,6, $189.00 
9901,5/4/2016,2206,Germany,Unix,10.5, $179.00 
9902,5/4/2016,2207,United States,Male,12, $169.00 
9903,5/4/2016,2205,United States,Male,7.5, $152.10 
9904,5/4/2016,2208,United States,Female,8.5, $189.00 
9905,5/4/2016,2240,United States,Male,8, $79.50 
9906,5/4/2016,2153,United States,Male,10.5, $161.10 
9907,5/4/2016,2206,Germany,Male,9, $199.00 
9908,5/4/2016,2157,United States,Male,8.5, $127.20 
9909,5/4/2016,2198,Canada,Male,7, $111.30 
9910,5/4/2016,2195,Canada,Female,8.5, $179.00 
9911,5/4/2016,2206,United States,Male,10, $127.20 
9912,5/4/2016,2238,Canada,Female,9, $179.00 
9913,5/5/2016,2190,Canada,Male,11, $125.10 
9914,5/5/2016,2220,United States,Female,9.5, $94.50 
9915,5/5/2016,2191,United States,Female,8.5, $94.50 
9916,5/5/2016,2195,United Kingdom,Male,10.5, $170.10 
9917,5/5/2016,2220,Germany,Female,8.5, $139.00 
9918,5/5/2016,2180,United States,Female,8, $149.00 
9919,5/5/2016,2170,United States,Male,10.5, $134.10 
9920,5/5/2016,2150,United States,Female,8, $79.50 
9921,5/5/2016,2152,United States,Female,8, $69.50 
9922,5/5/2016,2150,United States,Male,9, $179.00 
9923,5/5/2016,2232,United States,Female,8, $199.00 
9924,5/5/2016,2157,United Kingdom,Female,7, $149.00 
9925,5/5/2016,2180,United States,Female,9.5, $149.00 
9926,5/5/2016,2161,United States,Male,8.5, $116.10 
9927,5/5/2016,2190,Germany,Male,11, $125.10 
9928,5/5/2016,2229,United Kingdom,Male,9.5, $179.00 
9929,5/5/2016,2207,United States,Male,10.5, $179.10 
9930,5/5/2016,2147,United States,Female,8.5, $189.00 
9931,5/6/2016,2153,Germany,Male,15, $161.10 
9932,5/6/2016,2183,Canada,Male,9.5, $104.30 
9933,5/6/2016,2202,Germany,Male,7.5, $179.00 
9934,5/6/2016,2169,Germany,Male,9.5, $129.00 
9935,5/6/2016,2175,United States,Male,10.5, $90.30 
9936,5/6/2016,2171,Germany,Female,8.5, $159.00 
9937,5/6/2016,2240,Germany,Female,9, $143.10 
9938,5/6/2016,2154,United States,Female,8, $97.30 
9939,5/6/2016,2240,United States,Male,9, $127.20 
9940,5/6/2016,2172,Canada,Female,8, $119.20 
9941,5/6/2016,2217,United States,Female,8, $151.20 
9942,5/6/2016,2206,United States,Male,9.5, $149.00 
9943,5/6/2016,2174,United States,Female,8, $159.20 
9944,5/6/2016,2191,United States,Female,8.5, $149.00 
9945,5/6/2016,2204,United States,Male,9.5, $116.10 
9946,5/6/2016,2199,Germany,Male,11, $97.30 
9947,5/6/2016,2232,United Kingdom,Female,7, $169.00 
9948,5/6/2016,2217,United States,Male,15, $149.00 
9949,5/6/2016,2192,Canada,Male,10, $129.00 
9950,5/6/2016,2205,United States,Male,7.5, $152.10 
9951,5/6/2016,2184,United Kingdom,Unix,9, $79.50 
9952,5/6/2016,2174,United States,Male,8.5, $129.00 
9953,5/6/2016,2191,United States,Female,8.5, $149.00 
9954,5/6/2016,2150,United States,Male,9, $179.00 
9955,5/7/2016,2241,Canada,Female,9, $159.00 
9956,5/7/2016,2202,United States,Male,11.5, $132.30 
9957,5/7/2016,2148,Canada,Male,7.5, $179.00 
9958,5/7/2016,2160,United States,Male,11, $179.00 
9959,5/7/2016,2185,Germany,Male,8, $179.00 
9960,5/7/2016,2202,Germany,Female,8.5, $104.30 
9961,5/7/2016,2189,Germany,Female,9, $139.00 
9962,5/7/2016,2206,United States,Male,10, $127.20 
9963,5/7/2016,2184,Germany,Male,10.5, $149.00 
9964,5/7/2016,2209,United States,Male,7.5, $125.30 
9965,5/7/2016,2210,Germany,Male,9, $199.00 
9966,5/7/2016,2162,United Kingdom,Female,9, $125.10 
9967,5/7/2016,2181,United States,Female,8, $159.00 
9968,5/7/2016,2207,United States,Male,12, $169.00 
9969,5/7/2016,2180,United States,Female,9, $199.00 
9970,5/7/2016,2177,Germany,Female,12, $90.30 
9971,5/7/2016,2173,United Kingdom,Female,8.5, $143.20 
9972,5/7/2016,2169,United Kingdom,Male,10, $152.10 
9973,5/7/2016,2195,United States,Male,14, $129.00 
9974,5/7/2016,2204,United States,Male,9.5, $116.10 
9975,5/8/2016,2211,United States,Male,10.5, $118.30 
9976,5/8/2016,2147,Germany,Male,10, $159.00 
9977,5/8/2016,2219,Germany,Male,9.5, $129.00 
9978,5/8/2016,2168,Canada,Male,10, $129.00 
9979,5/8/2016,2179,Canada,Female,7.5, $179.10 
9980,5/8/2016,2183,Canada,Male,9.5, $104.30 
9981,5/8/2016,2236,United Kingdom,Male,10.5, $139.00 
9982,5/8/2016,2161,United States,Male,8.5, $116.10 
9983,5/8/2016,2234,United States,Male,9.5, $143.10 
9984,5/8/2016,2170,United States,Male,10, $169.00 
9985,5/8/2016,2230,United States,Male,9, $169.00 
9986,5/8/2016,2196,United Kingdom,Female,9, $103.20 
9987,5/8/2016,2228,United States,Male,9, $139.30 
9988,5/8/2016,2152,Canada,Female,7.5, $99.50 
9989,5/8/2016,2211,United States,Female,8, $169.00 
9990,5/8/2016,2217,Canada,Male,9, $199.00 
9991,5/8/2016,2231,United States,Male,8.5, $79.50 
9992,5/9/2016,2186,Canada,Male,11, $129.00 
9993,5/9/2016,2177,United Kingdom,Female,9, $189.00 
9994,5/9/2016,2240,United States,Male,9, $127.20 
9995,5/9/2016,2153,Germany,Male,15, $161.10 
9996,5/9/2016,2220,Germany,Female,8.5, $104.30 
9997,5/9/2016,2238,Germany,Male,10, $119.20 
9998,5/9/2016,2229,United Kingdom,Male,9.5, $179.00 
9999,5/9/2016,2212,United States,Male,10.5, $64.50 
10000,5/9/2016,2177,United States,Female,11.5, $74.50 
10001,5/9/2016,2235,Canada,,9, $129.00 
10002,5/9/2016,2213,Canada,Male,10.5, $129.00 
10003,5/9/2016,2180,United States,Female,8, $149.00 
10004,5/9/2016,2209,Canada,Female,12, $90.30 
10005,5/9/2016,2174,United States,Male,10.5, $179.10 
10006,5/10/2016,2196,Canada,Male,8.5, $104.30 
10007,5/10/2016,2238,United States,Male,10.5, $79.50 
10008,5/10/2016,2157,United States,Male,8.5, $139.00 
10009,5/10/2016,2241,United States,Female,8.5, $170.10 
10010,5/10/2016,2198,United States,Female,7.5, $199.00 
10011,5/10/2016,2159,United States,Female,6, $143.10 
10012,5/10/2016,2214,United Kingdom,Female,9, $111.20 
10013,5/10/2016,2206,United States,Male,10, $127.20 
10014,5/10/2016,2153,United States,Female,7, $94.50 
10015,5/10/2016,2184,Germany,Male,10.5, $149.00 
10016,5/10/2016,2235,United States,Male,8.5, $118.30 
10017,5/10/2016,2184,United States,Male,10, $129.00 
10018,5/10/2016,2234,United States,Male,9.5, $143.10 
10019,5/10/2016,2232,United States,Female,6, $161.10 
10020,5/10/2016,2187,United States,Female,7.5, $169.00 
10021,5/10/2016,2183,United States,Female,8.5, $125.10 
10022,5/10/2016,2211,United States,Male,10.5, $118.30 
10023,5/10/2016,2148,Canada,Male,7.5, $179.00 
10024,5/10/2016,2214,Germany,Male,10.5, $139.00 
10025,5/10/2016,2214,United Kingdom,Female,8, $134.10 
10026,5/11/2016,2196,Canada,Male,8.5, $89.50 
10027,5/11/2016,2206,United States,Male,9.5, $149.00 
10028,5/11/2016,2238,United States,Male,10.5, $79.50 
10029,5/11/2016,2232,United States,Male,6, $119.20 
10030,5/11/2016,2197,United States,Female,10, $179.00 
10031,5/11/2016,2173,Germany,Male,10.5, $125.10 
10032,5/11/2016,2225,United States,Female,7.5, $161.10 
10033,5/11/2016,2183,Canada,Male,9.5, $104.30 
10034,5/11/2016,2160,Canada,Male,12, $169.00 
10035,5/11/2016,2147,United States,Female,8.5, $189.00 
10036,5/11/2016,2149,Germany,Female,8.5, $139.00 
10037,5/11/2016,2240,United States,Male,9, $127.20 
10038,5/11/2016,2221,Germany,Male,9, $132.30 
10039,5/11/2016,2172,Germany,Female,8.5, $179.00 
10040,5/11/2016,2192,United States,Male,7, $169.00 
10041,5/11/2016,2160,Canada,Male,9.5, $179.00 
10042,5/11/2016,2220,United States,Male,10, $161.10 
10043,5/11/2016,2153,Canada,Male,11, $118.30 
10044,5/11/2016,2180,Germany,Female,8.5, $139.00 
10045,5/11/2016,2172,Germany,Male,9.5, $189.00 
10046,5/11/2016,2188,Canada,Male,9.5, $189.00 
10047,5/11/2016,2214,United Kingdom,Female,8, $179.00 
10048,5/12/2016,2170,United Kingdom,Male,8, $143.10 
10049,5/12/2016,2161,United States,Female,8, $127.20 
10050,5/12/2016,2148,United States,Female,7, $179.10 
10051,5/12/2016,2212,United States,Unix,11.5, $111.20 
10052,5/12/2016,2156,United Kingdom,Female,8, $143.10 
10053,5/12/2016,2225,United States,Male,10.5, $90.30 
10054,5/12/2016,2240,United States,Male,8, $79.50 
10055,5/12/2016,2173,Germany,Male,8.5, $179.00 
10056,5/12/2016,2206,Germany,Female,8, $125.30 
10057,5/12/2016,2217,Canada,Male,9, $199.00 
10058,5/12/2016,2181,Canada,Female,9, $139.30 
10059,5/12/2016,2150,United States,Male,9, $179.00 
10060,5/12/2016,2157,United States,Male,8.5, $139.00 
10061,5/12/2016,2190,Canada,Male,8, $189.00 
10062,5/12/2016,2177,Canada,Male,9.5, $94.50 
10063,5/12/2016,2177,Canada,Female,9.5, $189.00 
10064,5/12/2016,2226,United States,Male,10.5, $179.00 
10065,5/12/2016,2169,Canada,Male,11, $79.50 
10066,5/12/2016,2212,United States,Male,9.5, $159.00 
10067,5/12/2016,2214,United States,Male,7, $64.50 
10068,5/12/2016,2191,Germany,Female,8.5, $169.00 
10069,5/12/2016,2182,Germany,Male,10.5, $149.00 
10070,5/12/2016,2152,Canada,Female,7.5, $99.50 
10071,5/12/2016,2214,United Kingdom,Female,8, $139.00 
10072,5/13/2016,2225,United States,Female,8, $179.00 
10073,5/13/2016,2221,United States,Female,9, $127.20 
10074,5/13/2016,2154,Germany,Male,10.5, $159.20 
10075,5/13/2016,2198,United States,Male,7.5, $169.00 
10076,5/13/2016,2190,United States,Male,9.5, $199.00 
10077,5/13/2016,2193,United Kingdom,Female,9, $127.20 
10078,5/13/2016,2148,Germany,Male,8.5, $152.10 
10079,5/13/2016,2215,Canada,Female,9, $199.00 
10080,5/13/2016,2209,Germany,Female,8, $159.00 
10081,5/13/2016,2192,United Kingdom,Female,8, $74.50 
10082,5/13/2016,2201,United Kingdom,Male,9.5, $149.00 
10083,5/13/2016,2234,United States,Female,11.5, $159.00 
10084,5/13/2016,2160,Canada,Male,12, $169.00 
10085,5/13/2016,2188,Canada,Female,7, $199.00 
10086,5/13/2016,2227,Canada,Female,8, $125.30 
10087,5/13/2016,2241,Canada,Female,8.5, $179.00 
10088,5/13/2016,2162,United States,Female,9.5, $125.10 
10089,5/13/2016,2158,United States,Male,10.5, $127.20 
10090,5/13/2016,2167,United States,Female,7, $199.00 
10091,5/13/2016,2232,Germany,Female,8, $99.50 
10092,5/13/2016,2240,Germany,Male,9, $125.30 
10093,5/13/2016,2174,Germany,Female,8.5, $127.20 
10094,5/13/2016,2206,United States,Female,8.5, $89.50 
10095,5/13/2016,2213,Canada,Male,10.5, $129.00 
10096,5/13/2016,2232,Canada,Female,8, $179.00 
10097,5/14/2016,2155,Canada,Female,9, $64.50 
10098,5/14/2016,2169,United States,Female,8.5, $149.00 
10099,5/14/2016,2242,United States,Female,9.5, $199.00 
10100,5/14/2016,2166,Germany,Female,9, $125.30 
10101,5/14/2016,2168,United Kingdom,Unix,, $151.20 
10102,5/14/2016,2210,Germany,Male,9, $199.00 
10103,5/14/2016,2194,United States,Male,8, $125.10 
10104,5/14/2016,2177,United States,Female,11.5, $74.50 
10105,5/14/2016,2235,United States,Male,8.5, $118.30 
10106,5/14/2016,2170,United Kingdom,Female,10.5, $199.00 
10107,5/14/2016,2153,Germany,Male,8.5, $179.10 
10108,5/14/2016,2240,Germany,Male,10, $149.00 
10109,5/14/2016,2220,Germany,Female,8.5, $139.00 
10110,5/14/2016,2187,United Kingdom,Female,9, $149.00 
10111,5/15/2016,2167,United Kingdom,Female,9, $179.00 
10112,5/15/2016,2206,United States,Male,8, $159.00 
10113,5/15/2016,2241,United States,Female,8.5, $125.10 
10114,5/15/2016,2197,United States,Female,7.5, $151.20 
10115,5/15/2016,2214,United States,Male,8, $179.00 
10116,5/15/2016,2202,Canada,Male,11.5, $149.00 
10117,5/15/2016,2189,United States,Female,9.5, $189.00 
10118,5/15/2016,2197,United States,Male,9.5, $118.30 
10119,5/15/2016,2239,Germany,Female,9, $149.00 
10120,5/15/2016,2239,United Kingdom,Female,8, $97.30 
10121,5/15/2016,2160,United Kingdom,Male,9.5, $84.50 
10122,5/15/2016,2158,Germany,Male,10.5, $169.00 
10123,5/15/2016,2184,Canada,Male,9, $129.00 
10124,5/15/2016,2206,United States,Male,14, $179.00 
10125,5/15/2016,2234,United States,Male,9.5, $143.10 
10126,5/15/2016,2219,Germany,Male,9, $169.00 
10127,5/15/2016,2157,Germany,Female,8, $159.00 
10128,5/15/2016,2232,Germany,Female,8, $99.50 
10129,5/15/2016,2171,Germany,Female,8.5, $159.00 
10130,5/15/2016,2150,United States,Male,9.5, $189.00 
10131,5/15/2016,2152,United States,Female,8.5, $199.00 
10132,5/15/2016,2227,United States,Female,9, $179.00 
10133,5/15/2016,2147,United States,Male,9, $149.00 
10134,5/15/2016,2222,United States,Male,9.5, $189.00 
10135,5/16/2016,2209,United Kingdom,Male,10, $132.30 
10136,5/16/2016,2214,United States,Male,7, $64.50 
10137,5/16/2016,2206,United States,Male,8, $159.00 
10138,5/16/2016,2175,Germany,Male,10, $159.20 
10139,5/16/2016,2183,Germany,Male,9.5, $199.00 
10140,5/16/2016,2230,United States,Female,9, $169.00 
10141,5/16/2016,2236,United States,Male,8.5, $179.00 
10142,5/16/2016,2222,Canada,Male,10, $129.00 
10143,5/16/2016,2158,Germany,Female,9, $199.00 
10144,5/16/2016,2219,United States,Male,7, $159.00 
10145,5/16/2016,2229,Germany,Female,9, $179.00 
10146,5/16/2016,2237,United States,Female,8, $189.00 
10147,5/16/2016,2193,United States,Female,8.5, $152.10 
10148,5/16/2016,2206,United States,Male,11, $90.30 
10149,5/16/2016,2147,United States,Female,8, $179.00 
10150,5/16/2016,2213,Canada,Female,7.5, $111.30 
10151,5/16/2016,2215,United States,Unix,8, $169.00 
10152,5/16/2016,2191,Germany,Male,11.5, $179.00 
10153,5/16/2016,2209,Germany,Female,8, $159.00 
10154,5/16/2016,2229,United States,Male,9, $149.00 
10155,5/16/2016,2150,Germany,Male,9.5, $179.00 
10156,5/16/2016,2221,United States,Female,9, $99.50 
10157,5/17/2016,2238,United Kingdom,Male,8, $79.50 
10158,5/17/2016,2158,United States,Male,10.5, $127.20 
10159,5/17/2016,2214,United States,Male,7, $64.50 
10160,5/17/2016,2221,Germany,Male,9, $132.30 
10161,5/17/2016,2179,United States,Female,8, $139.00 
10162,5/17/2016,2165,United States,Female,9.5, $199.00 
10163,5/17/2016,2222,United States,Female,9, $79.50 
10164,5/17/2016,2236,United States,Male,10, $116.10 
10165,5/17/2016,2196,Canada,Female,7.5, $169.00 
10166,5/17/2016,2232,United States,Male,11, $119.20 
10167,5/17/2016,2216,United States,Female,9, $139.00 
10168,5/17/2016,2240,United States,Male,8, $79.50 
10169,5/17/2016,2217,United States,Male,10, $149.00 
10170,5/17/2016,2193,United States,Female,8.5, $152.10 
10171,5/17/2016,2206,Germany,Male,10.5, $199.00 
10172,5/17/2016,2172,Canada,Male,7.5, $99.50 
10173,5/17/2016,2201,Canada,Male,10, $199.00 
10174,5/17/2016,2188,Canada,Male,9.5, $189.00 
10175,5/17/2016,2206,Germany,Male,9.5, $103.20 
10176,5/17/2016,2184,Germany,Male,9.5, $159.00 
10177,5/17/2016,2180,United Kingdom,Male,10.5, $161.10 
10178,5/17/2016,2204,United States,Female,8, $104.30 
10179,5/17/2016,2209,Germany,Female,8.5, $179.10 
10180,5/17/2016,2239,United States,Male,9, $179.00 
10181,5/17/2016,2241,United States,Female,8.5, $125.10 
10182,5/17/2016,2164,Germany,Male,11, $199.00 
10183,5/17/2016,2234,United States,Female,9.5, $159.00 
10184,5/17/2016,2219,Canada,Male,9, $179.10 
10185,5/17/2016,2219,United States,Male,7, $159.00 
10186,5/18/2016,2171,United States,Female,8, $119.20 
10187,5/18/2016,2239,United States,Male,7.5, $159.00 
10188,5/18/2016,2164,Germany,Female,9.5, $169.00 
10189,5/18/2016,2216,Germany,Female,8.5, $129.00 
10190,5/18/2016,2207,United States,Female,9.5, $90.30 
10191,5/18/2016,2171,United Kingdom,Male,11, $199.00 
10192,5/18/2016,2180,United States,Male,9.5, $143.20 
10193,5/18/2016,2208,United States,Male,8.5, $159.00 
10194,5/18/2016,2206,United States,Female,9, $139.00 
10195,5/18/2016,2198,Canada,Female,9, $179.00 
10196,5/18/2016,2220,Germany,Male,9.5, $149.00 
10197,5/18/2016,2205,United States,Female,7.5, $199.00 
10198,5/18/2016,2198,United States,Male,7.5, $169.00 
10199,5/18/2016,2152,Germany,Male,9, $149.00 
10200,5/18/2016,2172,Canada,Male,7.5, $99.50 
10201,5/18/2016,2231,,Unix,10.5, $69.50 
10202,5/18/2016,2206,Germany,Male,9.5, $103.20 
10203,5/18/2016,2216,United States,Female,9, $139.00 
10204,5/18/2016,2147,United States,Female,8, $179.00 
10205,5/18/2016,2179,United States,Male,10.5, $116.10 
10206,5/18/2016,2196,United States,Male,12, $159.00 
10207,5/18/2016,2206,United States,Male,8, $159.00 
10208,5/18/2016,2237,Canada,Female,8, $129.00 
10209,5/18/2016,2220,Germany,Male,11, $90.30 
10210,5/18/2016,2213,Canada,Male,10.5, $149.00 
10211,5/19/2016,2232,United States,Female,8, $199.00 
10212,5/19/2016,2237,United States,Male,8, $189.00 
10213,5/19/2016,2152,United States,Male,10.5, $139.30 
10214,5/19/2016,2216,United Kingdom,Female,9, $170.10 
10215,5/19/2016,2178,United States,Female,8.5, $169.00 
10216,5/19/2016,2147,United States,Male,8, $161.10 
10217,5/19/2016,2213,United States,Female,9, $189.00 
10218,5/19/2016,2197,Germany,Male,9, $111.30 
10219,5/19/2016,2168,United Kingdom,Female,8, $139.30 
10220,5/19/2016,2171,United Kingdom,Male,11, $199.00 
10221,5/19/2016,2201,Canada,Male,10, $199.00 
10222,5/19/2016,2206,Germany,Male,10.5, $199.00 
10223,5/19/2016,2180,Germany,Female,8.5, $139.00 
10224,5/19/2016,2175,Canada,Male,7.5, $139.00 
10225,5/19/2016,2175,United States,Male,9, $97.30 
10226,5/19/2016,2179,Germany,Male,9.5, $119.20 
10227,5/20/2016,2209,Canada,Female,6, $143.10 
10228,5/20/2016,2196,United States,Female,8, $103.20 
10229,5/20/2016,2232,United States,Female,8, $199.00 
10230,5/20/2016,2221,United States,Male,8.5, $116.10 
10231,5/20/2016,2199,United States,Male,9.5, $159.00 
10232,5/20/2016,2216,Germany,Female,8.5, $129.00 
10233,5/20/2016,2239,United States,Male,10, $134.10 
10234,5/20/2016,2167,United Kingdom,Female,9, $179.00 
10235,5/20/2016,2229,United States,Male,9, $149.00 
10236,5/20/2016,2166,United States,Female,8.5, $139.00 
10237,5/20/2016,2180,United States,Female,9, $99.50 
10238,5/20/2016,2234,Germany,Male,9, $135.20 
10239,5/20/2016,2165,Germany,Male,10.5, $129.00 
10240,5/20/2016,2172,Canada,Male,7.5, $99.50 
10241,5/20/2016,2237,United Kingdom,Female,8.5, $151.20 
10242,5/20/2016,2212,United States,Male,10.5, $90.30 
10243,5/20/2016,2147,Germany,Female,10, $179.00 
10244,5/20/2016,2163,United States,Male,11, $159.00 
10245,5/20/2016,2168,Canada,Male,12, $189.00 
10246,5/20/2016,2195,United States,Male,11.5, $159.20 
10247,5/21/2016,2220,United States,Female,9, $159.00 
10248,5/21/2016,2212,Germany,Male,10.5, $129.00 
10249,5/21/2016,2190,Canada,Male,6.5, $199.00 
10250,5/21/2016,2216,Canada,Male,8.5, $89.50 
10251,5/21/2016,2209,United Kingdom,Unix,10, $132.30 
10252,5/21/2016,2217,Canada,Male,9, $116.10 
10253,5/21/2016,2203,United States,Female,7.5, $139.30 
10254,5/21/2016,2239,United States,Male,9, $161.10 
10255,5/21/2016,2210,United States,Female,5, $170.10 
10256,5/21/2016,2202,United States,Male,8.5, $143.20 
10257,5/21/2016,2189,Germany,Male,11, $179.00 
10258,5/21/2016,2223,Germany,Female,9.5, $135.20 
10259,5/21/2016,2217,Canada,Female,7.5, $129.00 
10260,5/21/2016,2193,United States,Male,10.5, $199.00 
10261,5/22/2016,2178,United States,Female,9, $169.00 
10262,5/22/2016,2201,United Kingdom,Male,10.5, $149.00 
10263,5/22/2016,2184,United States,Female,8.5, $159.00 
10264,5/22/2016,2147,United States,Female,8.5, $169.00 
10265,5/22/2016,2237,Germany,Female,6, $199.00 
10266,5/22/2016,2225,United States,Male,9.5, $129.00 
10267,5/22/2016,2147,Canada,Male,9.5, $149.00 
10268,5/22/2016,2224,Canada,Male,9, $79.50 
10269,5/22/2016,2233,Germany,Male,10, $169.00 
10270,5/22/2016,2159,Germany,Female,4.5, $143.10 
10271,5/22/2016,2242,Canada,Female,9.5, $127.20 
10272,5/22/2016,2219,Germany,Male,9, $169.00 
10273,5/22/2016,2225,United Kingdom,Female,9.5, $149.00 
10274,5/22/2016,2193,Germany,Male,8.5, $111.30 
10275,5/22/2016,2184,Canada,Male,9, $129.00 
10276,5/22/2016,2200,Canada,Female,9.5, $169.00 
10277,5/22/2016,2171,United States,Female,8, $119.20 
10278,5/22/2016,2240,United States,Female,7.5, $143.20 
10279,5/22/2016,2180,Germany,Female,10.5, $159.20 
10280,5/23/2016,2189,Germany,Male,9, $199.00 
10281,5/23/2016,2149,Germany,Female,7.5, $170.10 
10282,5/23/2016,2241,United Kingdom,Female,9, $139.30 
10283,5/23/2016,2218,United States,Male,10.5, $199.00 
10284,5/23/2016,2184,United States,Female,8.5, $159.00 
10285,5/23/2016,2223,Canada,Male,9, $179.00 
10286,5/23/2016,2148,Germany,Male,7.5, $118.30 
10287,5/23/2016,2202,Germany,Male,10.5, $139.00 
10288,5/23/2016,2242,Germany,Female,6, $199.00 
10289,5/23/2016,2200,Canada,Female,5.5, $104.30 
10290,5/23/2016,2191,United Kingdom,Male,10, $116.10 
10291,5/23/2016,2223,United States,Male,9.5, $170.10 
10292,5/23/2016,2202,United States,Female,8.5, $149.00 
10293,5/23/2016,2166,Germany,Male,12, $149.00 
10294,5/23/2016,2228,United States,Male,9.5, $149.00 
10295,5/23/2016,2238,United Kingdom,Female,7.5, $111.20 
10296,5/23/2016,2229,United States,Female,7.5, $69.50 
10297,5/23/2016,2239,United States,Male,7.5, $159.00 
10298,5/24/2016,2221,Germany,Male,10.5, $149.00 
10299,5/24/2016,2217,Canada,Male,9, $116.10 
10300,5/24/2016,2188,United Kingdom,Male,10, $129.00 
10301,,2180,United States,Unix,9.5, $143.20 
10302,5/24/2016,2218,United States,Male,10.5, $199.00 
10303,5/24/2016,2166,United Kingdom,Male,6, $159.00 
10304,5/24/2016,2223,Germany,Male,10, $199.00 
10305,5/24/2016,2178,Germany,Male,10, $189.00 
10306,5/24/2016,2213,United States,Male,13, $79.50 
10307,5/24/2016,2164,Canada,Male,11.5, $129.00 
10308,5/24/2016,2233,Germany,Female,9, $64.50 
10309,5/24/2016,2172,United States,Female,8, $135.20 
10310,5/24/2016,2211,Canada,Male,8.5, $159.00 
10311,5/24/2016,2210,United States,Male,9, $179.00 
10312,5/24/2016,2223,United States,Male,9.5, $170.10 
10313,5/24/2016,2207,Germany,Male,15, $139.00 
10314,5/24/2016,2200,Germany,Female,7, $170.10 
10315,5/24/2016,2220,Germany,Male,9.5, $149.00 
10316,5/24/2016,2237,United States,Female,8, $189.00 
10317,5/25/2016,2234,Germany,Female,7.5, $129.00 
10318,5/25/2016,2200,Canada,Male,9, $159.00 
10319,5/25/2016,2217,United Kingdom,Male,11, $139.30 
10320,5/25/2016,2241,United Kingdom,Female,9, $139.30 
10321,5/25/2016,2225,Germany,Male,8.5, $199.00 
10322,5/25/2016,2213,United States,Female,7.5, $132.30 
10323,5/25/2016,2152,United States,Female,8, $69.50 
10324,5/25/2016,2236,United Kingdom,Male,8, $159.00 
10325,5/25/2016,2232,United Kingdom,Male,8.5, $149.00 
10326,5/25/2016,2222,Canada,Male,14, $149.00 
10327,5/25/2016,2161,United States,Male,9.5, $139.00 
10328,5/25/2016,2201,Canada,Male,12, $199.00 
10329,5/25/2016,2207,United States,Female,9.5, $103.20 
10330,5/25/2016,2177,United States,Female,8, $74.50 
10331,5/25/2016,2192,Canada,Male,11, $179.00 
10332,5/25/2016,2239,United States,Male,9, $179.00 
10333,5/25/2016,2210,United States,Male,9, $179.00 
10334,5/25/2016,2204,Germany,Female,8, $111.20 
10335,5/25/2016,2232,Canada,Female,10, $169.00 
10336,5/26/2016,2193,United Kingdom,Male,9.5, $64.50 
10337,5/26/2016,2228,Germany,Female,7.5, $159.00 
10338,5/26/2016,2242,Germany,Male,11.5, $119.20 
10339,5/26/2016,2188,United Kingdom,Male,10, $129.00 
10340,5/26/2016,2152,Germany,Male,9.5, $169.00 
10341,5/26/2016,2236,United Kingdom,Male,10.5, $139.00 
10342,5/26/2016,2201,United Kingdom,Male,10.5, $149.00 
10343,5/26/2016,2158,United States,Male,8, $139.00 
10344,5/26/2016,2164,Canada,Male,11.5, $129.00 
10345,5/26/2016,2178,United States,Male,8.5, $199.00 
10346,5/26/2016,2168,Canada,Male,12, $189.00 
10347,5/26/2016,2237,United Kingdom,Male,9.5, $149.00 
10348,5/26/2016,2153,United States,Female,8, $179.00 
10349,5/26/2016,2218,United States,Male,9, $199.00 
10350,5/26/2016,2183,Germany,Male,9.5, $199.00 
10351,5/26/2016,2196,Germany,Unix,10, $129.00 
10352,5/26/2016,2228,Germany,Female,8.5, $111.30 
10353,5/26/2016,2237,United States,Female,8, $116.10 
10354,5/26/2016,2168,Germany,Female,6.5, $159.00 
10355,5/26/2016,2169,Canada,Female,10, $159.20 
10356,5/26/2016,2168,United Kingdom,Female,8, $139.30 
10357,5/26/2016,2180,United Kingdom,Female,11.5, $129.00 
10358,5/26/2016,2224,United States,Male,11, $152.10 
10359,5/26/2016,2196,United States,Female,6.5, $111.20 
10360,5/26/2016,2214,Germany,Male,10, $125.10 
10361,5/27/2016,2158,United Kingdom,Male,9, $127.20 
10362,5/27/2016,2192,Germany,Male,10.5, $199.00 
10363,5/27/2016,2184,Germany,Male,10, $159.00 
10364,5/27/2016,2223,Canada,Female,6.5, $119.20 
10365,5/27/2016,2153,Germany,Female,8, $132.30 
10366,5/27/2016,2177,United Kingdom,Female,9, $189.00 
10367,5/27/2016,2226,Canada,Male,11.5, $99.50 
10368,5/27/2016,2201,Canada,Male,12, $199.00 
10369,5/27/2016,2177,United States,Male,9, $118.30 
10370,5/27/2016,2204,Germany,Male,9, $179.00 
10371,5/27/2016,2200,Germany,Male,9.5, $169.00 
10372,5/27/2016,2208,United States,Male,14, $199.00 
10373,5/27/2016,2148,Germany,Male,7.5, $118.30 
10374,5/27/2016,2206,United States,Male,6, $129.00 
10375,5/27/2016,2165,United States,Female,8, $189.00 
10376,5/27/2016,2165,Germany,Male,10.5, $129.00 
10377,5/27/2016,2209,Canada,Male,10, $159.00 
10378,5/27/2016,2213,United States,Male,13, $79.50 
10379,5/27/2016,2224,United States,Male,11, $152.10 
10380,5/27/2016,2182,Germany,Male,8.5, $111.30 
10381,5/27/2016,2203,United States,Male,10, $159.00 
10382,5/28/2016,2166,United Kingdom,Male,6, $159.00 
10383,5/28/2016,2226,Germany,Female,7.5, $189.00 
10384,5/28/2016,2188,Germany,Male,10, $90.30 
10385,5/28/2016,2236,Germany,Male,10.5, $139.30 
10386,5/28/2016,2157,United States,Male,9, $199.00 
10387,5/28/2016,2234,United States,Male,11, $125.10 
10388,5/28/2016,2227,United States,Male,10.5, $69.50 
10389,5/28/2016,2238,Germany,Male,9.5, $159.00 
10390,5/28/2016,2204,Germany,Male,9, $179.00 
10391,5/28/2016,2200,Germany,Male,9.5, $169.00 
10392,5/28/2016,2163,United States,Female,6.5, $99.50 
10393,5/28/2016,2164,United Kingdom,Male,10.5, $179.00 
10394,5/28/2016,2179,Canada,Male,8.5, $189.00 
10395,5/28/2016,2215,Canada,Male,10, $104.30 
10396,5/28/2016,2232,United Kingdom,Male,8.5, $149.00 
10397,5/28/2016,2239,United States,Male,9, $161.10 
10398,5/28/2016,2223,Germany,Female,6.5, $139.30 
10399,5/28/2016,2222,Canada,Male,14, $149.00 
10400,5/28/2016,2161,United States,Male,9.5, $139.00 
10401,5/28/2016,2213,United States,Unix,13, $79.50 
10402,5/29/2016,2240,Canada,Female,7.5, $169.00 
10403,5/29/2016,2163,Germany,Male,9.5, $179.00 
10404,5/29/2016,2175,United States,Female,7.5, $159.00 
10405,5/29/2016,2152,Canada,Female,9, $189.00 
10406,5/29/2016,2199,United Kingdom,Male,10, $149.00 
10407,5/29/2016,2218,United States,Male,9.5, $179.00 
10408,5/29/2016,2182,United States,Male,11, $79.50 
10409,5/29/2016,2232,United States,Male,10.5, $84.50 
10410,5/29/2016,2238,Germany,Male,9.5, $159.00 
10411,5/29/2016,2203,Germany,Male,11, $169.00 
10412,5/29/2016,2193,United Kingdom,Male,9.5, $64.50 
10413,5/29/2016,2184,United States,Female,9, $127.20 
10414,5/29/2016,2201,United States,Male,12, $129.00 
10415,5/29/2016,2241,Canada,Male,10.5, $94.50 
10416,5/29/2016,2180,Germany,Female,7.5, $139.00 
10417,5/29/2016,2164,Canada,Male,11.5, $129.00 
10418,5/29/2016,2206,United States,Male,6, $129.00 
10419,5/29/2016,2147,United States,Female,8.5, $152.10 
10420,5/30/2016,2209,Canada,Male,10, $159.00 
10421,5/30/2016,2153,United States,Female,8, $179.00 
10422,5/30/2016,2234,Germany,Female,8.5, $116.10 
10423,5/30/2016,2219,Canada,Female,8.5, $179.00 
10424,5/30/2016,2198,Canada,Female,9, $179.00 
10425,5/30/2016,2177,United States,Male,10, $159.00 
10426,5/30/2016,2237,United States,Male,9.5, $159.00 
10427,5/30/2016,2233,Canada,Female,11, $111.30 
10428,5/30/2016,2229,United States,Male,8, $179.00 
10429,5/30/2016,2167,Germany,Male,12, $127.20 
10430,5/30/2016,2194,Germany,Male,9, $79.50 
10431,5/30/2016,2213,Canada,Male,10, $199.00 
10432,5/30/2016,2158,United Kingdom,Male,9, $127.20 
10433,5/30/2016,2198,United Kingdom,Male,8.5, $179.00 
10434,5/30/2016,2192,United States,Female,9, $111.30 
10435,5/30/2016,2156,United States,Male,14, $103.20 
10436,5/30/2016,2180,United Kingdom,Female,11.5, $129.00 
10437,5/30/2016,2226,Germany,Female,7, $149.00 
10438,5/30/2016,2160,Germany,Female,7, $149.00 
10439,5/30/2016,2242,Germany,Male,11.5, $119.20 
10440,5/31/2016,2187,United States,Male,9.5, $139.30 
10441,5/31/2016,2194,Canada,Male,11.5, $99.50 
10442,5/31/2016,2222,Canada,Male,14, $149.00 
10443,5/31/2016,2193,Germany,Female,10.5, $125.10 
10444,5/31/2016,2200,Germany,Male,9.5, $169.00 
10445,5/31/2016,2186,United Kingdom,Male,10.5, $159.00 
10446,5/31/2016,2174,Germany,Male,10, $189.00 
10447,5/31/2016,2237,Canada,Male,10, $159.00 
10448,5/31/2016,2198,United States,Female,8.5, $149.00 
10449,5/31/2016,2173,Germany,Male,8.5, $143.10 
10450,5/31/2016,2167,Germany,Male,12, $127.20 
10451,5/31/2016,2218,Germany,Unix,7.5, $129.00 
10452,5/31/2016,2240,Canada,Female,7.5, $169.00 
10453,5/31/2016,2177,Canada,Male,9.5, $159.00 
10454,5/31/2016,2195,Germany,Male,10, $129.00 
10455,5/31/2016,2227,Canada,Male,9, $64.50 
10456,5/31/2016,2224,United States,Male,11, $152.10 
10457,5/31/2016,2212,United States,Male,11, $116.10 
10458,5/31/2016,2241,United States,Female,8.5, $127.20 
10459,6/1/2016,2205,Germany,Male,9, $139.00 
10460,6/1/2016,2198,Canada,Female,9, $69.50 
10461,6/1/2016,2194,Canada,Male,11.5, $99.50 
10462,6/1/2016,2164,United Kingdom,Male,10.5, $179.00 
10463,6/1/2016,2176,Germany,Male,10, $169.00 
10464,6/1/2016,2225,Germany,Female,8.5, $84.50 
10465,6/1/2016,2165,Germany,Female,4.5, $149.00 
10466,6/1/2016,2147,Canada,Male,8.5, $129.00 
10467,6/1/2016,2225,Germany,Male,12, $139.00 
10468,6/1/2016,2210,Germany,Male,10.5, $199.00 
10469,6/1/2016,2157,Germany,Female,7.5, $161.10 
10470,6/1/2016,2209,Germany,Male,9.5, $94.50 
10471,6/1/2016,2175,United States,Female,7.5, $159.00 
10472,6/1/2016,2209,Canada,Male,10, $159.00 
10473,6/1/2016,2164,Canada,Male,8.5, $132.30 
10474,6/1/2016,2232,United Kingdom,Male,8.5, $149.00 
10475,6/1/2016,2235,United Kingdom,Male,12, $159.00 
10476,6/1/2016,2211,Germany,Male,11.5, $125.10 
10477,6/1/2016,2150,United States,Female,7, $169.00 
10478,6/1/2016,2236,United States,Female,7.5, $90.30 
10479,6/1/2016,2215,United States,Male,10.5, $199.00 
10480,6/1/2016,2159,Germany,Female,4.5, $143.10 
10481,6/1/2016,2218,United States,Male,9.5, $179.00 
10482,6/1/2016,2204,United States,Male,10.5, $116.10 
10483,6/2/2016,2168,United States,Female,8, $135.20 
10484,6/2/2016,2225,United States,Male,9.5, $129.00 
10485,6/2/2016,2184,United States,Female,9, $127.20 
10486,6/2/2016,2193,United Kingdom,Male,9.5, $64.50 
10487,6/2/2016,2162,Canada,Male,10, $116.10 
10488,6/2/2016,2237,Germany,Female,10.5, $179.00 
10489,6/2/2016,2172,United Kingdom,Male,9, $170.10 
10490,6/2/2016,2181,United Kingdom,Female,8, $89.50 
10491,6/2/2016,2186,United Kingdom,Male,10.5, $159.00 
10492,6/2/2016,2219,United Kingdom,Male,9.5, $170.10 
10493,6/2/2016,2240,Germany,Male,12, $189.00 
10494,6/2/2016,2176,Canada,Male,9, $169.00 
10495,6/2/2016,2170,United States,Female,6.5, $74.50 
10496,6/2/2016,2161,Germany,Male,10.5, $159.00 
10497,6/2/2016,2237,Canada,Female,9, $94.50 
10498,6/2/2016,2159,Germany,Female,4.5, $143.10 
10499,6/2/2016,2179,Canada,Male,10.5, $179.10 
10500,6/2/2016,2184,Germany,Male,9.5, $169.00 
10501,6/2/2016,2209,United States,,10, $125.10 
10502,6/3/2016,2156,United States,Male,14, $103.20 
10503,6/3/2016,2198,Germany,Male,10, $129.00 
10504,6/3/2016,2195,United States,Female,9, $143.10 
10505,6/3/2016,2156,Canada,Female,7.5, $149.00 
10506,6/3/2016,2205,United States,Female,9, $149.00 
10507,6/3/2016,2228,Canada,Female,7, $149.00 
10508,6/3/2016,2215,Germany,Female,7.5, $90.30 
10509,6/3/2016,2154,United Kingdom,Female,7.5, $134.10 
10510,6/3/2016,2199,United States,Male,12, $189.00 
10511,6/3/2016,2147,Germany,Male,10.5, $143.10 
10512,6/3/2016,2210,United Kingdom,Male,11, $129.00 
10513,6/3/2016,2224,Germany,Male,9.5, $149.00 
10514,6/3/2016,2180,Germany,Male,8, $111.30 
10515,6/3/2016,2218,United States,Male,9.5, $179.00 
10516,6/3/2016,2164,United Kingdom,Male,10.5, $179.00 
10517,6/3/2016,2208,United Kingdom,Male,10, $179.00 
10518,6/3/2016,2171,United States,Female,6.5, $189.00 
10519,6/3/2016,2228,United States,Male,10, $159.20 
10520,6/3/2016,2237,Canada,Male,10, $159.00 
10521,6/3/2016,2179,Canada,Male,10.5, $179.10 
10522,6/3/2016,2228,Germany,Male,8.5, $129.00 
10523,6/3/2016,2222,United States,Male,11, $97.30 
10524,6/3/2016,2228,Germany,Male,8.5, $129.00 
10525,6/3/2016,2221,United States,Male,6, $94.50 
10526,6/3/2016,2190,United States,Female,11.5, $89.50 
10527,6/3/2016,2188,Germany,Male,10, $90.30 
10528,6/4/2016,2150,Germany,Male,8, $189.00 
10529,6/4/2016,2155,Germany,Male,9, $74.50 
10530,6/4/2016,2221,United States,Female,7, $149.00 
10531,6/4/2016,2151,Germany,Male,12, $169.00 
10532,6/4/2016,2185,United States,Male,10.5, $64.50 
10533,6/4/2016,2192,Germany,Male,12, $151.20 
10534,6/4/2016,2211,Canada,Male,9.5, $149.00 
10535,6/4/2016,2204,Canada,Female,7.5, $139.00 
10536,6/4/2016,2238,Canada,Female,7, $97.30 
10537,6/4/2016,2159,Germany,Male,9, $129.00 
10538,6/4/2016,2175,United States,Female,9, $139.00 
10539,6/4/2016,2233,Germany,Male,15, $159.00 
10540,6/4/2016,2217,Germany,Male,7.5, $189.00 
10541,6/4/2016,2195,Germany,Male,10, $129.00 
10542,6/4/2016,2151,Canada,Female,9, $64.50 
10543,6/4/2016,2177,Canada,Male,9.5, $159.00 
10544,6/4/2016,2214,Canada,Male,9, $199.00 
10545,6/4/2016,2172,United States,Female,8, $64.50 
10546,6/4/2016,2148,Germany,Female,8.5, $99.50 
10547,6/4/2016,2179,Canada,Male,9.5, $169.00 
10548,6/4/2016,2186,United States,Male,11, $179.00 
10549,6/4/2016,2221,United States,Male,6, $94.50 
10550,6/4/2016,2188,United States,Female,9, $139.00 
10551,6/4/2016,2163,United States,Unix,10.5, $169.00 
10552,6/4/2016,2229,Germany,Female,8.5, $159.00 
10553,6/5/2016,2149,Germany,Male,9.5, $199.00 
10554,6/5/2016,2232,Germany,Female,8, $169.00 
10555,6/5/2016,2187,United States,Male,9.5, $139.30 
10556,6/5/2016,2231,Canada,Male,10, $189.00 
10557,6/5/2016,2232,Canada,Female,7.5, $169.00 
10558,6/5/2016,2224,United States,Male,9, $134.10 
10559,6/5/2016,2147,Germany,Male,7.5, $189.00 
10560,6/5/2016,2205,Canada,Male,9, $179.10 
10561,6/5/2016,2174,Germany,Male,9.5, $90.30 
10562,6/5/2016,2220,Canada,Male,9, $151.20 
10563,6/5/2016,2211,Canada,Male,9.5, $149.00 
10564,6/5/2016,2212,Canada,Female,7, $149.00 
10565,6/5/2016,2210,United States,Female,7.5, $99.50 
10566,6/5/2016,2179,United States,Female,5.5, $189.00 
10567,6/5/2016,2242,Germany,Male,9, $111.20 
10568,6/5/2016,2155,Germany,Male,9, $129.00 
10569,6/5/2016,2233,Germany,Male,15, $159.00 
10570,6/5/2016,2211,Germany,Male,11.5, $125.10 
10571,6/5/2016,2174,Germany,Male,10.5, $84.50 
10572,6/5/2016,2239,United States,Male,9, $179.00 
10573,6/5/2016,2232,United States,Male,8, $149.00 
10574,6/5/2016,2159,United States,Female,7.5, $179.00 
10575,6/5/2016,2179,United States,Male,9, $169.00 
10576,6/5/2016,2156,Germany,Male,11, $118.30 
10577,6/5/2016,2234,Germany,Male,9.5, $103.20 
10578,6/5/2016,2201,United States,Male,12, $129.00 
10579,6/5/2016,2186,United States,Male,11, $179.00 
10580,6/6/2016,2214,United Kingdom,Female,10, $94.50 
10581,6/6/2016,2241,United States,Female,8.5, $170.10 
10582,6/6/2016,2157,United States,Female,6.5, $139.00 
10583,6/6/2016,2149,United Kingdom,Female,8, $179.00 
10584,6/6/2016,2213,Canada,Male,10, $199.00 
10585,6/6/2016,2220,Canada,Male,9, $151.20 
10586,6/6/2016,2157,Germany,Male,10.5, $125.10 
10587,6/6/2016,2233,Germany,Male,15, $159.00 
10588,6/6/2016,2235,United States,Female,8.5, $139.00 
10589,6/6/2016,2156,United States,Female,8.5, $79.50 
10590,6/6/2016,2152,United States,Female,8.5, $129.00 
10591,6/6/2016,2148,United States,Male,9, $189.00 
10592,6/6/2016,2180,Germany,Male,11, $79.50 
10593,6/6/2016,2190,United States,Female,11.5, $89.50 
10594,6/7/2016,2182,United States,Male,8.5, $127.20 
10595,6/7/2016,2154,United States,Male,11.5, $90.30 
10596,6/7/2016,2199,United States,Male,12, $189.00 
10597,6/7/2016,2177,United States,Male,9.5, $199.00 
10598,6/7/2016,2212,United States,Female,8, $149.00 
10599,6/7/2016,2221,United States,Female,6.5, $143.20 
10600,6/7/2016,2241,United States,Female,7.5, $129.00 
10601,6/7/2016,2181,Canada,Unix,, $159.00 
10602,6/7/2016,2198,United States,Male,8.5, $170.10 
10603,6/7/2016,2235,United States,Female,8.5, $139.00 
10604,6/7/2016,2170,Germany,Female,7.5, $199.00 
10605,6/7/2016,2182,Germany,Male,9.5, $169.00 
10606,6/7/2016,2221,United States,Male,6, $94.50 
10607,6/8/2016,2184,United States,Male,9.5, $170.10 
10608,6/8/2016,2184,Germany,Male,9.5, $169.00 
10609,6/8/2016,2149,Germany,Male,9.5, $199.00 
10610,6/8/2016,2179,United Kingdom,Female,10, $119.20 
10611,6/8/2016,2240,Germany,Female,9.5, $139.00 
10612,6/8/2016,2238,United States,Male,10.5, $79.50 
10613,6/8/2016,2222,Germany,Female,7.5, $199.00 
10614,6/8/2016,2207,Canada,Female,6.5, $199.00 
10615,6/8/2016,2231,United Kingdom,Male,9, $127.20 
10616,6/8/2016,2194,United States,Female,9, $125.10 
10617,6/8/2016,2214,Canada,Female,9, $139.00 
10618,6/8/2016,2184,United Kingdom,Female,9, $129.00 
10619,6/8/2016,2204,Canada,Female,7.5, $139.00 
10620,6/8/2016,2154,United States,Male,10.5, $161.10 
10621,6/8/2016,2198,United States,Male,8.5, $170.10 
10622,6/8/2016,2239,United States,Male,10, $116.10 
10623,6/8/2016,2166,United States,Male,9.5, $143.10 
10624,6/8/2016,2180,United States,Male,10, $159.00 
10625,6/8/2016,2177,United States,Female,10.5, $149.00 
10626,6/8/2016,2190,United States,Male,11.5, $103.20 
10627,6/8/2016,2197,Germany,Male,10, $125.30 
10628,6/9/2016,2156,Germany,Male,9, $111.30 
10629,6/9/2016,2228,Germany,Male,8.5, $129.00 
10630,6/9/2016,2225,United States,Male,9.5, $139.00 
10631,6/9/2016,2209,Germany,Male,11.5, $179.00 
10632,6/9/2016,2159,Germany,Female,6.5, $129.00 
10633,6/9/2016,2204,United States,Female,9, $159.00 
10634,6/9/2016,2167,Germany,Male,12, $127.20 
10635,6/9/2016,2186,United States,Female,6.5, $149.00 
10636,6/9/2016,2233,United States,Male,9, $139.00 
10637,6/9/2016,2192,United States,Male,7, $189.00 
10638,6/9/2016,2198,Germany,Male,10, $129.00 
10639,6/9/2016,2235,United Kingdom,Male,12, $159.00 
10640,6/9/2016,2211,Canada,Male,9.5, $149.00 
10641,6/9/2016,2239,United States,Male,10, $116.10 
10642,6/9/2016,2179,United States,Female,7.5, $69.50 
10643,6/9/2016,2207,Germany,Male,10.5, $169.00 
10644,6/9/2016,2230,Germany,Male,8.5, $159.00 
10645,6/9/2016,2234,United States,Male,9, $90.30 
10646,6/9/2016,2229,Germany,Male,8.5, $161.10 
10647,6/9/2016,2220,United States,Male,11, $139.00 
10648,6/10/2016,2198,United States,Female,7.5, $199.00 
10649,6/10/2016,2147,Germany,Male,7.5, $189.00 
10650,6/10/2016,2224,United Kingdom,Male,9.5, $199.00 
10651,6/10/2016,2157,Germany,Unix,9.5, $103.20 
10652,6/10/2016,2208,United States,Female,8.5, $149.00 
10653,6/10/2016,2205,Canada,Male,9, $179.10 
10654,6/10/2016,2220,Germany,Male,10, $129.00 
10655,6/10/2016,2242,United States,Male,11, $119.20 
10656,6/10/2016,2155,Germany,Male,9, $74.50 
10657,6/10/2016,2204,Canada,Male,10, $179.00 
10658,6/10/2016,2186,United Kingdom,Male,10.5, $159.00 
10659,6/10/2016,2161,United States,Female,7.5, $189.00 
10660,6/10/2016,2209,United States,Male,8.5, $139.00 
10661,6/10/2016,2233,United States,Female,8, $179.00 
10662,6/10/2016,2151,United Kingdom,Female,9, $125.10 
10663,6/10/2016,2221,Germany,Male,9.5, $179.10 
10664,6/10/2016,2192,Germany,Male,9.5, $151.20 
10665,6/10/2016,2184,Germany,Female,8.5, $159.00 
10666,6/10/2016,2212,United States,Female,8, $149.00 
10667,6/10/2016,2159,United States,Female,7.5, $179.00 
10668,6/10/2016,2175,Canada,Female,9.5, $135.20 
10669,6/10/2016,2218,United States,Female,8, $179.00 
10670,6/11/2016,2225,United States,Female,7.5, $161.10 
10671,6/11/2016,2176,Germany,Male,11.5, $139.30 
10672,6/11/2016,2150,Germany,Male,10, $169.00 
10673,6/11/2016,2158,United States,Female,8, $139.00 
10674,6/11/2016,2149,United States,Female,7, $69.50 
10675,6/11/2016,2167,Germany,Male,11.5, $179.00 
10676,6/11/2016,2157,United States,Female,6.5, $139.00 
10677,6/11/2016,2198,United States,Female,8.5, $94.50 
10678,6/11/2016,2210,Germany,Male,11, $199.00 
10679,6/11/2016,2235,Canada,Female,9, $129.00 
10680,6/11/2016,2178,Canada,Male,10.5, $159.20 
10681,6/11/2016,2159,Germany,Female,8.5, $149.00 
10682,6/11/2016,2210,United States,Male,12, $149.00 
10683,6/11/2016,2164,United States,Male,7, $129.00 
10684,6/11/2016,2224,United States,Male,10, $179.00 
10685,6/11/2016,2184,United Kingdom,Female,9, $129.00 
10686,6/11/2016,2180,Germany,Male,8, $111.30 
10687,6/11/2016,2179,United States,Female,11.5, $90.30 
10688,6/11/2016,2190,United Kingdom,Male,9.5, $149.00 
10689,6/11/2016,2194,Germany,Male,9, $79.50 
10690,6/11/2016,2174,Germany,Male,10.5, $84.50 
10691,6/11/2016,2205,United States,Female,8, $129.00 
10692,6/12/2016,2218,United States,Female,8.5, $89.50 
10693,6/12/2016,2231,United Kingdom,Male,9, $127.20 
10694,6/12/2016,2184,Germany,Male,9.5, $169.00 
10695,6/12/2016,2163,United States,Male,9.5, $159.00 
10696,6/12/2016,2148,United States,Male,9, $189.00 
10697,6/12/2016,2192,United States,Male,9, $139.30 
10698,6/12/2016,2179,Canada,Male,9.5, $169.00 
10699,6/12/2016,2185,Germany,Male,6.5, $159.20 
10700,6/12/2016,2161,Germany,Male,9.5, $79.50 
10701,6/12/2016,2233,,Unix,10, $179.10 
10702,6/12/2016,2221,Germany,Female,7.5, $159.00 
10703,6/12/2016,2208,Germany,Male,10, $179.00 
10704,6/12/2016,2220,Canada,Female,6.5, $97.30 
10705,6/12/2016,2187,Canada,Male,10, $90.30 
10706,6/12/2016,2168,Germany,Female,7.5, $159.00 
10707,6/12/2016,2157,Canada,Male,9.5, $159.20 
10708,6/12/2016,2164,Germany,Female,8.5, $199.00 
10709,6/12/2016,2227,United States,Male,10, $149.00 
10710,6/12/2016,2209,United States,Male,8.5, $139.00 
10711,6/12/2016,2239,United States,Male,9.5, $169.00 
10712,6/12/2016,2235,United Kingdom,Male,12, $159.00 
10713,6/12/2016,2195,Germany,Male,10, $129.00 
10714,6/12/2016,2148,United States,Female,11.5, $74.50 
10715,6/12/2016,2147,Canada,Male,12, $139.30 
10716,6/12/2016,2224,United Kingdom,Male,9.5, $199.00 
10717,6/12/2016,2205,Germany,Male,9, $179.10 
10718,6/13/2016,2186,United States,Female,7, $161.10 
10719,6/13/2016,2232,Germany,Female,8, $159.00 
10720,6/13/2016,2159,Germany,Male,12, $64.50 
10721,6/13/2016,2198,Canada,Male,11.5, $139.30 
10722,6/13/2016,2217,United States,Male,10, $129.00 
10723,6/13/2016,2154,United States,Female,8.5, $139.00 
10724,6/13/2016,2228,Germany,Male,10.5, $94.50 
10725,6/13/2016,2212,Germany,Male,9.5, $97.30 
10726,6/13/2016,2219,United States,Male,10.5, $139.00 
10727,6/13/2016,2160,Germany,Male,10.5, $199.00 
10728,6/13/2016,2168,Germany,Female,7.5, $159.00 
10729,6/13/2016,2169,Canada,Male,8.5, $139.00 
10730,6/13/2016,2157,Canada,Male,9.5, $159.20 
10731,6/13/2016,2212,United States,Female,6.5, $159.00 
10732,6/13/2016,2150,Germany,Male,10.5, $149.00 
10733,6/13/2016,2178,Germany,Male,10, $179.00 
10734,6/13/2016,2179,Germany,Male,9, $149.00 
10735,6/13/2016,2164,United States,Male,7, $129.00 
10736,6/13/2016,2191,United Kingdom,Male,9, $116.10 
10737,6/13/2016,2224,United States,Male,10, $179.00 
10738,6/13/2016,2196,Germany,Male,11.5, $139.00 
10739,6/13/2016,2193,Canada,Male,10.5, $169.00 
10740,6/13/2016,2179,United States,Male,9, $169.00 
10741,6/13/2016,2217,United Kingdom,Male,9, $199.00 
10742,6/13/2016,2231,Germany,Male,10, $169.00 
10743,6/14/2016,2176,Germany,Male,11.5, $139.30 
10744,6/14/2016,2223,Canada,Male,9, $118.30 
10745,6/14/2016,2224,United States,Male,9.5, $116.10 
10746,6/14/2016,2214,United States,Female,8.5, $149.00 
10747,6/14/2016,2169,United States,Female,8.5, $189.00 
10748,6/14/2016,2150,United States,Male,10, $159.00 
10749,6/14/2016,2208,Germany,Male,10, $179.00 
10750,6/14/2016,2239,Germany,Female,7, $179.00 
10751,6/14/2016,2197,Germany,Unix,8.5, $143.20 
10752,6/14/2016,2192,Germany,Male,15, $139.30 
10753,6/14/2016,2181,Canada,Male,9.5, $159.00 
10754,6/14/2016,2169,Canada,Male,8.5, $139.00 
10755,6/14/2016,2157,Canada,Male,9.5, $159.20 
10756,6/14/2016,2147,Canada,Male,12, $139.30 
10757,6/14/2016,2186,United States,Male,9.5, $149.00 
10758,6/14/2016,2242,United States,Female,8, $111.20 
10759,6/14/2016,2217,Germany,Male,15, $159.00 
10760,6/14/2016,2209,United States,Male,8.5, $139.00 
10761,6/14/2016,2221,Germany,Male,9.5, $179.10 
10762,6/14/2016,2234,Canada,Female,4.5, $129.00 
10763,6/15/2016,2212,United States,Female,4.5, $118.30 
10764,6/15/2016,2217,United States,Female,8.5, $129.00 
10765,6/15/2016,2182,Germany,Male,10.5, $139.00 
10766,6/15/2016,2232,United States,Male,8, $149.00 
10767,6/15/2016,2184,United States,Male,9.5, $179.00 
10768,6/15/2016,2198,United Kingdom,Female,8, $129.00 
10769,6/15/2016,2179,Germany,Male,9, $149.00 
10770,6/15/2016,2176,Canada,Female,8, $149.00 
10771,6/15/2016,2176,Canada,Male,9, $169.00 
10772,6/15/2016,2194,Canada,Male,9.5, $189.00 
10773,6/15/2016,2186,Canada,Male,11.5, $90.30 
10774,6/15/2016,2152,Canada,Female,9, $189.00 
10775,6/15/2016,2177,Canada,Female,8, $149.00 
10776,6/15/2016,2227,United States,Male,10, $149.00 
10777,6/15/2016,2190,United Kingdom,Male,9.5, $149.00 
10778,6/15/2016,2189,United States,Female,8, $132.30 
10779,6/15/2016,2206,United States,Male,14, $149.00 
10780,6/15/2016,2203,Germany,Female,7, $169.00 
10781,6/15/2016,2196,Germany,Male,11.5, $139.00 
10782,6/15/2016,2180,Germany,Male,8, $111.30 
10783,6/15/2016,2239,Canada,Female,4.5, $169.00 
10784,6/15/2016,2167,Canada,Female,8.5, $179.00 
10785,6/15/2016,2239,Canada,Female,4.5, $169.00 
10786,6/15/2016,2157,Germany,Female,7.5, $79.50 
10787,6/16/2016,2235,United States,Female,9, $125.10 
10788,6/16/2016,2205,Germany,Male,9, $179.10 
10789,6/16/2016,2220,United States,Female,8.5, $179.00 
10790,6/16/2016,2221,United States,Female,8.5, $90.30 
10791,6/16/2016,2206,Germany,Male,9, $199.00 
10792,6/16/2016,2213,United States,Male,9.5, $179.00 
10793,6/16/2016,2179,Germany,Male,9, $149.00 
10794,6/16/2016,2172,United States,Male,10, $79.50 
10795,6/16/2016,2168,Germany,Male,9, $159.00 
10796,6/16/2016,2188,United States,Female,7, $97.30 
10797,6/16/2016,2164,Canada,Male,10.5, $135.20 
10798,6/16/2016,2194,Canada,Male,9.5, $189.00 
10799,6/16/2016,2164,United States,Male,7, $129.00 
10800,6/16/2016,2168,United States,Female,8, $135.20 
10801,,2237,Germany,Unix,13, $143.20 
10802,6/16/2016,2168,Germany,Male,10.5, $69.50 
10803,6/16/2016,2200,Canada,Female,9.5, $169.00 
10804,6/16/2016,2203,Germany,Female,7.5, $129.00 
10805,6/17/2016,2159,United States,Female,7.5, $179.00 
10806,6/17/2016,2211,United States,Male,10, $179.00 
10807,6/17/2016,2178,United States,Female,8.5, $170.10 
10808,6/17/2016,2150,United States,Male,10, $159.00 
10809,6/17/2016,2239,United States,Female,9, $64.50 
10810,6/17/2016,2187,United States,Male,13, $161.10 
10811,6/17/2016,2227,United States,Male,10.5, $132.30 
10812,6/17/2016,2194,United States,Male,9.5, $125.30 
10813,6/17/2016,2214,United Kingdom,Female,8, $134.10 
10814,6/17/2016,2236,Canada,Female,8, $159.20 
10815,6/17/2016,2187,Canada,Male,10, $90.30 
10816,6/17/2016,2164,Canada,Male,10.5, $135.20 
10817,6/17/2016,2223,Germany,Male,11.5, $149.00 
10818,6/17/2016,2239,Germany,Male,6, $159.00 
10819,6/17/2016,2227,Germany,Female,8, $189.00 
10820,6/17/2016,2201,Germany,Male,15, $129.00 
10821,6/17/2016,2237,United States,Female,8, $116.10 
10822,6/17/2016,2235,United States,Female,9, $125.10 
10823,6/17/2016,2228,Germany,Male,7.5, $159.00 
10824,6/17/2016,2167,Germany,Male,11.5, $179.00 
10825,6/17/2016,2219,United Kingdom,Male,10, $127.20 
10826,6/17/2016,2196,Germany,Male,11.5, $139.00 
10827,6/18/2016,2219,United States,Male,9, $104.30 
10828,6/18/2016,2182,United States,Female,8, $199.00 
10829,6/18/2016,2150,United States,Male,8.5, $118.30 
10830,6/18/2016,2187,Canada,Female,6.5, $159.00 
10831,6/18/2016,2160,Canada,Female,6.5, $125.10 
10832,6/18/2016,2180,Germany,Male,11, $79.50 
10833,6/18/2016,2202,United States,Female,8.5, $129.00 
10834,6/18/2016,2217,Germany,Female,8.5, $97.30 
10835,6/18/2016,2151,United States,Female,9, $159.00 
10836,6/18/2016,2239,Canada,Female,4.5, $169.00 
10837,6/18/2016,2214,United Kingdom,Female,8, $179.00 
10838,6/18/2016,2178,United Kingdom,Female,8.5, $199.00 
10839,6/18/2016,2238,United States,Female,7.5, $169.00 
10840,6/18/2016,2216,United States,Female,7, $169.00 
10841,6/18/2016,2219,United States,Male,10.5, $139.00 
10842,6/18/2016,2195,United Kingdom,Male,7, $159.20 
10843,6/18/2016,2237,United Kingdom,Male,10, $139.30 
10844,6/18/2016,2182,Germany,Male,10.5, $134.10 
10845,6/18/2016,2218,Germany,Female,7.5, $129.00 
10846,6/18/2016,2167,Germany,Male,11.5, $179.00 
10847,6/18/2016,2209,Canada,Female,11, $179.00 
10848,6/18/2016,2217,United States,Male,9.5, $159.00 
10849,6/18/2016,2175,United Kingdom,Female,8, $139.00 
10850,6/18/2016,2163,United States,Male,9.5, $159.00 
10851,6/18/2016,2197,Canada,Unix,9, $111.30 
10852,6/19/2016,2186,United States,Male,9.5, $149.00 
10853,6/19/2016,2231,Germany,Male,10, $169.00 
10854,6/19/2016,2156,Canada,Male,9.5, $179.10 
10855,6/19/2016,2161,Canada,Female,10, $199.00 
10856,6/19/2016,2222,United States,Male,10.5, $179.00 
10857,6/19/2016,2153,United States,Female,10.5, $135.20 
10858,6/19/2016,2197,Germany,Female,8.5, $189.00 
10859,6/19/2016,2205,United States,Female,9, $149.00 
10860,6/19/2016,2191,United States,Female,12, $179.00 
10861,6/19/2016,2164,United States,Female,8.5, $189.00 
10862,6/19/2016,2147,United Kingdom,Male,8.5, $179.00 
10863,6/19/2016,2228,Germany,Male,10.5, $94.50 
10864,6/19/2016,2240,Canada,Male,10, $90.30 
10865,6/19/2016,2212,United Kingdom,Male,9, $125.10 
10866,6/19/2016,2195,United Kingdom,Male,7, $159.20 
10867,6/19/2016,2208,Germany,Male,9.5, $179.00 
10868,6/19/2016,2194,Germany,Female,8, $170.10 
10869,6/19/2016,2229,Germany,Male,8.5, $161.10 
10870,6/19/2016,2154,Canada,Female,11, $103.20 
10871,6/19/2016,2200,United States,Female,9, $103.20 
10872,6/19/2016,2157,Germany,Male,9.5, $103.20 
10873,6/19/2016,2237,United States,Female,6.5, $94.50 
10874,6/20/2016,2227,United States,Male,10, $149.00 
10875,6/20/2016,2184,United States,Male,9.5, $179.00 
10876,6/20/2016,2201,United States,Female,6.5, $139.00 
10877,6/20/2016,2221,Germany,Male,9.5, $179.10 
10878,6/20/2016,2207,United States,Female,8, $116.10 
10879,6/20/2016,2153,Canada,Male,9.5, $159.00 
10880,6/20/2016,2197,United States,Male,9.5, $118.30 
10881,6/20/2016,2172,United States,Male,10.5, $103.20 
10882,6/20/2016,2240,Germany,Male,9, $169.00 
10883,6/20/2016,2208,United States,Male,11.5, $189.00 
10884,6/20/2016,2174,United States,Male,10, $111.30 
10885,6/20/2016,2211,United Kingdom,Male,12, $159.00 
10886,6/20/2016,2219,United States,Male,9, $104.30 
10887,6/20/2016,2185,United States,Male,11, $116.10 
10888,6/20/2016,2202,United States,Female,4.5, $139.00 
10889,6/20/2016,2229,Canada,Male,10, $199.00 
10890,6/20/2016,2206,United States,Female,7, $199.00 
10891,6/20/2016,2206,United Kingdom,Male,9.5, $143.20 
10892,6/20/2016,2212,United Kingdom,Male,9, $125.10 
10893,6/20/2016,2232,United Kingdom,Female,9, $179.00 
10894,6/20/2016,2221,United Kingdom,Male,10, $129.00 
10895,6/20/2016,2195,Canada,Male,8.5, $127.20 
10896,6/20/2016,2182,Canada,Male,11, $199.00 
10897,6/20/2016,2166,United Kingdom,Male,9, $94.50 
10898,6/20/2016,2197,Germany,Male,10, $125.30 
10899,6/20/2016,2222,United States,Male,9, $127.20 
10900,6/20/2016,2166,Germany,Female,7.5, $199.00 
10901,6/21/2016,2196,Germany,Unix,10, $69.50 
10902,6/21/2016,2213,United States,Male,9.5, $179.00 
10903,6/21/2016,2182,United States,Female,8, $199.00 
10904,6/21/2016,2157,United Kingdom,Male,13, $169.00 
10905,6/21/2016,2226,United States,Female,8.5, $135.20 
10906,6/21/2016,2204,United States,Male,10, $170.10 
10907,6/21/2016,2223,United States,Male,9, $104.30 
10908,6/21/2016,2175,Germany,Male,8.5, $69.50 
10909,6/21/2016,2240,Germany,Male,9, $169.00 
10910,6/21/2016,2213,United States,Male,13, $97.30 
10911,6/21/2016,2175,Canada,Male,8, $104.30 
10912,6/21/2016,2186,United States,Male,9.5, $149.00 
10913,6/21/2016,2223,Canada,Male,9, $118.30 
10914,6/21/2016,2195,Canada,Male,12, $143.20 
10915,6/21/2016,2164,United States,Female,7, $151.20 
10916,6/21/2016,2152,United States,Male,10.5, $179.00 
10917,6/21/2016,2195,Germany,Male,9, $199.00 
10918,6/21/2016,2237,United Kingdom,Male,10, $139.30 
10919,6/21/2016,2232,United Kingdom,Female,9, $179.00 
10920,6/21/2016,2164,Canada,Male,10, $199.00 
10921,6/21/2016,2186,Canada,Male,11.5, $90.30 
10922,6/21/2016,2159,United Kingdom,Male,9.5, $199.00 
10923,6/21/2016,2182,Canada,Male,11, $199.00 
10924,6/21/2016,2188,Canada,Male,9.5, $104.30 
10925,6/21/2016,2222,Germany,Male,11.5, $169.00 
10926,6/22/2016,2186,United States,Male,9.5, $169.00 
10927,6/22/2016,2197,Canada,Male,9, $111.30 
10928,6/22/2016,2231,Germany,Male,10, $169.00 
10929,6/22/2016,2208,United States,Female,7, $179.00 
10930,6/22/2016,2166,United Kingdom,Male,9, $94.50 
10931,6/22/2016,2211,United States,Male,9.5, $125.10 
10932,6/22/2016,2148,United States,Female,9, $149.00 
10933,6/22/2016,2217,Germany,Male,10.5, $139.00 
10934,6/22/2016,2213,Germany,Female,10, $111.30 
10935,6/22/2016,2166,Germany,Male,11.5, $149.00 
10936,6/22/2016,2175,Germany,Male,8.5, $69.50 
10937,6/22/2016,2195,United States,Female,8.5, $151.20 
10938,6/22/2016,2201,Germany,Female,10.5, $169.00 
10939,6/22/2016,2179,Germany,Female,7.5, $90.30 
10940,6/22/2016,2171,Canada,Female,7, $129.00 
10941,6/22/2016,2154,Canada,Female,8.5, $179.00 
10942,6/22/2016,2173,United States,Female,7.5, $119.20 
10943,6/22/2016,2162,Germany,Male,11, $151.20 
10944,6/22/2016,2215,United Kingdom,Female,5, $179.10 
10945,6/22/2016,2195,United Kingdom,Male,7, $159.20 
10946,6/22/2016,2237,United Kingdom,Male,10, $139.30 
10947,6/22/2016,2194,Canada,Male,9.5, $189.00 
10948,6/22/2016,2178,Canada,Female,9, $139.00 
10949,6/22/2016,2221,United Kingdom,Male,10, $129.00 
10950,6/22/2016,2190,Canada,Female,8.5, $143.10 
10951,6/22/2016,2186,Germany,Unix,10, $94.50 
10952,6/22/2016,2186,Canada,Male,11.5, $90.30 
10953,6/22/2016,2153,Germany,Male,11, $161.10 
10954,6/23/2016,2214,Canada,Female,9.5, $161.10 
10955,6/23/2016,2164,Canada,Male,9.5, $189.00 
10956,6/23/2016,2216,Germany,Female,9, $139.30 
10957,6/23/2016,2183,Canada,Male,10, $129.00 
10958,6/23/2016,2159,United Kingdom,Male,9.5, $199.00 
10959,6/23/2016,2180,United Kingdom,Male,9, $189.00 
10960,6/23/2016,2195,Germany,Male,9, $199.00 
10961,6/23/2016,2208,Germany,Male,9.5, $125.30 
10962,6/23/2016,2229,Germany,Male,10, $159.20 
10963,6/23/2016,2204,Germany,Male,10.5, $149.00 
10964,6/23/2016,2179,Germany,Female,10, $159.00 
10965,6/23/2016,2174,United States,Male,10, $111.30 
10966,6/23/2016,2171,United States,Female,7.5, $64.50 
10967,6/23/2016,2217,United States,Female,10, $179.00 
10968,6/23/2016,2149,Germany,Female,7.5, $116.10 
10969,6/23/2016,2179,Germany,Male,9.5, $199.00 
10970,6/23/2016,2217,United States,Male,9, $103.20 
10971,6/23/2016,2238,United States,Male,10, $159.20 
10972,6/23/2016,2177,Germany,Male,7.5, $169.00 
10973,6/23/2016,2150,United States,Male,9.5, $139.30 
10974,6/23/2016,2188,United States,Female,8.5, $149.00 
10975,6/23/2016,2192,United States,Male,10.5, $169.00 
10976,6/23/2016,2230,United Kingdom,Male,8, $64.50 
10977,6/23/2016,2191,United States,Female,7, $169.00 
10978,6/23/2016,2215,Germany,Female,7.5, $132.30 
10979,6/24/2016,2213,United States,Female,7.5, $132.30 
10980,6/24/2016,2180,Canada,Male,9.5, $139.00 
10981,6/24/2016,2169,United States,Female,9.5, $74.50 
10982,6/24/2016,2183,Canada,Female,12, $111.30 
10983,6/24/2016,2195,United Kingdom,Male,10.5, $170.10 
10984,6/24/2016,2175,United States,Female,7, $129.00 
10985,6/24/2016,2241,United States,Male,9.5, $199.00 
10986,6/24/2016,2180,United States,Male,10, $189.00 
10987,6/24/2016,2191,United Kingdom,Male,9, $116.10 
10988,6/24/2016,2180,United Kingdom,Male,9, $189.00 
10989,6/24/2016,2208,Germany,Male,9.5, $125.30 
10990,6/24/2016,2192,United States,Male,11.5, $111.30 
10991,6/24/2016,2235,United States,Male,11, $169.00 
10992,6/24/2016,2237,United States,Male,9.5, $159.20 
10993,6/24/2016,2156,Germany,Male,9, $111.30 
10994,6/24/2016,2239,Germany,Female,8, $199.00 
10995,6/24/2016,2178,Germany,Male,11.5, $74.50 
10996,6/24/2016,2178,Canada,Female,9, $139.00 
10997,6/24/2016,2213,Canada,Female,12, $179.00 
10998,6/24/2016,2170,United States,Female,7.5, $179.00 
10999,6/24/2016,2185,Germany,Female,8.5, $199.00 
11000,6/24/2016,2181,United States,Male,8.5, $89.50 
11001,6/24/2016,2183,United States,,14, $129.00 
11002,6/24/2016,2217,Germany,Male,10.5, $139.00 
11003,6/24/2016,2214,Germany,Male,9.5, $129.00 
11004,6/24/2016,2226,Canada,Female,12, $127.20 
11005,6/24/2016,2157,United Kingdom,Male,13, $169.00 
11006,6/24/2016,2161,United States,Female,8, $127.20 
11007,6/24/2016,2180,United States,Female,8, $149.00 
11008,6/24/2016,2170,Canada,Female,8.5, $69.50 
11009,6/25/2016,2219,United States,Female,7.5, $94.50 
11010,6/25/2016,2154,Germany,Male,10.5, $135.20 
11011,6/25/2016,2227,United States,Male,10.5, $69.50 
11012,6/25/2016,2240,Germany,Female,9, $143.10 
11013,6/25/2016,2163,United States,Male,11, $159.00 
11014,6/25/2016,2223,Canada,Female,6.5, $119.20 
11015,6/25/2016,2164,United States,Female,8.5, $189.00 
11016,6/25/2016,2210,United Kingdom,Male,9, $139.00 
11017,6/25/2016,2198,United States,Female,7.5, $199.00 
11018,6/25/2016,2217,United States,Female,10, $199.00 
11019,6/25/2016,2157,United States,Female,7, $129.00 
11020,6/25/2016,2234,Germany,Female,9.5, $189.00 
11021,6/25/2016,2147,Germany,Male,7, $129.00 
11022,6/25/2016,2153,United States,Male,10, $149.00 
11023,6/25/2016,2192,United States,Male,10.5, $169.00 
11024,6/25/2016,2235,United States,Female,7.5, $159.00 
11025,6/25/2016,2242,United States,Male,10, $179.00 
11026,6/25/2016,2223,United States,Male,9, $89.50 
11027,6/25/2016,2218,United States,Female,8.5, $125.10 
11028,6/25/2016,2235,United States,Male,10.5, $97.30 
11029,6/25/2016,2183,Canada,Female,12, $111.30 
11030,6/25/2016,2152,United States,Male,9.5, $139.00 
11031,6/25/2016,2166,United Kingdom,Male,9, $94.50 
11032,6/25/2016,2205,Germany,Male,10.5, $139.00 
11033,6/26/2016,2236,United States,Male,9.5, $74.50 
11034,6/26/2016,2223,Germany,Male,11.5, $149.00 
11035,6/26/2016,2154,Germany,Male,10.5, $135.20 
11036,6/26/2016,2238,United States,Male,10, $159.20 
11037,6/26/2016,2223,Germany,Female,9.5, $135.20 
11038,6/26/2016,2237,United Kingdom,Female,9, $199.00 
11039,6/26/2016,2170,United States,Male,9, $189.00 
11040,6/26/2016,2219,United States,Male,9, $104.30 
11041,6/26/2016,2230,United Kingdom,Male,8, $64.50 
11042,6/26/2016,2217,United States,Male,9.5, $159.00 
11043,6/26/2016,2222,United States,Female,4.5, $169.00 
11044,6/26/2016,2149,United States,Male,11.5, $179.00 
11045,6/26/2016,2195,Germany,Male,9, $199.00 
11046,6/26/2016,2149,Germany,Female,8.5, $139.00 
11047,6/26/2016,2218,Germany,Male,11.5, $189.00 
11048,6/26/2016,2237,Canada,Female,9, $94.50 
11049,6/26/2016,2207,United Kingdom,Female,9, $159.20 
11050,6/26/2016,2158,Germany,Male,6.5, $143.10 
11051,6/26/2016,2184,United States,Unix,9, $159.00 
11052,6/26/2016,2227,United States,Male,10.5, $69.50 
11053,6/26/2016,2199,United States,Male,9.5, $159.00 
11054,6/26/2016,2184,Canada,Male,9.5, $189.00 
11055,6/26/2016,2208,Germany,Male,10, $139.00 
11056,6/26/2016,2240,Germany,Male,9, $169.00 
11057,6/27/2016,2174,United States,Male,10, $169.00 
11058,6/27/2016,2197,Germany,Male,9.5, $169.00 
11059,6/27/2016,2242,Germany,Male,9.5, $179.00 
11060,6/27/2016,2201,United Kingdom,Female,9, $97.30 
11061,6/27/2016,2157,United Kingdom,Male,13, $169.00 
11062,6/27/2016,2223,United States,Male,9, $199.00 
11063,6/27/2016,2184,United States,Male,11, $179.00 
11064,6/27/2016,2201,Germany,Female,10.5, $169.00 
11065,6/27/2016,2198,United States,Male,9, $84.50 
11066,6/27/2016,2163,United States,Male,11, $159.00 
11067,6/27/2016,2179,Canada,Female,9, $139.00 
11068,6/27/2016,2195,Germany,Female,9, $143.20 
11069,6/27/2016,2202,Canada,Male,14, $125.30 
11070,6/27/2016,2210,United Kingdom,Male,9, $139.00 
11071,6/27/2016,2196,Germany,Male,11.5, $129.00 
11072,6/27/2016,2185,United States,Male,10, $111.30 
11073,6/27/2016,2220,United States,Female,9, $159.00 
11074,6/27/2016,2212,Germany,Female,9.5, $125.30 
11075,6/27/2016,2194,United States,Female,9, $179.00 
11076,6/27/2016,2173,Canada,Male,9, $90.30 
11077,6/27/2016,2151,United States,Male,10.5, $199.00 
11078,6/27/2016,2219,Canada,Female,7.5, $129.00 
11079,6/27/2016,2176,Canada,Female,8, $149.00 
11080,6/28/2016,2205,Canada,Male,9, $139.00 
11081,6/28/2016,2152,United States,Female,8, $189.00 
11082,6/28/2016,2173,United Kingdom,Male,7, $89.50 
11083,6/28/2016,2172,Germany,Female,7.5, $132.30 
11084,6/28/2016,2202,Germany,Female,8, $179.10 
11085,6/28/2016,2162,United States,Male,10, $134.10 
11086,6/28/2016,2174,United States,Male,10, $111.30 
11087,6/28/2016,2236,United States,Male,9.5, $74.50 
11088,6/28/2016,2184,United Kingdom,Female,9, $143.10 
11089,6/28/2016,2213,United Kingdom,Male,9.5, $159.00 
11090,6/28/2016,2204,Germany,Female,7, $125.30 
11091,6/28/2016,2215,United States,Female,10.5, $149.00 
11092,6/28/2016,2160,Canada,Male,9, $179.10 
11093,6/28/2016,2230,United Kingdom,Male,8, $64.50 
11094,6/28/2016,2162,Germany,Male,11, $151.20 
11095,6/28/2016,2162,Canada,Male,10, $116.10 
11096,6/28/2016,2234,Germany,Female,9.5, $189.00 
11097,6/28/2016,2235,United States,Male,10.5, $97.30 
11098,6/28/2016,2222,United States,Female,9, $125.10 
11099,6/28/2016,2166,Germany,Female,7.5, $199.00 
11100,6/28/2016,2220,Canada,Female,7.5, $179.10 
11101,6/28/2016,2170,Canada,Unix,, $69.50 
11102,6/29/2016,2169,Germany,Male,8, $179.00 
11103,6/29/2016,2218,United States,Male,10.5, $161.10 
11104,6/29/2016,2198,United Kingdom,Male,9, $74.50 
11105,6/29/2016,2199,Germany,Male,7, $159.20 
11106,6/29/2016,2234,Canada,Male,10.5, $179.00 
11107,6/29/2016,2231,Canada,Female,10.5, $169.00 
11108,6/29/2016,2179,Germany,Male,9.5, $199.00 
11109,6/29/2016,2190,United States,Male,10, $159.00 
11110,6/29/2016,2212,United States,Female,8.5, $149.00 
11111,6/29/2016,2188,United States,Female,5.5, $64.50 
11112,6/29/2016,2174,United States,Male,10, $169.00 
11113,6/29/2016,2207,United Kingdom,Female,9, $159.20 
11114,6/29/2016,2212,Germany,Male,10, $169.00 
11115,6/29/2016,2218,Germany,Female,9, $149.00 
11116,6/29/2016,2174,United States,Male,9.5, $149.00 
11117,6/29/2016,2171,Canada,Male,11, $104.30 
11118,6/29/2016,2235,Canada,Male,9, $149.00 
11119,6/29/2016,2189,Canada,Female,7.5, $127.20 
11120,6/29/2016,2222,Canada,Female,6, $129.00 
11121,6/29/2016,2184,United States,Male,9, $159.00 
11122,6/29/2016,2182,Canada,Male,11, $199.00 
11123,6/30/2016,2231,Canada,Male,10.5, $129.00 
11124,6/30/2016,2222,Germany,Male,7, $64.50 
11125,6/30/2016,2233,United States,Female,8, $159.00 
11126,6/30/2016,2196,Germany,Female,7.5, $149.00 
11127,6/30/2016,2184,United States,Male,9, $199.00 
11128,6/30/2016,2169,Germany,Female,6.5, $99.50 
11129,6/30/2016,2232,United States,Male,8.5, $199.00 
11130,6/30/2016,2193,United States,Female,8.5, $139.00 
11131,6/30/2016,2192,United States,Female,8.5, $169.00 
11132,6/30/2016,2171,United States,Female,5.5, $199.00 
11133,6/30/2016,2153,United Kingdom,Female,8, $64.50 
11134,6/30/2016,2234,Canada,Male,9, $149.00 
11135,6/30/2016,2210,United Kingdom,Male,9, $139.00 
11136,6/30/2016,2193,United Kingdom,Male,10.5, $89.50 
11137,6/30/2016,2179,United States,Male,11, $129.00 
11138,6/30/2016,2241,Germany,Male,9.5, $84.50 
11139,6/30/2016,2154,Germany,Male,9, $169.00 
11140,6/30/2016,2177,United States,Female,10.5, $151.20 
11141,6/30/2016,2159,Germany,Male,9.5, $125.30 
11142,6/30/2016,2230,Canada,Male,9.5, $125.30 
11143,6/30/2016,2218,Canada,Male,11, $149.00 
11144,6/30/2016,2151,United States,Male,10, $84.50 
11145,6/30/2016,2165,Canada,Male,9, $119.20 
11146,6/30/2016,2178,Germany,Male,11.5, $74.50 
11147,6/30/2016,2229,Germany,Male,9.5, $116.10 
11148,6/30/2016,2234,Canada,Female,4.5, $129.00 
11149,7/1/2016,2217,Germany,Male,8.5, $84.50 
11150,7/1/2016,2157,Germany,Male,9.5, $103.20 
11151,7/1/2016,2169,Germany,Unix,9.5, $169.00 
11152,7/1/2016,2211,Germany,Male,8.5, $159.20 
11153,7/1/2016,2235,United Kingdom,Male,10.5, $84.50 
11154,7/1/2016,2154,United States,Male,9.5, $159.00 
11155,7/1/2016,2195,Germany,Female,6.5, $189.00 
11156,7/1/2016,2192,Germany,Female,9.5, $179.00 
11157,7/1/2016,2226,Canada,Female,10.5, $129.00 
11158,7/1/2016,2173,United Kingdom,Male,7, $89.50 
11159,7/1/2016,2240,United Kingdom,Female,5.5, $170.10 
11160,7/1/2016,2158,Germany,Male,6.5, $143.10 
11161,7/1/2016,2233,Canada,Female,9, $159.00 
11162,7/1/2016,2226,Germany,Male,10, $69.50 
11163,7/1/2016,2224,United Kingdom,Female,7.5, $159.20 
11164,7/1/2016,2190,United Kingdom,Female,8.5, $139.00 
11165,7/1/2016,2234,United Kingdom,Male,10.5, $129.00 
11166,7/1/2016,2183,Germany,Female,8, $139.00 
11167,7/1/2016,2173,Germany,Male,12, $169.00 
11168,7/1/2016,2214,United States,Female,6.5, $169.00 
11169,7/1/2016,2220,United States,Female,8.5, $179.00 
11170,7/2/2016,2217,Germany,Male,8.5, $84.50 
11171,7/2/2016,2205,Canada,Male,9, $139.00 
11172,7/2/2016,2158,United States,Female,8, $139.00 
11173,7/2/2016,2197,Germany,Male,9.5, $169.00 
11174,7/2/2016,2214,United States,Female,8.5, $111.30 
11175,7/2/2016,2213,Germany,Female,8.5, $90.30 
11176,7/2/2016,2212,United Kingdom,Male,8.5, $139.30 
11177,7/2/2016,2192,United States,Male,11.5, $111.30 
11178,7/2/2016,2238,United States,Female,9, $199.00 
11179,7/2/2016,2214,United States,Male,8, $179.00 
11180,7/2/2016,2198,United Kingdom,Male,9, $74.50 
11181,7/2/2016,2207,Canada,Male,11, $189.00 
11182,7/2/2016,2233,Germany,Female,7.5, $97.30 
11183,7/2/2016,2196,Germany,Male,11.5, $129.00 
11184,7/2/2016,2180,Canada,Female,9, $97.30 
11185,7/2/2016,2177,Germany,Male,7.5, $169.00 
11186,7/2/2016,2238,United Kingdom,Female,7.5, $199.00 
11187,7/2/2016,2167,United Kingdom,Female,8.5, $135.20 
11188,7/2/2016,2232,United Kingdom,Male,9.5, $169.00 
11189,7/2/2016,2210,United States,Female,5.5, $64.50 
11190,7/2/2016,2239,Germany,Female,7.5, $169.00 
11191,7/2/2016,2157,United States,Male,9, $97.30 
11192,7/2/2016,2180,Germany,Female,7.5, $103.20 
11193,7/3/2016,2193,United States,Female,7.5, $152.10 
11194,7/3/2016,2190,Germany,Male,10, $189.00 
11195,7/3/2016,2227,Germany,Male,10.5, $129.00 
11196,7/3/2016,2232,United States,Male,8, $134.10 
11197,7/3/2016,2173,Canada,Female,12, $189.00 
11198,7/3/2016,2181,United States,Male,11.5, $151.20 
11199,7/3/2016,2206,United States,Female,8.5, $89.50 
11200,7/3/2016,2173,United Kingdom,Male,7, $89.50 
11201,7/3/2016,2192,,Unix,8.5, $159.00 
11202,7/3/2016,2208,Germany,Male,9.5, $179.00 
11203,7/3/2016,2233,Germany,Female,7.5, $97.30 
11204,7/3/2016,2234,Canada,Male,10.5, $169.00 
11205,7/3/2016,2155,United States,Male,9.5, $159.00 
11206,7/3/2016,2188,Germany,Male,11.5, $179.00 
11207,7/3/2016,2170,United States,Female,7.5, $179.00 
11208,7/3/2016,2231,United States,Female,8, $139.00 
11209,7/3/2016,2231,Canada,Male,10.5, $129.00 
11210,7/3/2016,2169,United States,Female,5.5, $111.20 
11211,7/3/2016,2214,Germany,Male,8.5, $169.00 
11212,7/3/2016,2175,Germany,Male,10.5, $69.50 
11213,7/3/2016,2196,Canada,Male,8.5, $104.30 
11214,7/3/2016,2221,United States,Female,8, $159.00 
11215,7/3/2016,2206,Canada,Male,11, $111.30 
11216,7/3/2016,2198,United States,Female,8, $139.00 
11217,7/3/2016,2207,United States,Male,8.5, $179.10 
11218,7/3/2016,2185,Germany,Female,7.5, $179.10 
11219,7/3/2016,2179,Germany,Female,10, $179.10 
11220,7/3/2016,2163,Germany,Female,9, $64.50 
11221,7/4/2016,2193,United States,Female,7.5, $152.10 
11222,7/4/2016,2202,Germany,Male,10.5, $139.00 
11223,7/4/2016,2159,Germany,Male,9.5, $125.30 
11224,7/4/2016,2173,Canada,Female,12, $189.00 
11225,7/4/2016,2222,United States,Male,8.5, $199.00 
11226,7/4/2016,2181,United States,Male,11.5, $151.20 
11227,7/4/2016,2158,Canada,Male,10.5, $199.00 
11228,7/4/2016,2173,Canada,Male,9, $90.30 
11229,7/4/2016,2234,Canada,Male,10.5, $169.00 
11230,7/4/2016,2240,United States,Male,9, $116.10 
11231,7/4/2016,2175,United States,Female,9, $139.00 
11232,7/4/2016,2218,Germany,Male,10, $149.00 
11233,7/4/2016,2179,United States,Female,8.5, $97.30 
11234,7/4/2016,2209,United Kingdom,Male,8.5, $143.10 
11235,7/4/2016,2201,United Kingdom,Female,9, $97.30 
11236,7/4/2016,2233,United States,Female,8, $159.00 
11237,7/4/2016,2160,Canada,Male,9, $179.10 
11238,7/4/2016,2174,United States,Male,8.5, $159.00 
11239,7/4/2016,2156,Germany,Male,8, $169.00 
11240,7/4/2016,2153,United States,Female,6.5, $139.00 
11241,7/4/2016,2216,Germany,Male,11.5, $132.30 
11242,7/4/2016,2205,United States,Male,9.5, $64.50 
11243,7/4/2016,2157,United States,Male,9.5, $139.00 
11244,7/4/2016,2173,United States,Male,10, $149.00 
11245,7/4/2016,2211,Germany,Male,8.5, $159.20 
11246,7/5/2016,2223,Germany,Male,10, $199.00 
11247,7/5/2016,2217,Germany,Male,8.5, $84.50 
11248,7/5/2016,2218,United States,Male,10.5, $189.00 
11249,7/5/2016,2222,United States,Male,8.5, $199.00 
11250,7/5/2016,2181,United States,Male,11.5, $151.20 
11251,7/5/2016,2151,United States,Unix,8.5, $94.50 
11252,7/5/2016,2183,United States,Female,8.5, $139.00 
11253,7/5/2016,2168,Canada,Female,6.5, $64.50 
11254,7/5/2016,2190,Canada,Male,8, $189.00 
11255,7/5/2016,2188,United States,Female,9.5, $159.20 
11256,7/5/2016,2212,United Kingdom,Male,8.5, $139.30 
11257,7/5/2016,2158,United States,Male,9, $189.00 
11258,7/5/2016,2193,United Kingdom,Male,10.5, $89.50 
11259,7/5/2016,2209,United Kingdom,Male,8.5, $143.10 
11260,7/5/2016,2169,Germany,Male,9.5, $169.00 
11261,7/5/2016,2192,Germany,Female,9.5, $179.00 
11262,7/5/2016,2149,United States,Female,7.5, $179.00 
11263,7/5/2016,2151,United States,Female,9, $199.00 
11264,7/5/2016,2211,Germany,Female,9.5, $79.50 
11265,7/5/2016,2159,United States,Female,8, $97.30 
11266,7/5/2016,2237,United Kingdom,Female,9, $199.00 
11267,7/5/2016,2215,Germany,Female,8.5, $151.20 
11268,7/5/2016,2155,Canada,Male,10, $139.00 
11269,7/5/2016,2218,United States,Female,8.5, $134.10 
11270,7/5/2016,2242,United Kingdom,Male,7, $64.50 
11271,7/5/2016,2169,United States,Male,9, $103.20 
11272,7/5/2016,2236,United States,Male,9.5, $135.20 
11273,7/5/2016,2155,Germany,Female,10, $179.00 
11274,7/5/2016,2189,United States,Male,8.5, $90.30 
11275,7/5/2016,2156,United States,Male,10.5, $135.20 
11276,7/6/2016,2184,United States,Male,9, $199.00 
11277,7/6/2016,2151,United States,Female,8.5, $94.50 
11278,7/6/2016,2212,Germany,Male,10, $111.30 
11279,7/6/2016,2240,United States,Male,10, $149.00 
11280,7/6/2016,2171,Germany,Male,9.5, $134.10 
11281,7/6/2016,2198,United States,Male,9, $84.50 
11282,7/6/2016,2184,United States,Male,9.5, $199.00 
11283,7/6/2016,2199,Canada,Male,11, $139.00 
11284,7/6/2016,2234,United Kingdom,Male,10.5, $129.00 
11285,7/6/2016,2193,United Kingdom,Male,10.5, $89.50 
11286,7/6/2016,2194,United States,Female,9, $125.10 
11287,7/6/2016,2155,United States,Male,13, $139.00 
11288,7/6/2016,2233,Germany,Male,6.5, $74.50 
11289,7/6/2016,2182,United States,Male,10, $99.50 
11290,7/6/2016,2198,Germany,Male,9, $170.10 
11291,7/6/2016,2201,United Kingdom,Female,9, $97.30 
11292,7/6/2016,2158,United States,Male,10, $116.10 
11293,7/6/2016,2192,United States,Male,9, $139.30 
11294,7/6/2016,2162,United States,Female,9, $199.00 
11295,7/6/2016,2242,United States,Male,6, $199.00 
11296,7/6/2016,2149,Germany,Female,10, $64.50 
11297,7/6/2016,2205,Canada,Male,7.5, $79.50 
11298,7/7/2016,2213,Canada,Male,9.5, $116.10 
11299,7/7/2016,2227,United States,Female,8, $199.00 
11300,7/7/2016,2157,United States,Male,10, $199.00 
11301,,2154,United States,Unix,9.5, $159.00 
11302,7/7/2016,2184,United States,Male,9, $199.00 
11303,7/7/2016,2163,Germany,Male,9, $189.00 
11304,7/7/2016,2200,Germany,Female,8.5, $159.00 
11305,7/7/2016,2157,United States,Male,9, $97.30 
11306,7/7/2016,2216,Canada,Female,11, $74.50 
11307,7/7/2016,2175,Germany,Female,5, $179.00 
11308,7/7/2016,2154,Germany,Male,9.5, $159.20 
11309,7/7/2016,2176,Germany,Female,9.5, $169.00 
11310,7/7/2016,2226,United States,Male,10.5, $89.50 
11311,7/7/2016,2212,Germany,Male,10, $111.30 
11312,7/7/2016,2172,United Kingdom,Male,8.5, $179.00 
11313,7/7/2016,2180,Canada,Male,11.5, $179.00 
11314,7/7/2016,2239,Germany,Male,9.5, $139.30 
11315,7/7/2016,2209,United Kingdom,Male,8.5, $143.10 
11316,7/7/2016,2175,Germany,Male,8.5, $151.20 
11317,7/7/2016,2185,Germany,Male,10.5, $179.00 
11318,7/7/2016,2189,United States,Male,8.5, $90.30 
11319,7/7/2016,2186,Germany,Female,10, $179.00 
11320,7/7/2016,2203,Canada,Male,9.5, $189.00 
11321,7/8/2016,2160,United States,Female,8, $129.00 
11322,7/8/2016,2159,United States,Female,8, $97.30 
11323,7/8/2016,2217,United States,Female,8.5, $129.00 
11324,7/8/2016,2193,United States,Male,9.5, $189.00 
11325,7/8/2016,2210,Canada,Female,9, $129.00 
11326,7/8/2016,2206,Germany,Male,9, $199.00 
11327,7/8/2016,2182,United States,Male,7.5, $161.10 
11328,7/8/2016,2190,Canada,Male,8, $189.00 
11329,7/8/2016,2226,United States,Male,9, $79.50 
11330,7/8/2016,2160,Germany,Male,8.5, $97.30 
11331,7/8/2016,2221,Germany,Female,8.5, $169.00 
11332,7/8/2016,2216,United States,Female,6.5, $118.30 
11333,7/8/2016,2225,United States,Male,11.5, $111.30 
11334,7/8/2016,2213,United States,Male,8.5, $169.00 
11335,7/8/2016,2158,Canada,Male,10.5, $199.00 
11336,7/8/2016,2229,Canada,Female,5, $159.00 
11337,7/8/2016,2236,United States,Male,10, $169.00 
11338,7/8/2016,2226,United States,Male,10.5, $89.50 
11339,7/8/2016,2216,United States,Male,8.5, $169.00 
11340,7/8/2016,2196,United States,Male,10.5, $189.00 
11341,7/8/2016,2149,Germany,Female,7.5, $69.50 
11342,7/8/2016,2147,Germany,Female,9, $129.00 
11343,7/8/2016,2239,United States,Female,8.5, $169.00 
11344,7/8/2016,2169,United States,Male,10.5, $139.00 
11345,7/8/2016,2194,Germany,Female,8, $170.10 
11346,7/8/2016,2203,Germany,Male,9, $135.20 
11347,7/8/2016,2175,United States,Male,7, $129.00 
11348,7/8/2016,2163,Germany,Male,9, $189.00 
11349,7/8/2016,2176,United States,Female,9, $139.00 
11350,7/8/2016,2238,United States,Male,9, $149.00 
11351,7/8/2016,2237,Canada,Unix,10, $125.10 
11352,7/9/2016,2221,United States,Female,8.5, $90.30 
11353,7/9/2016,2237,Germany,Male,15, $97.30 
11354,7/9/2016,2191,Germany,Male,9.5, $179.00 
11355,7/9/2016,2147,Germany,Male,11.5, $129.00 
11356,7/9/2016,2242,Germany,Female,8.5, $159.00 
11357,7/9/2016,2201,United Kingdom,Male,9, $111.20 
11358,7/9/2016,2163,United States,Female,10.5, $169.00 
11359,7/9/2016,2200,Germany,Female,8.5, $159.00 
11360,7/9/2016,2175,United States,Female,6.5, $129.00 
11361,7/9/2016,2192,United States,Male,7, $189.00 
11362,7/9/2016,2238,Germany,Female,7.5, $179.00 
11363,7/9/2016,2156,Germany,Male,9, $139.00 
11364,7/9/2016,2174,United States,Male,8.5, $159.00 
11365,7/9/2016,2201,United States,Male,8, $199.00 
11366,7/9/2016,2207,Canada,Male,11, $189.00 
11367,7/9/2016,2182,Canada,Female,9, $179.00 
11368,7/9/2016,2233,United States,Male,9, $139.00 
11369,7/9/2016,2193,United States,Male,9, $159.00 
11370,7/9/2016,2181,Canada,Male,10.5, $84.50 
11371,7/9/2016,2194,Germany,Female,8, $170.10 
11372,7/9/2016,2161,Germany,Female,8, $189.00 
11373,7/9/2016,2163,Germany,Male,9, $189.00 
11374,7/9/2016,2160,United States,Male,10.5, $169.00 
11375,7/9/2016,2176,United States,Female,9, $139.00 
11376,7/9/2016,2214,United States,Female,8.5, $111.30 
11377,7/10/2016,2217,United States,Female,7.5, $151.20 
11378,7/10/2016,2148,Germany,Male,15, $129.00 
11379,7/10/2016,2174,Germany,Female,8.5, $127.20 
11380,7/10/2016,2159,United States,Male,10.5, $159.00 
11381,7/10/2016,2160,United States,Male,15, $149.00 
11382,7/10/2016,2157,United States,Male,10.5, $169.00 
11383,7/10/2016,2220,United Kingdom,Female,8.5, $90.30 
11384,7/10/2016,2220,United Kingdom,Male,8, $169.00 
11385,7/10/2016,2208,United Kingdom,Male,10.5, $134.10 
11386,7/10/2016,2161,United States,Female,10.5, $129.00 
11387,7/10/2016,2197,Germany,Female,7.5, $169.00 
11388,7/10/2016,2182,United States,Male,7.5, $161.10 
11389,7/10/2016,2159,Germany,Female,8.5, $149.00 
11390,7/10/2016,2226,United States,Male,10.5, $89.50 
11391,7/10/2016,2223,Germany,Female,8.5, $199.00 
11392,7/10/2016,2171,Germany,Male,9.5, $134.10 
11393,7/10/2016,2154,United States,Female,8.5, $179.00 
11394,7/10/2016,2232,United States,Male,8, $134.10 
11395,7/10/2016,2208,United States,Female,8.5, $149.00 
11396,7/10/2016,2239,United States,Female,8.5, $169.00 
11397,7/10/2016,2172,United Kingdom,Male,8.5, $179.00 
11398,7/10/2016,2215,Canada,Male,10, $104.30 
11399,7/10/2016,2187,Canada,Male,10, $90.30 
11400,7/10/2016,2217,United States,Male,10, $149.00 
11401,7/10/2016,2212,Germany,Unix,10, $111.30 
11402,7/10/2016,2152,Canada,Female,12, $159.00 
11403,7/10/2016,2172,Germany,Female,8.5, $159.00 
11404,7/10/2016,2230,Germany,Male,10, $169.00 
11405,7/10/2016,2228,United States,Male,9.5, $170.10 
11406,7/10/2016,2171,United States,Female,8, $179.10 
11407,7/11/2016,2207,Germany,Female,8, $116.10 
11408,7/11/2016,2182,Germany,Male,9, $149.00 
11409,7/11/2016,2220,Germany,Female,8.5, $139.00 
11410,7/11/2016,2196,United States,Male,10.5, $189.00 
11411,7/11/2016,2157,United Kingdom,Female,10.5, $189.00 
11412,7/11/2016,2226,Canada,Male,10, $189.00 
11413,7/11/2016,2155,United Kingdom,Female,9, $111.30 
11414,7/11/2016,2238,United Kingdom,Male,10, $149.00 
11415,7/11/2016,2179,United States,Male,11, $129.00 
11416,7/11/2016,2152,United States,Female,10.5, $125.10 
11417,7/11/2016,2226,Canada,Male,9.5, $129.00 
11418,7/11/2016,2164,Germany,Female,8.5, $199.00 
11419,7/11/2016,2174,United Kingdom,Male,10, $139.30 
11420,7/11/2016,2237,Germany,Female,5, $118.30 
11421,7/11/2016,2156,Canada,Male,8, $149.00 
11422,7/11/2016,2226,Canada,Female,9, $199.00 
11423,7/11/2016,2240,United States,Male,10, $149.00 
11424,7/11/2016,2239,Germany,Male,9.5, $139.30 
11425,7/11/2016,2160,United States,Male,15, $149.00 
11426,7/11/2016,2149,Germany,Female,8.5, $139.00 
11427,7/11/2016,2231,Germany,Female,8, $111.30 
11428,7/11/2016,2178,United States,Male,10, $169.00 
11429,7/12/2016,2201,United States,Male,8, $199.00 
11430,7/12/2016,2157,Canada,Male,9.5, $179.10 
11431,7/12/2016,2190,United Kingdom,Female,8.5, $139.00 
11432,7/12/2016,2195,United Kingdom,Male,10, $199.00 
11433,7/12/2016,2157,United Kingdom,Female,9, $159.00 
11434,7/12/2016,2222,United States,Female,10.5, $152.10 
11435,7/12/2016,2180,Canada,Male,11.5, $179.00 
11436,7/12/2016,2171,United States,Male,12, $179.00 
11437,7/12/2016,2217,United Kingdom,Male,10.5, $127.20 
11438,7/12/2016,2193,United Kingdom,Male,8.5, $125.30 
11439,7/12/2016,2184,Germany,Female,8.5, $179.00 
11440,7/12/2016,2200,United States,Male,9, $189.00 
11441,7/12/2016,2174,United Kingdom,Male,10, $139.30 
11442,7/12/2016,2213,Canada,Male,14, $189.00 
11443,7/12/2016,2169,United States,Female,8.5, $149.00 
11444,7/12/2016,2154,United States,Male,9, $149.00 
11445,7/12/2016,2208,Germany,Male,9.5, $179.00 
11446,7/12/2016,2196,United States,Male,10.5, $189.00 
11447,7/12/2016,2168,Germany,Female,8.5, $111.20 
11448,7/12/2016,2229,United States,Male,8, $159.00 
11449,7/12/2016,2168,Germany,Female,10, $111.20 
11450,7/12/2016,2202,United States,Male,8.5, $179.00 
11451,7/12/2016,2241,Germany,Unix,8.5, $169.00 
11452,7/12/2016,2167,Canada,Male,9, $125.30 
11453,7/12/2016,2152,Canada,Female,12, $159.00 
11454,7/13/2016,2178,Canada,Male,9.5, $104.30 
11455,7/13/2016,2225,United States,Female,8, $189.00 
11456,7/13/2016,2185,Germany,Female,10.5, $132.30 
11457,7/13/2016,2170,United States,Female,7.5, $179.00 
11458,7/13/2016,2194,Canada,Male,10.5, $159.00 
11459,7/13/2016,2242,United States,Male,9, $135.20 
11460,7/13/2016,2235,United Kingdom,Male,9.5, $159.20 
11461,7/13/2016,2223,Germany,Female,8.5, $199.00 
11462,7/13/2016,2182,Germany,Male,7, $139.00 
11463,7/13/2016,2157,Canada,Male,9, $179.00 
11464,7/13/2016,2216,Canada,Male,10.5, $139.00 
11465,7/13/2016,2196,Germany,Male,15, $139.00 
11466,7/13/2016,2201,United Kingdom,Male,9, $111.20 
11467,7/13/2016,2226,United States,Female,8, $94.50 
11468,7/13/2016,2198,Germany,Male,10.5, $179.00 
11469,7/13/2016,2189,Canada,Female,7.5, $127.20 
11470,7/13/2016,2215,Canada,Female,9, $199.00 
11471,7/13/2016,2215,United States,Female,9, $169.00 
11472,7/13/2016,2176,United States,Male,9, $149.00 
11473,7/13/2016,2191,United States,Female,8, $189.00 
11474,7/13/2016,2182,United States,Female,9, $125.10 
11475,7/13/2016,2242,United States,Male,6, $199.00 
11476,7/13/2016,2161,United States,Male,10.5, $149.00 
11477,7/13/2016,2184,United States,Female,9, $151.20 
11478,7/13/2016,2213,United States,Male,8.5, $169.00 
11479,7/13/2016,2156,United States,Male,10.5, $135.20 
11480,7/13/2016,2242,Germany,Female,8.5, $159.00 
11481,7/13/2016,2241,Germany,Female,8.5, $169.00 
11482,7/13/2016,2183,Canada,Male,10, $199.00 
11483,7/13/2016,2160,United States,Male,15, $149.00 
11484,7/14/2016,2156,Canada,Male,11, $149.00 
11485,7/14/2016,2220,United States,Male,11, $139.00 
11486,7/14/2016,2221,Germany,Male,13, $84.50 
11487,7/14/2016,2185,Germany,Male,10.5, $179.00 
11488,7/14/2016,2216,Germany,Female,9, $139.30 
11489,7/14/2016,2166,Germany,Female,12, $69.50 
11490,7/14/2016,2184,United States,Female,9, $151.20 
11491,7/14/2016,2178,Canada,Male,9.5, $104.30 
11492,7/14/2016,2170,Germany,Male,10.5, $139.00 
11493,7/14/2016,2174,Germany,Male,10, $119.20 
11494,7/14/2016,2227,United States,Female,8.5, $149.00 
11495,7/14/2016,2241,United States,Male,7, $159.00 
11496,7/14/2016,2220,Germany,Male,10.5, $151.20 
11497,7/14/2016,2188,United States,Female,8.5, $159.00 
11498,7/14/2016,2240,United States,Male,9, $116.10 
11499,7/14/2016,2229,United States,Male,8, $159.00 
11500,7/14/2016,2187,Germany,Female,7, $159.00 
11501,7/14/2016,2174,Germany,,8.5, $127.20 
11502,7/14/2016,2242,Germany,Female,8.5, $159.00 
11503,7/14/2016,2149,Germany,Female,10, $64.50 
11504,7/15/2016,2182,Germany,Male,10.5, $79.50 
11505,7/15/2016,2218,United States,Female,8, $179.00 
11506,7/15/2016,2175,Canada,Male,10.5, $169.00 
11507,7/15/2016,2175,Germany,Male,8.5, $151.20 
11508,7/15/2016,2232,Germany,Male,10, $89.50 
11509,7/15/2016,2183,United States,Male,12, $152.10 
11510,7/15/2016,2214,United States,Male,10, $139.00 
11511,7/15/2016,2192,United States,Female,8, $69.50 
11512,7/15/2016,2213,Canada,Male,9.5, $64.50 
11513,7/15/2016,2221,Germany,Male,10.5, $149.00 
11514,7/15/2016,2197,Germany,Male,9.5, $149.00 
11515,7/15/2016,2234,United States,Female,7, $139.00 
11516,7/15/2016,2229,United Kingdom,Female,4.5, $111.20 
11517,7/15/2016,2174,United States,Female,8.5, $99.50 
11518,7/15/2016,2219,Canada,Male,9, $169.00 
11519,7/15/2016,2196,United States,Male,10, $199.00 
11520,7/15/2016,2185,Germany,Female,10.5, $132.30 
11521,7/16/2016,2147,Germany,Male,9, $159.00 
11522,7/16/2016,2219,United States,Female,6.5, $169.00 
11523,7/16/2016,2157,Canada,Male,9.5, $179.10 
11524,7/16/2016,2198,Germany,Male,10.5, $179.00 
11525,7/16/2016,2150,Canada,Male,9, $152.10 
11526,7/16/2016,2223,United States,Male,9.5, $129.00 
11527,7/16/2016,2179,Germany,Female,7, $149.00 
11528,7/16/2016,2194,United States,Female,8, $111.20 
11529,7/16/2016,2238,Germany,Male,10, $199.00 
11530,7/16/2016,2240,Germany,Male,10, $161.10 
11531,7/16/2016,2157,Canada,Male,9, $179.00 
11532,7/16/2016,2161,United States,Female,8.5, $118.30 
11533,7/16/2016,2205,Canada,Male,7.5, $79.50 
11534,7/16/2016,2197,Germany,Female,7.5, $169.00 
11535,7/16/2016,2178,United States,Female,9, $129.00 
11536,7/16/2016,2234,United States,Female,9.5, $139.00 
11537,7/16/2016,2226,United States,Female,7, $151.20 
11538,7/16/2016,2163,Germany,Male,10.5, $129.00 
11539,7/16/2016,2168,Germany,Female,8.5, $149.00 
11540,7/16/2016,2194,United States,Male,9.5, $125.30 
11541,7/17/2016,2175,Germany,Male,8.5, $69.50 
11542,7/17/2016,2147,Germany,Male,10.5, $179.00 
11543,7/17/2016,2220,Germany,Male,10.5, $151.20 
11544,7/17/2016,2184,Canada,Male,9.5, $189.00 
11545,7/17/2016,2206,United States,Male,9.5, $169.00 
11546,7/17/2016,2231,Canada,Female,6.5, $159.00 
11547,7/17/2016,2217,Germany,Male,8, $125.30 
11548,7/17/2016,2231,Germany,Male,10.5, $189.00 
11549,7/17/2016,2227,United States,Female,8.5, $149.00 
11550,7/17/2016,2226,Canada,Male,9.5, $129.00 
11551,7/17/2016,2241,United States,Unix,8, $139.00 
11552,7/17/2016,2183,United States,Male,12, $152.10 
11553,7/18/2016,2221,United Kingdom,Male,11, $139.00 
11554,7/18/2016,2166,Germany,Male,11.5, $149.00 
11555,7/18/2016,2186,Germany,Male,9.5, $179.00 
11556,7/18/2016,2153,United States,Female,9, $143.10 
11557,7/18/2016,2165,Germany,Male,11.5, $143.10 
11558,7/18/2016,2240,Canada,Male,11.5, $189.00 
11559,7/18/2016,2224,Canada,Male,9.5, $118.30 
11560,7/18/2016,2230,United States,Male,7.5, $189.00 
11561,7/18/2016,2196,Germany,Male,15, $139.00 
11562,7/18/2016,2242,Germany,Male,9, $189.00 
11563,7/18/2016,2225,Germany,Male,9.5, $179.00 
11564,7/18/2016,2213,United States,Male,11, $139.00 
11565,7/18/2016,2186,Germany,Male,11, $161.10 
11566,7/18/2016,2227,Canada,Female,6.5, $170.10 
11567,7/18/2016,2214,United States,Male,10, $139.00 
11568,7/18/2016,2214,United Kingdom,Male,9, $159.00 
11569,7/18/2016,2217,United States,Male,9.5, $129.00 
11570,7/18/2016,2185,United States,Female,9.5, $129.00 
11571,7/19/2016,2151,United Kingdom,Male,9.5, $149.00 
11572,7/19/2016,2207,United States,Female,9.5, $90.30 
11573,7/19/2016,2175,United States,Male,10, $199.00 
11574,7/19/2016,2164,Canada,Male,11, $119.20 
11575,7/19/2016,2240,Canada,Male,11.5, $189.00 
11576,7/19/2016,2153,Canada,Female,8, $189.00 
11577,7/19/2016,2178,United States,Male,10, $169.00 
11578,7/19/2016,2193,United States,Male,10, $179.00 
11579,7/19/2016,2166,Canada,Male,7.5, $159.00 
11580,7/19/2016,2211,Germany,Male,9, $74.50 
11581,7/19/2016,2151,Germany,Male,12, $170.10 
11582,7/19/2016,2165,United States,Female,8.5, $90.30 
11583,7/19/2016,2170,Germany,Female,10.5, $170.10 
11584,7/19/2016,2148,Canada,Male,9.5, $149.00 
11585,7/19/2016,2162,United States,Male,11, $143.20 
11586,7/19/2016,2182,Germany,Male,10.5, $79.50 
11587,7/19/2016,2239,United Kingdom,Female,8, $97.30 
11588,7/19/2016,2166,United States,Female,8.5, $129.00 
11589,7/19/2016,2231,Canada,Female,6.5, $159.00 
11590,7/19/2016,2221,United Kingdom,Male,11, $139.00 
11591,7/19/2016,2173,Germany,Male,10.5, $169.00 
11592,7/19/2016,2203,Germany,Male,9, $135.20 
11593,7/19/2016,2187,Germany,Male,10, $179.00 
11594,7/20/2016,2220,United Kingdom,Male,8, $169.00 
11595,7/20/2016,2189,Germany,Male,9.5, $139.00 
11596,7/20/2016,2241,United States,Female,8, $139.00 
11597,7/20/2016,2196,United States,Male,10, $199.00 
11598,7/20/2016,2167,Germany,Male,10, $199.00 
11599,7/20/2016,2219,Canada,Male,9, $169.00 
11600,7/20/2016,2164,Canada,Male,11, $119.20 
11601,7/20/2016,2237,Canada,Unix,, $139.30 
11602,7/20/2016,2182,Germany,Male,9, $149.00 
11603,7/20/2016,2232,Germany,Male,10, $89.50 
11604,7/20/2016,2235,United States,Male,9.5, $118.30 
11605,7/20/2016,2199,Canada,Female,9, $90.30 
11606,7/20/2016,2240,United States,Male,10, $64.50 
11607,7/20/2016,2237,United States,Female,8.5, $84.50 
11608,7/20/2016,2226,United States,Female,7, $151.20 
11609,7/20/2016,2233,United States,Male,9.5, $125.10 
11610,7/20/2016,2187,United Kingdom,Female,9.5, $125.10 
11611,7/20/2016,2175,Germany,Male,10.5, $69.50 
11612,7/20/2016,2217,United States,Female,8.5, $159.00 
11613,7/20/2016,2214,United Kingdom,Female,9, $111.20 
11614,7/20/2016,2177,United Kingdom,Female,9, $189.00 
11615,7/20/2016,2151,United Kingdom,Male,9.5, $149.00 
11616,7/20/2016,2186,Germany,Male,9.5, $179.00 
11617,7/21/2016,2200,Germany,Male,10.5, $84.50 
11618,7/21/2016,2164,Germany,Male,10, $104.30 
11619,7/21/2016,2210,United States,Male,9, $97.30 
11620,7/21/2016,2206,United States,Male,14, $129.00 
11621,7/21/2016,2206,United Kingdom,Female,9.5, $74.50 
11622,7/21/2016,2180,United States,Female,8, $149.00 
11623,7/21/2016,2197,Germany,Male,8.5, $189.00 
11624,7/21/2016,2215,United States,Female,8, $149.00 
11625,7/21/2016,2193,United States,Female,7.5, $179.00 
11626,7/21/2016,2227,United States,Female,8, $199.00 
11627,7/21/2016,2195,Germany,Male,10, $169.00 
11628,7/21/2016,2198,Germany,Male,10.5, $179.00 
11629,7/21/2016,2177,United States,Male,9, $189.00 
11630,7/21/2016,2226,United States,Female,7, $151.20 
11631,7/21/2016,2177,United States,Female,7, $129.00 
11632,7/21/2016,2193,United States,Male,7.5, $104.30 
11633,7/21/2016,2200,United States,Male,9, $189.00 
11634,7/21/2016,2232,United States,Male,11, $119.20 
11635,7/21/2016,2214,United Kingdom,Male,9, $159.00 
11636,7/21/2016,2214,United Kingdom,Female,9, $111.20 
11637,7/21/2016,2204,Germany,Male,9, $199.00 
11638,7/21/2016,2227,Canada,Female,9, $129.00 
11639,7/22/2016,2241,Germany,Female,9.5, $149.00 
11640,7/22/2016,2217,Germany,Male,8, $125.30 
11641,7/22/2016,2220,Germany,Male,9, $170.10 
11642,7/22/2016,2189,United Kingdom,Female,4.5, $199.00 
11643,7/22/2016,2175,United Kingdom,Female,4.5, $139.30 
11644,7/22/2016,2223,Germany,Male,9.5, $143.20 
11645,7/22/2016,2203,United States,Male,11, $89.50 
11646,7/22/2016,2221,United States,Male,11, $74.50 
11647,7/22/2016,2201,Germany,Male,15, $129.00 
11648,7/22/2016,2182,Germany,Male,9, $149.00 
11649,7/22/2016,2238,Germany,Male,9.5, $64.50 
11650,7/22/2016,2204,Canada,Male,8, $169.00 
11651,7/22/2016,2159,United States,Unix,8, $97.30 
11652,7/22/2016,2151,Germany,Male,12, $170.10 
11653,7/22/2016,2160,United States,Male,11, $179.00 
11654,7/22/2016,2236,United Kingdom,Male,9.5, $199.00 
11655,7/22/2016,2165,Germany,Male,10, $169.00 
11656,7/22/2016,2218,Canada,Male,10.5, $179.00 
11657,7/22/2016,2241,United States,Male,7, $159.00 
11658,7/22/2016,2219,United States,Female,8, $139.00 
11659,7/22/2016,2218,Canada,Male,11, $139.00 
11660,7/22/2016,2148,Canada,Male,9.5, $149.00 
11661,7/22/2016,2214,Canada,Female,8.5, $199.00 
11662,7/22/2016,2214,United States,Male,11.5, $139.00 
11663,7/22/2016,2172,United States,Male,8.5, $139.00 
11664,7/22/2016,2197,Germany,Male,10.5, $143.20 
11665,7/22/2016,2221,United Kingdom,Male,11, $139.00 
11666,7/22/2016,2214,United Kingdom,Male,9, $159.00 
11667,7/22/2016,2199,Canada,Female,9, $90.30 
11668,7/22/2016,2222,Germany,Male,10.5, $116.10 
11669,7/22/2016,2209,United States,Female,8, $199.00 
11670,7/23/2016,2210,United States,Male,10.5, $119.20 
11671,7/23/2016,2166,United States,Female,9, $134.10 
11672,7/23/2016,2237,United States,Male,9.5, $159.20 
11673,7/23/2016,2179,Germany,Female,7.5, $90.30 
11674,7/23/2016,2189,United Kingdom,Female,4.5, $199.00 
11675,7/23/2016,2156,Canada,Male,10, $159.00 
11676,7/23/2016,2203,United States,Male,11, $89.50 
11677,7/23/2016,2227,United States,Female,8, $199.00 
11678,7/23/2016,2179,United States,Female,9, $139.00 
11679,7/23/2016,2197,Germany,Male,8.5, $189.00 
11680,7/23/2016,2205,Canada,Male,7.5, $79.50 
11681,7/23/2016,2176,United Kingdom,Male,10, $89.50 
11682,7/23/2016,2173,Germany,Male,9, $97.30 
11683,7/23/2016,2224,Canada,Male,9.5, $118.30 
11684,7/23/2016,2232,Germany,Male,10, $89.50 
11685,7/23/2016,2204,United States,Female,7.5, $159.00 
11686,7/23/2016,2206,United States,Female,9, $139.00 
11687,7/23/2016,2160,United States,Female,9.5, $64.50 
11688,7/23/2016,2172,Canada,Male,9.5, $143.20 
11689,7/23/2016,2195,Germany,Male,10, $169.00 
11690,7/23/2016,2153,United Kingdom,Female,10.5, $149.00 
11691,7/23/2016,2235,United States,Male,7.5, $134.10 
11692,7/23/2016,2205,Germany,Female,8, $111.30 
11693,7/23/2016,2165,Canada,Male,9, $119.20 
11694,7/23/2016,2187,Germany,Male,10, $179.00 
11695,7/24/2016,2169,United States,Male,9, $103.20 
11696,7/24/2016,2206,United States,Female,8.5, $159.00 
11697,7/24/2016,2153,United States,Female,9, $143.10 
11698,7/24/2016,2156,Canada,Male,10, $159.00 
11699,7/24/2016,2204,Germany,Male,9, $199.00 
11700,7/24/2016,2192,Canada,Male,9.5, $129.00 
11701,7/24/2016,2174,,Unix,9.5, $90.30 
11702,7/24/2016,2217,Canada,Female,9, $161.10 
11703,7/24/2016,2188,United States,Female,8, $129.00 
11704,7/24/2016,2195,United Kingdom,Male,10, $159.20 
11705,7/24/2016,2168,Germany,Male,9, $159.00 
11706,7/24/2016,2240,Canada,Male,11.5, $189.00 
11707,7/24/2016,2215,United States,Male,8, $97.30 
11708,7/24/2016,2186,United States,Female,6.5, $149.00 
11709,7/24/2016,2193,United States,Female,7.5, $152.10 
11710,7/24/2016,2213,United States,Female,9, $189.00 
11711,7/24/2016,2215,United States,Female,9.5, $84.50 
11712,7/24/2016,2209,Canada,Female,12, $90.30 
11713,7/24/2016,2151,Germany,Male,12, $170.10 
11714,7/24/2016,2163,Germany,Male,14, $104.30 
11715,7/24/2016,2222,United States,Male,11, $135.20 
11716,7/24/2016,2172,Germany,Male,9, $129.00 
11717,7/24/2016,2209,United States,Female,8, $199.00 
11718,7/24/2016,2240,United States,Male,10, $64.50 
11719,7/24/2016,2235,United States,Male,11, $169.00 
11720,7/24/2016,2211,Germany,Male,9, $74.50 
11721,7/25/2016,2175,United States,Male,10, $199.00 
11722,7/25/2016,2207,United Kingdom,Male,10, $104.30 
11723,7/25/2016,2207,Canada,Female,9.5, $116.10 
11724,7/25/2016,2204,Canada,Male,8, $169.00 
11725,7/25/2016,2240,Canada,Female,9, $116.10 
11726,7/25/2016,2193,United Kingdom,Male,8.5, $125.30 
11727,7/25/2016,2226,Canada,Female,12, $127.20 
11728,7/25/2016,2219,United States,Female,8, $139.00 
11729,7/25/2016,2214,United Kingdom,Female,8, $134.10 
11730,7/25/2016,2185,United Kingdom,Female,9, $125.10 
11731,7/25/2016,2172,United States,Male,8.5, $139.00 
11732,7/25/2016,2192,United States,Female,7.5, $169.00 
11733,7/25/2016,2152,United States,Female,9, $149.00 
11734,7/25/2016,2225,Germany,Male,11, $179.00 
11735,7/25/2016,2224,United States,Male,9.5, $159.00 
11736,7/25/2016,2229,United States,Male,11, $97.30 
11737,7/25/2016,2206,United States,Male,9.5, $169.00 
11738,7/25/2016,2171,Germany,Male,9, $149.00 
11739,7/25/2016,2202,Germany,Female,8, $139.30 
11740,7/25/2016,2201,Germany,Female,9, $169.00 
11741,7/25/2016,2174,United Kingdom,Female,8, $159.00 
11742,7/25/2016,2167,Germany,Female,6.5, $94.50 
11743,7/25/2016,2187,Germany,Male,10, $179.00 
11744,7/25/2016,2219,Canada,Female,8, $129.00 
11745,7/25/2016,2231,Canada,Female,8.5, $199.00 
11746,7/25/2016,2241,Germany,Female,9.5, $149.00 
11747,7/25/2016,2163,Germany,Male,11, $152.10 
11748,7/26/2016,2160,Canada,Male,9, $169.00 
11749,7/26/2016,2236,United Kingdom,Male,8, $159.00 
11750,7/26/2016,2214,Canada,Female,9.5, $104.30 
11751,7/26/2016,2224,Canada,Unix,9.5, $118.30 
11752,7/26/2016,2195,Germany,Male,10, $169.00 
11753,7/26/2016,2235,United States,Male,7.5, $134.10 
11754,7/26/2016,2158,United States,Male,9, $189.00 
11755,7/26/2016,2156,Germany,Female,8, $119.20 
11756,7/26/2016,2223,Germany,Male,9.5, $143.20 
11757,7/26/2016,2200,United States,Female,6.5, $94.50 
11758,7/26/2016,2221,United States,Female,8.5, $179.00 
11759,7/26/2016,2179,United States,Female,9, $139.00 
11760,7/26/2016,2206,United Kingdom,Female,8, $129.00 
11761,7/26/2016,2147,United States,Male,6.5, $139.00 
11762,7/26/2016,2224,United States,Male,9.5, $159.00 
11763,7/26/2016,2230,United States,Male,7.5, $189.00 
11764,7/26/2016,2231,United States,Male,8.5, $79.50 
11765,7/26/2016,2188,Germany,Male,9, $118.30 
11766,7/26/2016,2180,United Kingdom,Male,11, $189.00 
11767,7/26/2016,2221,Germany,Female,8, $189.00 
11768,7/26/2016,2171,Germany,Male,9, $149.00 
11769,7/26/2016,2192,Germany,Male,12, $151.20 
11770,7/26/2016,2208,Germany,Male,11, $139.30 
11771,7/27/2016,2197,Germany,Male,10.5, $143.20 
11772,7/27/2016,2222,Germany,Male,10.5, $116.10 
11773,7/27/2016,2209,Germany,Male,9.5, $199.00 
11774,7/27/2016,2236,United Kingdom,Male,10.5, $139.00 
11775,7/27/2016,2198,United States,Male,9.5, $179.10 
11776,7/27/2016,2148,Germany,Male,10, $199.00 
11777,7/27/2016,2225,United Kingdom,Male,8.5, $169.00 
11778,7/27/2016,2223,United States,Female,6.5, $129.00 
11779,7/27/2016,2175,Germany,Female,7.5, $134.10 
11780,7/27/2016,2221,United States,Male,10, $129.00 
11781,7/27/2016,2236,United States,Female,9, $189.00 
11782,7/27/2016,2185,United Kingdom,Female,8, $170.10 
11783,7/27/2016,2206,United States,Male,14, $129.00 
11784,7/27/2016,2209,Canada,Female,12, $90.30 
11785,7/27/2016,2154,Germany,Female,8, $84.50 
11786,7/27/2016,2221,Germany,Female,8, $189.00 
11787,7/27/2016,2207,Germany,Female,9, $169.00 
11788,7/27/2016,2231,Germany,Female,8, $199.00 
11789,7/27/2016,2196,United States,Female,6.5, $111.20 
11790,7/27/2016,2169,Canada,Female,5, $159.00 
11791,7/27/2016,2158,United States,Female,6.5, $169.00 
11792,7/27/2016,2225,Germany,Male,10, $189.00 
11793,7/28/2016,2190,United States,Female,8, $199.00 
11794,7/28/2016,2155,United States,Male,9, $103.20 
11795,7/28/2016,2179,United States,Male,10.5, $116.10 
11796,7/28/2016,2149,Germany,Female,7.5, $170.10 
11797,7/28/2016,2193,Germany,Female,7.5, $179.00 
11798,7/28/2016,2161,United States,Male,11, $189.00 
11799,7/28/2016,2184,Germany,Female,8, $169.00 
11800,7/28/2016,2223,United States,Female,8.5, $169.00 
11801,,2233,Canada,Unix,9, $129.00 
11802,7/28/2016,2205,Germany,Female,8, $111.30 
11803,7/28/2016,2192,Canada,Male,9.5, $129.00 
11804,7/28/2016,2226,United States,Male,10, $74.50 
11805,7/28/2016,2221,Germany,Male,9, $132.30 
11806,7/28/2016,2212,Canada,Female,7, $149.00 
11807,7/28/2016,2223,United Kingdom,Male,14, $132.30 
11808,7/28/2016,2206,United States,Male,9.5, $169.00 
11809,7/28/2016,2234,Canada,Male,11, $127.20 
11810,7/28/2016,2178,Canada,Male,9.5, $97.30 
11811,7/28/2016,2182,United States,Female,8, $89.50 
11812,7/29/2016,2219,United States,Female,6.5, $169.00 
11813,7/29/2016,2176,United States,Male,10.5, $69.50 
11814,7/29/2016,2173,United States,Male,8.5, $69.50 
11815,7/29/2016,2188,United States,Female,5.5, $64.50 
11816,7/29/2016,2206,United States,Male,11, $90.30 
11817,7/29/2016,2163,Germany,Male,14, $104.30 
11818,7/29/2016,2199,United States,Male,11, $169.00 
11819,7/29/2016,2237,Canada,Male,9, $151.20 
11820,7/29/2016,2236,Canada,Female,8, $139.30 
11821,7/29/2016,2175,Germany,Female,7.5, $134.10 
11822,7/29/2016,2167,United States,Female,9, $64.50 
11823,7/29/2016,2156,Germany,Male,12, $199.00 
11824,7/29/2016,2199,Germany,Female,8.5, $89.50 
11825,7/29/2016,2204,Canada,Male,8, $169.00 
11826,7/29/2016,2202,United States,Female,7.5, $94.50 
11827,7/29/2016,2160,United States,Male,9.5, $74.50 
11828,7/29/2016,2207,United Kingdom,Male,10, $104.30 
11829,7/29/2016,2236,United States,Female,8, $189.00 
11830,7/29/2016,2176,Germany,Female,8, $111.30 
11831,7/29/2016,2240,Germany,Male,9, $64.50 
11832,7/29/2016,2210,United States,Male,9, $159.00 
11833,7/29/2016,2192,United States,Female,7.5, $169.00 
11834,7/29/2016,2171,United States,Male,6, $143.10 
11835,7/29/2016,2159,United Kingdom,Male,9.5, $179.00 
11836,7/29/2016,2155,Germany,Male,15, $159.00 
11837,7/30/2016,2192,United States,Female,8.5, $169.00 
11838,7/30/2016,2200,Germany,Male,7.5, $132.30 
11839,7/30/2016,2177,Germany,Female,12, $90.30 
11840,7/30/2016,2157,United States,Male,10, $199.00 
11841,7/30/2016,2208,Canada,Male,9, $79.50 
11842,7/30/2016,2171,United States,Female,5.5, $199.00 
11843,7/30/2016,2147,Canada,Female,8, $152.10 
11844,7/30/2016,2192,Canada,Male,9.5, $129.00 
11845,7/30/2016,2195,United Kingdom,Female,8, $189.00 
11846,7/30/2016,2196,United States,Male,10, $189.00 
11847,7/30/2016,2234,United States,Male,10, $139.00 
11848,7/30/2016,2161,Germany,Male,10, $159.00 
11849,7/30/2016,2212,United States,Female,8.5, $149.00 
11850,7/30/2016,2236,United Kingdom,Male,8, $159.00 
11851,7/30/2016,2169,Germany,Unix,12, $161.10 
11852,7/30/2016,2217,United States,Female,7.5, $151.20 
11853,7/30/2016,2149,Germany,Female,7.5, $170.10 
11854,7/30/2016,2179,United States,Female,8.5, $97.30 
11855,7/30/2016,2168,Germany,Female,8.5, $149.00 
11856,7/30/2016,2154,Germany,Male,9, $170.10 
11857,7/30/2016,2165,United States,Female,8.5, $179.00 
11858,7/30/2016,2167,United States,Female,8.5, $189.00 
11859,7/30/2016,2183,United States,Male,15, $189.00 
11860,7/30/2016,2170,United Kingdom,Male,7.5, $134.10 
11861,7/30/2016,2223,Germany,Male,9.5, $143.20 
11862,7/30/2016,2172,United Kingdom,Female,8.5, $134.10 
11863,7/30/2016,2199,United States,Male,9.5, $139.00 
11864,7/30/2016,2219,United States,Male,9.5, $118.30 
11865,7/30/2016,2190,United Kingdom,Male,8, $94.50 
11866,7/31/2016,2216,United States,Female,6.5, $118.30 
11867,7/31/2016,2217,United States,Female,8.5, $129.00 
11868,7/31/2016,2231,United States,Male,8.5, $79.50 
11869,7/31/2016,2221,United Kingdom,Male,10.5, $116.10 
11870,7/31/2016,2199,Germany,Female,8.5, $199.00 
11871,7/31/2016,2204,Germany,Female,10.5, $74.50 
11872,7/31/2016,2203,Germany,Male,10.5, $116.10 
11873,7/31/2016,2156,Germany,Male,9, $129.00 
11874,7/31/2016,2226,United States,Male,10, $74.50 
11875,7/31/2016,2224,Germany,Male,9.5, $149.00 
11876,7/31/2016,2163,Germany,Male,10, $170.10 
11877,7/31/2016,2171,Germany,Male,8.5, $139.00 
11878,7/31/2016,2181,United Kingdom,Male,10, $139.00 
11879,7/31/2016,2151,United States,Male,10.5, $159.00 
11880,7/31/2016,2163,Germany,Male,14, $104.30 
11881,7/31/2016,2231,Germany,Female,8, $132.30 
11882,7/31/2016,2215,United States,Male,8, $97.30 
11883,7/31/2016,2165,United States,Female,8.5, $179.00 
11884,7/31/2016,2185,Canada,Female,8.5, $199.00 
11885,7/31/2016,2164,Germany,Male,9.5, $143.20 
11886,7/31/2016,2184,United Kingdom,Female,8.5, $169.00 
11887,7/31/2016,2233,Canada,Female,9, $129.00 
11888,7/31/2016,2160,United States,Male,9.5, $179.00 
11889,7/31/2016,2236,United Kingdom,Male,7, $90.30 
11890,8/1/2016,2177,United States,Male,10, $129.00 
11891,8/1/2016,2199,Germany,Female,8.5, $89.50 
11892,8/1/2016,2180,United Kingdom,Female,9.5, $169.00 
11893,8/1/2016,2229,United States,Female,7, $159.00 
11894,8/1/2016,2191,Germany,Male,12, $149.00 
11895,8/1/2016,2171,United States,Male,6, $143.10 
11896,8/1/2016,2228,Canada,Female,8, $132.30 
11897,8/1/2016,2239,United States,Male,9.5, $159.00 
11898,8/1/2016,2217,United States,Male,9, $139.30 
11899,8/1/2016,2157,United Kingdom,Female,9, $159.00 
11900,8/1/2016,2223,United Kingdom,Male,14, $132.30 
11901,8/1/2016,2167,United States,Unix,6.5, $127.20 
11902,8/1/2016,2172,United States,Male,8.5, $139.00 
11903,8/1/2016,2215,United States,Male,8, $97.30 
11904,8/1/2016,2177,Germany,Female,9, $149.00 
11905,8/1/2016,2165,Germany,Male,10, $169.00 
11906,8/1/2016,2170,United States,Female,7.5, $89.50 
11907,8/1/2016,2192,United States,Male,12, $74.50 
11908,8/1/2016,2238,Canada,Male,10, $199.00 
11909,8/1/2016,2178,United States,Male,9.5, $143.10 
11910,8/1/2016,2215,United States,Male,10.5, $159.00 
11911,8/1/2016,2238,United Kingdom,Male,10, $149.00 
11912,8/2/2016,2196,United States,Male,10, $169.00 
11913,8/2/2016,2196,United States,Male,10, $189.00 
11914,8/2/2016,2148,United States,Female,9.5, $103.20 
11915,8/2/2016,2222,Germany,Male,10.5, $116.10 
11916,8/2/2016,2179,United States,Female,7, $79.50 
11917,8/2/2016,2229,United States,Male,11, $97.30 
11918,8/2/2016,2215,Germany,Female,7.5, $111.30 
11919,8/2/2016,2212,Germany,Male,10.5, $129.00 
11920,8/2/2016,2198,United States,Female,8, $129.00 
11921,8/2/2016,2196,United States,Female,8, $179.00 
11922,8/2/2016,2206,Canada,Female,9, $199.00 
11923,8/2/2016,2181,United Kingdom,Male,10, $139.00 
11924,8/2/2016,2207,United Kingdom,Male,10, $104.30 
11925,8/2/2016,2174,United States,Male,10.5, $179.10 
11926,8/2/2016,2181,United States,Male,11, $69.50 
11927,8/2/2016,2221,Germany,Male,10.5, $149.00 
11928,8/2/2016,2204,United States,Female,7.5, $159.00 
11929,8/2/2016,2190,United States,Male,10.5, $161.10 
11930,8/2/2016,2173,Germany,Male,12, $169.00 
11931,8/2/2016,2157,United Kingdom,Female,9, $159.00 
11932,8/3/2016,2203,United Kingdom,Female,9.5, $149.00 
11933,8/3/2016,2236,United States,Female,8, $189.00 
11934,8/3/2016,2204,Germany,Male,12, $169.00 
11935,8/3/2016,2191,Canada,Male,9.5, $139.30 
11936,8/3/2016,2221,United States,Male,10, $129.00 
11937,8/3/2016,2226,Canada,Female,9, $199.00 
11938,8/3/2016,2211,Germany,Male,9.5, $179.00 
11939,8/3/2016,2166,United States,Female,8, $179.00 
11940,8/3/2016,2223,United Kingdom,Male,14, $132.30 
11941,8/3/2016,2224,United States,Female,8.5, $125.10 
11942,8/3/2016,2160,United States,Male,11, $179.00 
11943,8/3/2016,2225,United Kingdom,Female,9, $179.00 
11944,8/3/2016,2173,United States,Male,8.5, $69.50 
11945,8/3/2016,2219,United States,Male,9.5, $118.30 
11946,8/3/2016,2242,United States,Female,9, $199.00 
11947,8/3/2016,2187,United Kingdom,Male,10.5, $169.00 
11948,8/3/2016,2181,United Kingdom,Male,10, $139.00 
11949,8/3/2016,2225,Germany,Male,11, $179.00 
11950,8/4/2016,2170,United Kingdom,Female,9.5, $127.20 
11951,8/4/2016,2156,Canada,Unix,9.5, $179.10 
11952,8/4/2016,2187,Germany,Male,10.5, $79.50 
11953,8/4/2016,2213,Canada,Male,10.5, $129.00 
11954,8/4/2016,2240,United States,Male,10, $84.50 
11955,8/4/2016,2151,United States,Male,10.5, $159.00 
11956,8/4/2016,2219,Canada,Female,6.5, $99.50 
11957,8/4/2016,2181,Canada,Female,9, $139.30 
11958,8/4/2016,2225,Germany,Male,10, $189.00 
11959,8/4/2016,2198,United States,Female,8, $129.00 
11960,8/4/2016,2181,United States,Male,8.5, $89.50 
11961,8/4/2016,2186,Germany,Female,8.5, $143.20 
11962,8/4/2016,2160,United States,Female,9.5, $64.50 
11963,8/4/2016,2204,United Kingdom,Male,8.5, $169.00 
11964,8/4/2016,2176,United States,Male,9, $199.00 
11965,8/4/2016,2175,United States,Male,8.5, $103.20 
11966,8/4/2016,2164,Canada,Female,8, $94.50 
11967,8/4/2016,2158,United States,Female,8.5, $159.00 
11968,8/4/2016,2149,Canada,Male,9.5, $159.00 
11969,8/4/2016,2185,Germany,Female,9, $129.00 
11970,8/4/2016,2206,United Kingdom,Female,8, $129.00 
11971,8/4/2016,2165,Canada,Female,9, $89.50 
11972,8/5/2016,2238,Canada,Male,10, $199.00 
11973,8/5/2016,2197,United States,Male,10, $151.20 
11974,8/5/2016,2231,Germany,Male,9, $139.00 
11975,8/5/2016,2148,Canada,Male,7.5, $179.00 
11976,8/5/2016,2149,United States,Male,12, $189.00 
11977,8/5/2016,2185,United Kingdom,Female,9, $125.10 
11978,8/5/2016,2185,United Kingdom,Female,8, $170.10 
11979,8/5/2016,2160,Canada,Male,8.5, $104.30 
11980,8/5/2016,2147,Germany,Female,12, $159.00 
11981,8/5/2016,2193,United States,Male,9.5, $129.00 
11982,8/5/2016,2211,Germany,Male,9.5, $179.00 
11983,8/5/2016,2196,United States,Male,10, $169.00 
11984,8/5/2016,2223,United States,Female,8.5, $199.00 
11985,8/5/2016,2196,United Kingdom,Female,9, $118.30 
11986,8/5/2016,2199,Canada,Male,15, $149.00 
11987,8/5/2016,2173,United States,Male,7.5, $129.00 
11988,8/5/2016,2240,United States,Male,10, $84.50 
11989,8/5/2016,2173,Canada,Female,8, $179.00 
11990,8/5/2016,2187,United States,Female,9, $139.00 
11991,8/5/2016,2177,Canada,Male,8.5, $134.10 
11992,8/5/2016,2160,Canada,Male,10.5, $152.10 
11993,8/5/2016,2201,Germany,Female,9, $169.00 
11994,8/5/2016,2210,Germany,Female,11.5, $139.00 
11995,8/5/2016,2182,United States,Male,12, $74.50 
11996,8/6/2016,2220,United States,Male,7, $151.20 
11997,8/6/2016,2179,Canada,Female,7.5, $179.10 
11998,8/6/2016,2181,United States,Male,11, $69.50 
11999,8/6/2016,2165,Canada,Female,9, $104.30 
12000,8/6/2016,2208,United Kingdom,Male,10.5, $134.10 
12001,8/6/2016,2204,Germany,,12, $169.00 
12002,8/6/2016,2238,Canada,Male,10, $125.10 
12003,8/6/2016,2158,Canada,Female,7, $159.00 
12004,8/6/2016,2187,Canada,Female,8, $199.00 
12005,8/6/2016,2192,United States,Male,12, $74.50 
12006,8/6/2016,2193,United States,Male,9.5, $129.00 
12007,8/6/2016,2210,United States,Female,7.5, $189.00 
12008,8/6/2016,2204,Germany,Female,6.5, $132.30 
12009,8/6/2016,2228,Germany,Male,8, $129.00 
12010,8/6/2016,2187,Germany,Female,8.5, $149.00 
12011,8/6/2016,2185,Canada,Female,10.5, $127.20 
12012,8/6/2016,2166,Germany,Female,5.5, $134.10 
12013,8/6/2016,2209,Canada,Male,9, $79.50 
12014,8/6/2016,2194,United States,Male,6, $159.00 
12015,8/6/2016,2222,United States,Male,10, $189.00 
12016,8/6/2016,2210,United States,Female,9, $151.20 
12017,8/6/2016,2175,United States,Male,8.5, $103.20 
12018,8/7/2016,2171,United States,Female,8.5, $161.10 
12019,8/7/2016,2162,United States,Female,8, $189.00 
12020,8/7/2016,2238,United Kingdom,Male,10, $149.00 
12021,8/7/2016,2187,Germany,Male,10.5, $79.50 
12022,8/7/2016,2149,Germany,Male,10.5, $135.20 
12023,8/7/2016,2235,Canada,Male,9, $199.00 
12024,8/7/2016,2190,United States,Male,10.5, $161.10 
12025,8/7/2016,2192,United States,Male,12, $74.50 
12026,8/7/2016,2159,Germany,Female,8.5, $189.00 
12027,8/7/2016,2202,Germany,Female,8.5, $84.50 
12028,8/7/2016,2191,United States,Male,9, $104.30 
12029,8/7/2016,2195,United States,Male,9.5, $132.30 
12030,8/7/2016,2182,Germany,Female,9, $79.50 
12031,8/7/2016,2158,Canada,Male,15, $139.00 
12032,8/7/2016,2147,Germany,Female,12, $159.00 
12033,8/7/2016,2220,United States,Female,8, $159.00 
12034,8/7/2016,2233,United States,Male,10, $64.50 
12035,8/8/2016,2192,United States,Male,8, $119.20 
12036,8/8/2016,2197,Germany,Male,9.5, $149.00 
12037,8/8/2016,2156,United States,Male,11.5, $189.00 
12038,8/8/2016,2227,Germany,Male,12, $125.30 
12039,8/8/2016,2154,United States,Male,9, $161.10 
12040,8/8/2016,2225,Canada,Male,10, $199.00 
12041,8/8/2016,2158,Canada,Female,7.5, $111.30 
12042,8/8/2016,2191,Germany,Male,10, $149.00 
12043,8/8/2016,2202,United States,Male,8.5, $179.00 
12044,8/8/2016,2149,Germany,Male,9, $179.00 
12045,8/8/2016,2182,United States,Male,12, $74.50 
12046,8/8/2016,2227,United States,Male,9, $159.00 
12047,8/8/2016,2195,United Kingdom,Male,10, $159.20 
12048,8/8/2016,2157,Canada,Male,6, $169.00 
12049,8/8/2016,2198,United States,Female,8, $139.00 
12050,8/8/2016,2226,Germany,Female,7.5, $189.00 
12051,8/8/2016,2193,United States,Unix,9.5, $129.00 
12052,8/8/2016,2194,United States,Female,9, $125.10 
12053,8/9/2016,2206,United Kingdom,Female,8, $129.00 
12054,8/9/2016,2188,United Kingdom,Male,10, $139.00 
12055,8/9/2016,2194,United States,Female,8, $111.20 
12056,8/9/2016,2158,United States,Female,8.5, $159.00 
12057,8/9/2016,2196,United States,Female,9, $89.50 
12058,8/9/2016,2186,United States,Male,10, $199.00 
12059,8/9/2016,2148,Germany,Female,8.5, $169.00 
12060,8/9/2016,2174,United States,Female,8, $159.20 
12061,8/9/2016,2166,Germany,Female,12, $69.50 
12062,8/9/2016,2240,Germany,Female,9.5, $139.00 
12063,8/9/2016,2174,Canada,Male,10, $151.20 
12064,8/9/2016,2214,Canada,Male,10.5, $139.00 
12065,8/9/2016,2183,Canada,Male,10.5, $129.00 
12066,8/9/2016,2171,Canada,Male,10, $169.00 
12067,8/9/2016,2174,Canada,Male,8.5, $199.00 
12068,8/9/2016,2241,Germany,Female,8.5, $169.00 
12069,8/9/2016,2185,United States,Female,8, $189.00 
12070,8/9/2016,2225,United States,Female,8, $189.00 
12071,8/9/2016,2185,United Kingdom,Female,9, $125.10 
12072,8/9/2016,2183,Canada,Female,6.5, $139.00 
12073,8/9/2016,2224,Germany,Female,9, $179.00 
12074,8/9/2016,2147,Germany,Male,9, $159.00 
12075,8/9/2016,2189,Germany,Male,9, $199.00 
12076,8/9/2016,2172,Germany,Male,13, $69.50 
12077,8/9/2016,2172,Germany,Female,9, $179.00 
12078,8/9/2016,2226,Canada,Male,9.5, $143.20 
12079,8/9/2016,2156,Germany,Male,12, $199.00 
12080,8/9/2016,2216,United States,Female,9, $159.20 
12081,8/9/2016,2173,United States,Male,14, $179.00 
12082,8/10/2016,2242,United Kingdom,Male,9.5, $97.30 
12083,8/10/2016,2195,United States,Male,11, $189.00 
12084,8/10/2016,2193,Germany,Male,9.5, $103.20 
12085,8/10/2016,2159,Germany,Female,8.5, $189.00 
12086,8/10/2016,2242,United States,Female,9, $199.00 
12087,8/10/2016,2174,Germany,Female,12, $189.00 
12088,8/10/2016,2226,Germany,Male,9.5, $149.00 
12089,8/10/2016,2205,United States,Female,8, $161.10 
12090,8/10/2016,2225,Canada,Male,10, $199.00 
12091,8/10/2016,2177,United States,Male,11, $159.00 
12092,8/10/2016,2160,Canada,Male,10.5, $152.10 
12093,8/10/2016,2183,Canada,Male,10.5, $129.00 
12094,8/10/2016,2176,United States,Male,10.5, $152.10 
12095,8/10/2016,2181,Germany,Male,10.5, $94.50 
12096,8/10/2016,2178,Germany,Female,10, $159.00 
12097,8/10/2016,2208,United Kingdom,Male,10.5, $134.10 
12098,8/10/2016,2158,Canada,Female,7, $159.00 
12099,8/10/2016,2178,Germany,Female,5, $125.10 
12100,8/10/2016,2195,Germany,Female,5, $189.00 
12101,8/10/2016,2188,United States,Unix,, $169.00 
12102,8/10/2016,2187,United States,Female,8, $139.00 
12103,8/10/2016,2237,Germany,Male,15, $97.30 
12104,8/10/2016,2193,Germany,Female,10.5, $125.10 
12105,8/10/2016,2152,United States,Female,7.5, $170.10 
12106,8/10/2016,2171,Canada,Male,10, $169.00 
12107,8/10/2016,2235,United Kingdom,Male,10.5, $199.00 
12108,8/10/2016,2187,United Kingdom,Male,10, $74.50 
12109,8/10/2016,2227,United States,Male,10.5, $111.30 
12110,8/10/2016,2206,United States,Male,9.5, $104.30 
12111,8/11/2016,2227,Germany,Female,8, $64.50 
12112,8/11/2016,2166,Germany,Female,9, $125.30 
12113,8/11/2016,2184,United States,Male,6.5, $159.20 
12114,8/11/2016,2175,United States,Male,8.5, $169.00 
12115,8/11/2016,2225,United States,Female,9, $143.10 
12116,8/11/2016,2183,United States,Female,10, $84.50 
12117,8/11/2016,2194,United States,Male,6, $159.00 
12118,8/11/2016,2205,United States,Female,8, $161.10 
12119,8/11/2016,2208,Germany,Male,10, $104.30 
12120,8/11/2016,2179,Germany,Male,10, $143.20 
12121,8/11/2016,2158,Germany,Male,9.5, $179.00 
12122,8/11/2016,2239,United States,Female,7.5, $159.00 
12123,8/11/2016,2150,Germany,Male,8, $189.00 
12124,8/11/2016,2235,Canada,Male,9.5, $179.00 
12125,8/11/2016,2200,United States,Female,4.5, $134.10 
12126,8/11/2016,2209,Canada,Male,9, $79.50 
12127,8/11/2016,2160,Canada,Male,10.5, $152.10 
12128,8/11/2016,2150,Canada,Female,6.5, $143.20 
12129,8/11/2016,2178,Germany,Female,5, $125.10 
12130,8/11/2016,2188,United States,Female,8, $169.00 
12131,8/11/2016,2241,Germany,Male,9.5, $139.00 
12132,8/11/2016,2220,United States,Male,9.5, $69.50 
12133,8/11/2016,2215,United States,Female,8, $149.00 
12134,8/11/2016,2224,Germany,Male,9, $64.50 
12135,8/11/2016,2207,Germany,Male,11, $119.20 
12136,8/11/2016,2183,Canada,Male,10.5, $129.00 
12137,8/11/2016,2207,United Kingdom,Female,8.5, $179.00 
12138,8/11/2016,2182,United States,Male,12, $74.50 
12139,8/12/2016,2153,United States,Male,9.5, $99.50 
12140,8/12/2016,2184,United States,Male,6.5, $159.20 
12141,8/12/2016,2208,United States,Female,8.5, $149.00 
12142,8/12/2016,2149,Germany,Male,9, $179.00 
12143,8/12/2016,2208,Germany,Male,10, $104.30 
12144,8/12/2016,2208,United Kingdom,Male,10, $139.00 
12145,8/12/2016,2242,Germany,Female,9.5, $159.20 
12146,8/12/2016,2241,United States,Male,10.5, $149.00 
12147,8/12/2016,2172,United States,Male,8.5, $189.00 
12148,8/12/2016,2223,Germany,Female,7.5, $129.00 
12149,8/12/2016,2242,Germany,Male,9.5, $90.30 
12150,8/12/2016,2182,Germany,Male,7, $139.00 
12151,8/12/2016,2175,United Kingdom,Unix,4.5, $139.30 
12152,8/12/2016,2160,United States,Male,9, $189.00 
12153,8/12/2016,2172,United States,Female,10.5, $159.00 
12154,8/12/2016,2155,United States,Female,10.5, $169.00 
12155,8/12/2016,2214,United States,Female,8.5, $111.30 
12156,8/12/2016,2227,Germany,Male,12, $125.30 
12157,8/12/2016,2241,Germany,Male,9.5, $139.00 
12158,8/12/2016,2192,United States,Female,8, $170.10 
12159,8/12/2016,2196,United States,Female,8, $179.00 
12160,8/13/2016,2157,United Kingdom,Male,9.5, $104.30 
12161,8/13/2016,2177,United States,Male,11, $159.00 
12162,8/13/2016,2152,Canada,Female,9, $169.00 
12163,8/13/2016,2216,United States,Female,9, $159.20 
12164,8/13/2016,2179,Germany,Female,8, $179.00 
12165,8/13/2016,2225,Germany,Female,8.5, $159.00 
12166,8/13/2016,2179,Germany,Female,9.5, $111.20 
12167,8/13/2016,2156,United States,Male,11.5, $189.00 
12168,8/13/2016,2189,United Kingdom,Female,4.5, $199.00 
12169,8/13/2016,2236,Canada,Female,8, $139.30 
12170,8/13/2016,2225,Canada,Female,12, $179.00 
12171,8/13/2016,2223,United States,Male,9, $69.50 
12172,8/13/2016,2147,Canada,Female,9, $139.30 
12173,8/13/2016,2154,United States,Male,10.5, $199.00 
12174,8/13/2016,2184,United States,Female,12, $169.00 
12175,8/13/2016,2225,United States,Male,9.5, $139.00 
12176,8/13/2016,2158,United States,Female,8, $161.10 
12177,8/13/2016,2220,United States,Male,9.5, $69.50 
12178,8/14/2016,2153,Canada,Female,8.5, $149.00 
12179,8/14/2016,2172,Germany,Male,13, $69.50 
12180,8/14/2016,2168,United Kingdom,Male,8.5, $103.20 
12181,8/14/2016,2233,United Kingdom,Male,9.5, $159.00 
12182,8/14/2016,2176,United Kingdom,Male,10, $89.50 
12183,8/14/2016,2210,United States,Male,9, $139.00 
12184,8/14/2016,2148,Germany,Female,8.5, $169.00 
12185,8/14/2016,2217,Germany,Female,8.5, $169.00 
12186,8/14/2016,2236,Germany,Female,9.5, $169.00 
12187,8/14/2016,2213,Canada,Male,9, $143.20 
12188,8/14/2016,2168,United States,Female,8, $119.20 
12189,8/14/2016,2226,Canada,Female,12, $127.20 
12190,8/14/2016,2161,United Kingdom,Female,9.5, $116.10 
12191,8/14/2016,2172,Germany,Female,8.5, $159.00 
12192,8/14/2016,2162,United States,Male,10, $134.10 
12193,8/14/2016,2177,United States,Male,8, $199.00 
12194,8/14/2016,2171,United States,Male,12, $179.00 
12195,8/14/2016,2204,Canada,Male,10, $179.00 
12196,8/14/2016,2187,Germany,Male,8.5, $129.00 
12197,8/14/2016,2195,Germany,Female,9.5, $199.00 
12198,8/14/2016,2233,Germany,Male,11, $159.00 
12199,8/14/2016,2180,Germany,Female,7.5, $159.20 
12200,8/14/2016,2192,United States,Female,8, $170.10 
12201,8/15/2016,2183,,Unix,8.5, $189.00 
12202,8/15/2016,2152,Germany,Male,9, $189.00 
12203,8/15/2016,2237,Canada,Female,7.5, $139.00 
12204,8/15/2016,2157,United Kingdom,Male,9.5, $104.30 
12205,8/15/2016,2168,United Kingdom,Male,8.5, $103.20 
12206,8/15/2016,2206,United States,Male,9.5, $104.30 
12207,8/15/2016,2195,United Kingdom,Male,10, $159.20 
12208,8/15/2016,2225,United States,Male,9, $97.30 
12209,8/15/2016,2226,United States,Female,8, $94.50 
12210,8/15/2016,2233,United Kingdom,Male,12, $129.00 
12211,8/15/2016,2170,United Kingdom,Female,8, $199.00 
12212,8/15/2016,2152,Canada,Female,9, $169.00 
12213,8/15/2016,2193,United States,Male,9.5, $159.20 
12214,8/15/2016,2223,United States,Male,9, $69.50 
12215,8/15/2016,2193,United Kingdom,Female,9.5, $111.30 
12216,8/15/2016,2178,Germany,Female,10, $159.00 
12217,8/15/2016,2242,United States,Male,9, $135.20 
12218,8/15/2016,2194,United States,Female,9.5, $159.20 
12219,8/15/2016,2178,Canada,Male,10.5, $159.20 
12220,8/15/2016,2201,Germany,Male,10.5, $139.30 
12221,8/15/2016,2196,Germany,Male,8, $139.30 
12222,8/15/2016,2241,United States,Male,10.5, $179.00 
12223,8/15/2016,2226,Canada,Male,9.5, $143.20 
12224,8/16/2016,2190,Canada,Female,8.5, $143.10 
12225,8/16/2016,2179,Germany,Female,8, $179.00 
12226,8/16/2016,2229,Germany,Female,9.5, $135.20 
12227,8/16/2016,2176,United Kingdom,Male,10, $89.50 
12228,8/16/2016,2157,United Kingdom,Male,9.5, $104.30 
12229,8/16/2016,2153,United States,Male,9, $97.30 
12230,8/16/2016,2186,United States,Female,8, $139.00 
12231,8/16/2016,2233,United Kingdom,Male,9.5, $159.00 
12232,8/16/2016,2198,Canada,Male,11, $129.00 
12233,8/16/2016,2173,United States,Male,10.5, $118.30 
12234,8/16/2016,2194,United States,Male,12, $116.10 
12235,8/16/2016,2220,Canada,Male,8.5, $179.00 
12236,8/16/2016,2189,Germany,Male,9, $199.00 
12237,8/16/2016,2162,United States,Male,10, $134.10 
12238,8/16/2016,2165,Germany,Female,8.5, $97.30 
12239,8/16/2016,2158,United States,Male,10, $199.00 
12240,8/16/2016,2224,United States,Female,9.5, $169.00 
12241,8/16/2016,2150,United States,Female,10.5, $74.50 
12242,8/16/2016,2183,Canada,Male,10, $129.00 
12243,8/16/2016,2179,Germany,Male,10, $143.20 
12244,8/16/2016,2171,Canada,Male,9.5, $149.00 
12245,8/16/2016,2240,United States,Female,8, $97.30 
12246,8/16/2016,2239,Germany,Female,7.5, $179.00 
12247,8/16/2016,2171,Canada,Male,10, $169.00 
12248,8/16/2016,2218,United States,Male,9.5, $125.30 
12249,8/17/2016,2236,United States,Male,11.5, $169.00 
12250,8/17/2016,2232,Germany,Male,10, $161.10 
12251,8/17/2016,2170,United States,Unix,10.5, $149.00 
12252,8/17/2016,2196,Canada,Male,10.5, $125.10 
12253,8/17/2016,2168,United States,Male,9.5, $74.50 
12254,8/17/2016,2236,United States,Female,9.5, $132.30 
12255,8/17/2016,2168,United Kingdom,Male,8.5, $103.20 
12256,8/17/2016,2228,United States,Male,9.5, $125.30 
12257,8/17/2016,2184,United States,Female,12, $169.00 
12258,8/17/2016,2203,Germany,Female,8, $89.50 
12259,8/17/2016,2175,United States,Male,8.5, $169.00 
12260,8/17/2016,2168,Germany,Female,10, $111.20 
12261,8/17/2016,2166,United States,Female,9, $159.00 
12262,8/17/2016,2167,Canada,Female,8, $139.00 
12263,8/17/2016,2159,Canada,Male,9.5, $189.00 
12264,8/17/2016,2192,United States,Female,8, $69.50 
12265,8/17/2016,2227,United States,Male,10, $129.00 
12266,8/17/2016,2230,United Kingdom,Female,9.5, $132.30 
12267,8/17/2016,2180,Germany,Female,7.5, $159.20 
12268,8/17/2016,2148,United States,Male,9, $119.20 
12269,8/17/2016,2173,United States,Male,9.5, $125.10 
12270,8/17/2016,2210,United States,Female,8.5, $169.00 
12271,8/18/2016,2176,United States,Male,9, $97.30 
12272,8/18/2016,2170,United States,Male,9.5, $69.50 
12273,8/18/2016,2147,Canada,Male,9.5, $149.00 
12274,8/18/2016,2184,United States,Female,9, $189.00 
12275,8/18/2016,2171,United States,Male,12, $179.00 
12276,8/18/2016,2226,Germany,Male,7.5, $199.00 
12277,8/18/2016,2187,Germany,Female,8.5, $149.00 
12278,8/18/2016,2184,United States,Male,6.5, $159.20 
12279,8/18/2016,2184,United Kingdom,Male,9, $118.30 
12280,8/18/2016,2174,United States,Male,6, $79.50 
12281,8/18/2016,2235,Canada,Male,9.5, $179.00 
12282,8/18/2016,2164,Canada,Female,8, $94.50 
12283,8/18/2016,2204,Canada,Male,10, $179.00 
12284,8/18/2016,2149,United States,Male,9, $127.20 
12285,8/18/2016,2182,United States,Male,9.5, $159.00 
12286,8/18/2016,2171,United States,Female,8, $179.10 
12287,8/18/2016,2172,United States,Male,8.5, $189.00 
12288,8/18/2016,2167,Canada,Male,10, $159.00 
12289,8/18/2016,2226,Germany,Male,9.5, $149.00 
12290,8/18/2016,2226,Canada,Male,9.5, $143.20 
12291,8/18/2016,2158,Germany,Male,10.5, $189.00 
12292,8/18/2016,2162,United States,Female,8, $189.00 
12293,8/18/2016,2234,United States,Male,7.5, $99.50 
12294,8/19/2016,2208,United Kingdom,Male,10, $139.00 
12295,8/19/2016,2233,Germany,Male,11, $111.20 
12296,8/19/2016,2187,Germany,Male,8.5, $129.00 
12297,8/19/2016,2206,United States,Male,9.5, $69.50 
12298,8/19/2016,2238,United States,Male,9.5, $149.00 
12299,8/19/2016,2149,United States,Male,9.5, $139.00 
12300,8/19/2016,2148,Germany,Female,8, $169.00 
12301,,2212,Germany,Unix,9.5, $125.30 
12302,8/19/2016,2171,Canada,Male,9.5, $149.00 
12303,8/19/2016,2202,Canada,Male,10.5, $143.20 
12304,8/19/2016,2152,Germany,Male,9, $189.00 
12305,8/19/2016,2202,United States,Male,9.5, $199.00 
12306,8/19/2016,2149,United States,Male,9, $127.20 
12307,8/19/2016,2205,Germany,Male,9, $139.00 
12308,8/19/2016,2225,Germany,Female,8.5, $159.00 
12309,8/19/2016,2232,United Kingdom,Female,8, $139.00 
12310,8/19/2016,2230,Germany,Male,10.5, $179.10 
12311,8/19/2016,2185,United States,Female,8.5, $161.10 
12312,8/19/2016,2154,United States,Male,9.5, $74.50 
12313,8/19/2016,2154,United States,Male,9, $161.10 
12314,8/20/2016,2229,Germany,Male,9, $159.20 
12315,8/20/2016,2231,Germany,Male,6, $149.00 
12316,8/20/2016,2194,United States,Male,12, $116.10 
12317,8/20/2016,2170,United States,Male,9.5, $69.50 
12318,8/20/2016,2203,Germany,Female,8, $89.50 
12319,8/20/2016,2182,United Kingdom,Male,11.5, $169.00 
12320,8/20/2016,2159,Canada,Male,9.5, $189.00 
12321,8/20/2016,2160,United Kingdom,Male,11.5, $129.00 
12322,8/20/2016,2220,United Kingdom,Male,6.5, $199.00 
12323,8/20/2016,2149,United States,Male,9.5, $199.00 
12324,8/20/2016,2202,Germany,Female,9, $99.50 
12325,8/20/2016,2241,Canada,Male,8.5, $170.10 
12326,8/20/2016,2220,United States,Male,7, $151.20 
12327,8/20/2016,2202,United States,Male,9.5, $199.00 
12328,8/20/2016,2189,United States,Female,7.5, $74.50 
12329,8/20/2016,2191,United States,Female,7, $104.30 
12330,8/20/2016,2168,Germany,Female,8, $127.20 
12331,8/20/2016,2171,Germany,Male,11, $94.50 
12332,8/20/2016,2209,United Kingdom,Male,12, $159.20 
12333,8/20/2016,2227,United Kingdom,Male,10, $111.30 
12334,8/20/2016,2182,United States,Male,9.5, $159.00 
12335,8/20/2016,2185,United States,Female,8.5, $161.10 
12336,8/20/2016,2240,Germany,Female,9.5, $139.00 
12337,8/21/2016,2228,Germany,Female,7.5, $159.00 
12338,8/21/2016,2206,United States,Male,9.5, $69.50 
12339,8/21/2016,2226,Germany,Male,7.5, $199.00 
12340,8/21/2016,2233,United Kingdom,Male,12, $129.00 
12341,8/21/2016,2150,Germany,Male,9.5, $139.00 
12342,8/21/2016,2200,Germany,Female,9, $94.50 
12343,8/21/2016,2220,Canada,Male,10.5, $159.00 
12344,8/21/2016,2213,Canada,Male,9, $143.20 
12345,8/21/2016,2213,United States,Male,10, $129.00 
12346,8/21/2016,2206,Canada,Male,10.5, $189.00 
12347,8/21/2016,2241,Canada,Male,8.5, $170.10 
12348,8/21/2016,2152,Canada,Female,8, $64.50 
12349,8/21/2016,2177,United States,Male,11, $159.00 
12350,8/21/2016,2241,United States,Male,10.5, $179.00 
12351,8/21/2016,2196,United Kingdom,Unix,9, $118.30 
12352,8/21/2016,2213,Germany,Female,9, $189.00 
12353,8/21/2016,2187,United Kingdom,Male,10.5, $169.00 
12354,8/21/2016,2149,United States,Male,9, $127.20 
12355,8/21/2016,2182,United States,Male,9.5, $159.00 
12356,8/21/2016,2204,Canada,Male,8.5, $134.10 
12357,8/21/2016,2225,United States,Male,9.5, $139.00 
12358,8/22/2016,2175,Canada,Female,11.5, $169.00 
12359,8/22/2016,2214,Canada,Male,10.5, $139.00 
12360,8/22/2016,2233,United Kingdom,Male,9.5, $159.00 
12361,8/22/2016,2206,Germany,Male,12, $149.00 
12362,8/22/2016,2184,United Kingdom,Male,10.5, $169.00 
12363,8/22/2016,2209,United States,Male,12, $143.20 
12364,8/22/2016,2190,United Kingdom,Male,9, $139.30 
12365,8/22/2016,2196,United States,Male,10, $189.00 
12366,8/22/2016,2164,Germany,Male,10, $104.30 
12367,8/22/2016,2149,Canada,Male,9.5, $143.20 
12368,8/22/2016,2238,Canada,Male,9, $199.00 
12369,8/22/2016,2207,United Kingdom,Female,8, $125.30 
12370,8/22/2016,2205,United States,Female,7.5, $104.30 
12371,8/22/2016,2206,United States,Male,9.5, $199.00 
12372,8/22/2016,2202,Canada,Male,10.5, $143.20 
12373,8/22/2016,2165,Germany,Male,11.5, $143.10 
12374,8/22/2016,2194,United States,Male,8.5, $116.10 
12375,8/22/2016,2182,United Kingdom,Male,11.5, $169.00 
12376,8/22/2016,2216,Germany,Female,8, $152.10 
12377,8/22/2016,2177,United States,Female,8, $74.50 
12378,8/22/2016,2185,Germany,Female,9, $129.00 
12379,8/22/2016,2231,Germany,Female,9, $159.00 
12380,8/22/2016,2171,United States,Female,5, $104.30 
12381,8/23/2016,2150,Canada,Female,7.5, $139.30 
12382,8/23/2016,2182,United Kingdom,Female,8.5, $129.00 
12383,8/23/2016,2190,United States,Female,10.5, $139.00 
12384,8/23/2016,2231,Canada,Male,10, $189.00 
12385,8/23/2016,2163,United States,Female,8.5, $64.50 
12386,8/23/2016,2209,United States,Male,11.5, $159.00 
12387,8/23/2016,2157,Germany,Female,9, $129.00 
12388,8/23/2016,2181,Germany,Male,10.5, $159.00 
12389,8/23/2016,2204,United Kingdom,Male,8.5, $169.00 
12390,8/23/2016,2193,United States,Male,9.5, $189.00 
12391,8/23/2016,2162,Canada,Male,6.5, $179.10 
12392,8/23/2016,2216,Canada,Male,11.5, $169.00 
12393,8/23/2016,2169,United States,Male,6.5, $139.00 
12394,8/23/2016,2225,Germany,Male,10.5, $169.00 
12395,8/23/2016,2236,United Kingdom,Female,8, $90.30 
12396,8/23/2016,2177,Germany,Male,10, $169.00 
12397,8/23/2016,2238,United States,Male,9.5, $149.00 
12398,8/23/2016,2153,Canada,Female,8, $189.00 
12399,8/23/2016,2233,Germany,Female,8.5, $74.50 
12400,8/23/2016,2233,United Kingdom,Male,12, $129.00 
12401,8/23/2016,2219,Canada,Unix,9, $84.50 
12402,8/23/2016,2233,United States,Male,9, $189.00 
12403,8/24/2016,2154,United States,Male,10.5, $149.00 
12404,8/24/2016,2182,Canada,Male,11, $189.00 
12405,8/24/2016,2233,United States,Male,9, $143.10 
12406,8/24/2016,2241,Canada,Male,10.5, $139.00 
12407,8/24/2016,2240,United States,Male,9.5, $199.00 
12408,8/24/2016,2227,Canada,Male,9, $64.50 
12409,8/24/2016,2217,United States,Female,10.5, $103.20 
12410,8/24/2016,2232,Germany,Female,8, $125.10 
12411,8/24/2016,2226,Germany,Male,10.5, $189.00 
12412,8/24/2016,2196,United Kingdom,Female,9, $118.30 
12413,8/24/2016,2169,Canada,Male,8.5, $125.30 
12414,8/24/2016,2168,United States,Male,9.5, $74.50 
12415,8/24/2016,2179,United States,Female,8, $64.50 
12416,8/24/2016,2207,United Kingdom,Female,8, $125.30 
12417,8/24/2016,2216,Canada,Female,9, $189.00 
12418,8/24/2016,2186,Germany,Male,8.5, $189.00 
12419,8/24/2016,2170,United States,Male,9.5, $69.50 
12420,8/24/2016,2158,Canada,Female,7, $179.10 
12421,8/24/2016,2213,Canada,Female,7.5, $111.30 
12422,8/24/2016,2222,Canada,Female,8.5, $179.00 
12423,8/24/2016,2234,Germany,Female,8.5, $139.00 
12424,8/24/2016,2218,United States,Male,9, $149.00 
12425,8/24/2016,2185,Germany,Male,10, $127.20 
12426,8/24/2016,2172,United States,Female,8, $159.00 
12427,8/24/2016,2178,United Kingdom,Male,9, $159.00 
12428,8/24/2016,2191,United States,Male,8.5, $159.00 
12429,8/25/2016,2180,Canada,Male,8.5, $189.00 
12430,8/25/2016,2185,Germany,Female,7.5, $179.10 
12431,8/25/2016,2224,United States,Female,9.5, $169.00 
12432,8/25/2016,2150,United States,Female,7, $169.00 
12433,8/25/2016,2171,United Kingdom,Female,8.5, $179.10 
12434,8/25/2016,2210,United States,Female,9, $159.00 
12435,8/25/2016,2186,United States,Male,10, $170.10 
12436,8/25/2016,2213,Germany,Male,6, $103.20 
12437,8/25/2016,2160,Canada,Male,9, $84.50 
12438,8/25/2016,2225,Canada,Female,8.5, $159.00 
12439,8/25/2016,2193,Germany,Male,9.5, $139.00 
12440,8/25/2016,2155,Germany,Male,11.5, $129.00 
12441,8/25/2016,2177,United States,Female,8.5, $169.00 
12442,8/25/2016,2182,United Kingdom,Male,11.5, $169.00 
12443,8/25/2016,2182,United Kingdom,Female,8.5, $129.00 
12444,8/25/2016,2204,Canada,Male,8.5, $134.10 
12445,8/25/2016,2165,Canada,Male,9, $152.10 
12446,8/25/2016,2155,Canada,Female,6, $134.10 
12447,8/25/2016,2147,United States,Male,9, $139.00 
12448,8/25/2016,2153,Germany,Female,10, $64.50 
12449,8/25/2016,2156,Canada,Female,7, $119.20 
12450,8/25/2016,2188,Canada,Male,9.5, $189.00 
12451,8/25/2016,2188,Canada,Unix,8.5, $169.00 
12452,8/25/2016,2173,United States,Male,9.5, $125.10 
12453,8/25/2016,2238,United States,Male,9, $129.00 
12454,8/25/2016,2172,United States,Female,8, $159.00 
12455,8/25/2016,2226,Germany,Male,10.5, $189.00 
12456,8/25/2016,2225,United Kingdom,Female,9, $179.00 
12457,8/26/2016,2240,United States,Male,9.5, $199.00 
12458,8/26/2016,2220,United Kingdom,Male,8.5, $151.20 
12459,8/26/2016,2221,Germany,Female,7.5, $159.00 
12460,8/26/2016,2178,United Kingdom,Female,8.5, $139.00 
12461,8/26/2016,2160,United Kingdom,Male,11.5, $129.00 
12462,8/26/2016,2236,United States,Male,8, $179.00 
12463,8/26/2016,2210,United States,Male,8.5, $169.00 
12464,8/26/2016,2208,Germany,Female,8, $84.50 
12465,8/26/2016,2205,United States,Female,7.5, $104.30 
12466,8/26/2016,2160,Canada,Male,9, $84.50 
12467,8/26/2016,2231,United States,Male,9.5, $64.50 
12468,8/26/2016,2192,United States,Male,9, $149.00 
12469,8/26/2016,2190,Germany,Male,11.5, $90.30 
12470,8/26/2016,2152,United States,Female,9.5, $151.20 
12471,8/26/2016,2212,United States,Female,8.5, $169.00 
12472,8/26/2016,2240,United States,Female,8, $97.30 
12473,8/26/2016,2169,United States,Male,6.5, $139.00 
12474,8/26/2016,2233,Germany,Male,11, $111.20 
12475,8/26/2016,2161,Canada,Female,9, $79.50 
12476,8/26/2016,2166,Canada,Male,8.5, $179.00 
12477,8/26/2016,2195,Germany,Female,10, $199.00 
12478,8/26/2016,2149,Canada,Female,7, $179.10 
12479,8/26/2016,2152,Canada,Female,7.5, $99.50 
12480,8/26/2016,2172,Canada,Female,8.5, $169.00 
12481,8/26/2016,2234,United States,Male,7.5, $99.50 
12482,8/26/2016,2214,United Kingdom,Female,10, $94.50 
12483,8/26/2016,2155,Germany,Male,11.5, $129.00 
12484,8/26/2016,2226,Germany,Male,10.5, $189.00 
12485,8/26/2016,2237,Germany,Male,9.5, $159.20 
12486,8/26/2016,2204,United Kingdom,Male,8.5, $169.00 
12487,8/26/2016,2174,Germany,Male,8, $129.00 
12488,8/26/2016,2154,United States,Male,9, $161.10 
12489,8/27/2016,2240,Germany,Male,8, $179.00 
12490,8/27/2016,2176,United States,Male,10, $135.20 
12491,8/27/2016,2231,United Kingdom,Male,10.5, $169.00 
12492,8/27/2016,2202,Canada,Male,9.5, $103.20 
12493,8/27/2016,2165,United Kingdom,Female,8.5, $179.00 
12494,8/27/2016,2191,United States,Female,7, $169.00 
12495,8/27/2016,2215,United States,Male,10, $129.00 
12496,8/27/2016,2242,Germany,Female,8, $129.00 
12497,8/27/2016,2203,Germany,Female,10, $129.00 
12498,8/27/2016,2214,Canada,Male,10.5, $139.00 
12499,8/27/2016,2226,Canada,Male,11.5, $99.50 
12500,8/27/2016,2204,United Kingdom,Male,9.5, $143.20 
12501,8/27/2016,2206,United States,,9.5, $199.00 
12502,8/27/2016,2231,United States,Male,9.5, $64.50 
12503,8/27/2016,2156,United States,Male,9, $143.20 
12504,8/27/2016,2154,United States,Male,9.5, $74.50 
12505,8/27/2016,2166,Germany,Male,8, $139.00 
12506,8/27/2016,2151,United States,Male,9, $149.00 
12507,8/27/2016,2211,United Kingdom,Male,9.5, $189.00 
12508,8/27/2016,2188,Canada,Male,10, $69.50 
12509,8/27/2016,2208,Canada,Male,9.5, $139.00 
12510,8/27/2016,2208,United States,Female,8.5, $149.00 
12511,8/27/2016,2155,United States,Female,8.5, $189.00 
12512,8/27/2016,2216,Canada,Male,11.5, $169.00 
12513,8/27/2016,2199,Germany,Female,8, $74.50 
12514,8/28/2016,2237,United Kingdom,Male,10.5, $199.00 
12515,8/28/2016,2169,United States,Male,10.5, $118.30 
12516,8/28/2016,2182,Germany,Female,9, $179.00 
12517,8/28/2016,2170,Canada,Female,11, $79.50 
12518,8/28/2016,2149,Canada,Male,14, $90.30 
12519,8/28/2016,2178,United States,Female,8, $139.00 
12520,8/28/2016,2238,United States,Male,9.5, $149.00 
12521,8/28/2016,2206,United States,Male,9.5, $199.00 
12522,8/28/2016,2193,United States,Female,9.5, $143.10 
12523,8/28/2016,2216,Germany,Male,11.5, $132.30 
12524,8/28/2016,2211,Canada,Male,9.5, $179.10 
12525,8/28/2016,2191,United States,Male,8.5, $159.00 
12526,8/28/2016,2236,United Kingdom,Male,9.5, $199.00 
12527,8/28/2016,2176,United States,Male,10, $135.20 
12528,8/28/2016,2193,United States,Female,9, $151.20 
12529,8/28/2016,2162,Canada,Male,6.5, $179.10 
12530,8/28/2016,2218,Canada,Male,12, $104.30 
12531,8/28/2016,2202,Germany,Female,8, $139.30 
12532,8/29/2016,2170,Germany,Female,7, $97.30 
12533,8/29/2016,2215,United States,Male,10, $129.00 
12534,8/29/2016,2217,United States,Female,8.5, $132.30 
12535,8/29/2016,2156,United Kingdom,Male,8.5, $179.00 
12536,8/29/2016,2157,United Kingdom,Female,7, $149.00 
12537,8/29/2016,2210,United States,Female,8.5, $169.00 
12538,8/29/2016,2173,Germany,Male,10.5, $179.00 
12539,8/29/2016,2237,Canada,Female,7.5, $139.00 
12540,8/29/2016,2191,United States,Female,8, $139.00 
12541,8/29/2016,2173,Germany,Female,7.5, $118.30 
12542,8/29/2016,2160,Canada,Male,9, $84.50 
12543,8/29/2016,2206,United States,Female,9, $139.00 
12544,8/29/2016,2235,Canada,Male,9.5, $104.30 
12545,8/29/2016,2181,Germany,Female,8, $129.00 
12546,8/29/2016,2166,United Kingdom,Female,8, $170.10 
12547,8/29/2016,2178,Germany,Male,11.5, $74.50 
12548,8/29/2016,2212,United States,Male,10, $179.00 
12549,8/29/2016,2167,United Kingdom,Female,8.5, $149.00 
12550,8/29/2016,2155,United States,Female,6.5, $199.00 
12551,8/29/2016,2186,United States,Unix,8.5, $159.20 
12552,8/29/2016,2235,United States,Female,12, $139.00 
12553,8/29/2016,2203,United States,Male,6.5, $104.30 
12554,8/30/2016,2220,United Kingdom,Male,6.5, $199.00 
12555,8/30/2016,2172,Germany,Female,9, $179.00 
12556,8/30/2016,2241,United Kingdom,Male,11, $139.00 
12557,8/30/2016,2233,United Kingdom,Male,10, $169.00 
12558,8/30/2016,2201,Germany,Female,8.5, $118.30 
12559,8/30/2016,2228,United States,Female,8, $149.00 
12560,8/30/2016,2185,Germany,Male,10, $127.20 
12561,8/30/2016,2239,United States,Female,7.5, $159.00 
12562,8/30/2016,2188,United States,Female,9, $139.00 
12563,8/30/2016,2178,Germany,Male,8.5, $69.50 
12564,8/30/2016,2188,Canada,Male,10, $69.50 
12565,8/30/2016,2149,United Kingdom,Female,8, $159.00 
12566,8/30/2016,2200,United States,Female,6.5, $94.50 
12567,8/30/2016,2192,United States,Male,9, $149.00 
12568,8/30/2016,2186,United States,Male,8.5, $159.20 
12569,8/30/2016,2235,United States,Female,12, $139.00 
12570,8/31/2016,2179,Germany,Female,7, $149.00 
12571,8/31/2016,2169,Canada,Male,11, $79.50 
12572,8/31/2016,2167,United States,Female,9, $64.50 
12573,8/31/2016,2182,Germany,Female,9, $79.50 
12574,8/31/2016,2232,United States,Female,7, $74.50 
12575,8/31/2016,2197,Germany,Female,7.5, $169.00 
12576,8/31/2016,2178,United Kingdom,Male,9, $159.00 
12577,8/31/2016,2218,Germany,Male,7, $129.00 
12578,8/31/2016,2181,United States,Male,10, $179.00 
12579,8/31/2016,2217,Germany,Male,10, $199.00 
12580,8/31/2016,2178,United States,Female,8, $139.00 
12581,8/31/2016,2174,Canada,Male,8.5, $134.10 
12582,8/31/2016,2177,Canada,Male,10.5, $129.00 
12583,8/31/2016,2203,United States,Male,9, $119.20 
12584,8/31/2016,2193,Germany,Male,10, $179.00 
12585,8/31/2016,2213,Canada,Male,9.5, $116.10 
12586,8/31/2016,2156,United Kingdom,Male,8.5, $179.00 
12587,8/31/2016,2204,Germany,Female,7.5, $189.00 
12588,8/31/2016,2158,United States,Female,7.5, $143.20 
12589,8/31/2016,2182,Canada,Male,11, $189.00 
12590,8/31/2016,2173,Germany,Male,10, $97.30 
12591,8/31/2016,2196,Germany,Male,9.5, $189.00 
12592,8/31/2016,2231,United States,Male,9.5, $64.50 
12593,8/31/2016,2192,United States,Male,9, $149.00 
12594,8/31/2016,2186,United States,Male,8.5, $159.20 
12595,8/31/2016,2196,United Kingdom,Female,8.5, $199.00 
12596,9/1/2016,2209,United Kingdom,Female,5, $90.30 
12597,9/1/2016,2223,Germany,Female,7.5, $129.00 
12598,9/1/2016,2212,Germany,Male,9, $189.00 
12599,9/1/2016,2220,Germany,Male,9, $139.00 
12600,9/1/2016,2214,Germany,Male,9.5, $179.00 
12601,9/1/2016,2233,United States,Unix,, $143.10 
12602,9/1/2016,2173,Germany,Male,10.5, $179.00 
12603,9/1/2016,2174,Canada,Male,8.5, $134.10 
12604,9/1/2016,2181,United States,Male,7, $129.00 
12605,9/1/2016,2178,Germany,Male,9.5, $179.00 
12606,9/1/2016,2241,United Kingdom,Male,11, $139.00 
12607,9/1/2016,2235,Canada,Male,8, $149.00 
12608,9/1/2016,2237,Canada,Female,7.5, $139.00 
12609,9/1/2016,2231,United States,Male,11, $189.00 
12610,9/1/2016,2164,Canada,Male,10.5, $129.00 
12611,9/1/2016,2215,Germany,Female,7.5, $139.00 
12612,9/1/2016,2163,Germany,Male,11, $152.10 
12613,9/2/2016,2213,Canada,Male,12, $159.00 
12614,9/2/2016,2171,Canada,Male,8.5, $189.00 
12615,9/2/2016,2154,United States,Male,10.5, $149.00 
12616,9/2/2016,2217,Germany,Male,10, $199.00 
12617,9/2/2016,2174,Canada,Male,9.5, $74.50 
12618,9/2/2016,2163,United States,Female,10, $129.00 
12619,9/2/2016,2173,United States,Female,8.5, $199.00 
12620,9/2/2016,2157,United States,Female,9.5, $189.00 
12621,9/2/2016,2187,United States,Female,7.5, $94.50 
12622,9/2/2016,2235,United States,Male,10.5, $111.20 
12623,9/2/2016,2150,United Kingdom,Male,9, $129.00 
12624,9/2/2016,2148,Germany,Male,10, $139.00 
12625,9/2/2016,2192,United States,Male,7.5, $149.00 
12626,9/2/2016,2215,Canada,Male,9, $89.50 
12627,9/2/2016,2242,Germany,Female,7.5, $179.00 
12628,9/2/2016,2147,Germany,Male,10.5, $179.00 
12629,9/2/2016,2174,United States,Male,6, $125.10 
12630,9/2/2016,2242,United Kingdom,Female,9, $74.50 
12631,9/3/2016,2223,Germany,Male,10, $169.00 
12632,9/3/2016,2181,United States,Male,10, $179.00 
12633,9/3/2016,2189,United States,Male,10.5, $129.00 
12634,9/3/2016,2209,United Kingdom,Female,5, $90.30 
12635,9/3/2016,2234,Canada,Male,10.5, $179.00 
12636,9/3/2016,2163,United States,Male,10, $135.20 
12637,9/3/2016,2175,United States,Female,9.5, $199.00 
12638,9/3/2016,2223,Germany,Male,9, $64.50 
12639,9/3/2016,2241,Germany,Female,8, $135.20 
12640,9/3/2016,2187,United States,Male,9, $199.00 
12641,9/3/2016,2164,Germany,Female,7.5, $199.00 
12642,9/3/2016,2157,Germany,Male,10, $169.00 
12643,9/3/2016,2148,United States,Female,7, $69.50 
12644,9/3/2016,2198,United States,Female,8.5, $94.50 
12645,9/3/2016,2189,United States,Female,8, $132.30 
12646,9/3/2016,2170,Germany,Male,10.5, $139.00 
12647,9/3/2016,2178,Germany,Male,9.5, $179.00 
12648,9/3/2016,2230,United States,Male,9.5, $111.20 
12649,9/3/2016,2190,Canada,Male,10.5, $161.10 
12650,9/3/2016,2220,United States,Female,9, $179.10 
12651,9/3/2016,2170,United States,Unix,7.5, $179.00 
12652,9/3/2016,2161,United States,Male,9.5, $179.00 
12653,9/4/2016,2152,Germany,Female,7.5, $143.10 
12654,9/4/2016,2228,Canada,Female,7, $143.20 
12655,9/4/2016,2151,United States,Female,9, $199.00 
12656,9/4/2016,2238,United Kingdom,Male,9.5, $129.00 
12657,9/4/2016,2199,Germany,Male,7.5, $149.00 
12658,9/4/2016,2212,United States,Male,9.5, $149.00 
12659,9/4/2016,2213,Canada,Male,12, $159.00 
12660,9/4/2016,2186,United States,Male,9.5, $169.00 
12661,9/4/2016,2199,United States,Female,8, $152.10 
12662,9/4/2016,2160,Germany,Male,9, $149.00 
12663,9/4/2016,2223,Germany,Male,9, $64.50 
12664,9/4/2016,2164,Canada,Male,10.5, $129.00 
12665,9/4/2016,2220,United States,Male,9, $79.50 
12666,9/4/2016,2181,United States,Female,7, $159.00 
12667,9/4/2016,2208,United States,Male,8.5, $159.00 
12668,9/4/2016,2228,Germany,Female,6.5, $84.50 
12669,9/4/2016,2161,United Kingdom,Male,14, $129.00 
12670,9/4/2016,2182,Germany,Male,7, $139.00 
12671,9/4/2016,2188,Germany,Male,9, $118.30 
12672,9/4/2016,2163,Germany,Female,8.5, $132.30 
12673,9/4/2016,2159,United States,Female,9.5, $179.00 
12674,9/4/2016,2208,United States,Female,8.5, $149.00 
12675,9/4/2016,2187,United Kingdom,Female,9, $149.00 
12676,9/5/2016,2164,Germany,Female,7.5, $199.00 
12677,9/5/2016,2158,Canada,Female,7, $179.10 
12678,9/5/2016,2188,United States,Female,9, $139.00 
12679,9/5/2016,2154,United States,Female,12, $161.10 
12680,9/5/2016,2183,Germany,Male,9, $125.10 
12681,9/5/2016,2208,Canada,Female,8, $189.00 
12682,9/5/2016,2207,Canada,Male,10.5, $129.00 
12683,9/5/2016,2231,United States,Male,11, $189.00 
12684,9/5/2016,2240,Germany,Male,8, $179.00 
12685,9/5/2016,2160,Germany,Male,9, $149.00 
12686,9/5/2016,2172,United States,Male,9.5, $149.00 
12687,9/5/2016,2215,Canada,Male,9, $89.50 
12688,9/5/2016,2179,United Kingdom,Female,8, $159.00 
12689,9/5/2016,2185,United States,Male,9, $111.30 
12690,9/5/2016,2168,United States,Female,7, $170.10 
12691,9/5/2016,2147,United States,Male,8, $161.10 
12692,9/5/2016,2235,Canada,Male,8, $149.00 
12693,9/5/2016,2178,Germany,Male,7.5, $129.00 
12694,9/5/2016,2242,United States,Female,9.5, $199.00 
12695,9/5/2016,2239,Germany,Female,9.5, $179.00 
12696,9/5/2016,2190,United States,Male,9, $149.00 
12697,9/5/2016,2221,United States,Female,8, $159.00 
12698,9/5/2016,2224,Germany,Male,9, $64.50 
12699,9/5/2016,2161,United States,Male,9.5, $179.00 
12700,9/5/2016,2198,United States,Female,8.5, $94.50 
12701,9/6/2016,2156,,Unix,7, $119.20 
12702,9/6/2016,2164,Canada,Male,10.5, $129.00 
12703,9/6/2016,2182,United Kingdom,Male,9.5, $129.00 
12704,9/6/2016,2156,United Kingdom,Male,8.5, $179.00 
12705,9/6/2016,2185,United States,Female,12, $179.10 
12706,9/6/2016,2172,Germany,Male,9, $69.50 
12707,9/6/2016,2223,Germany,Female,9, $159.00 
12708,9/6/2016,2223,Germany,Male,9, $64.50 
12709,9/6/2016,2224,United States,Female,8, $64.50 
12710,9/6/2016,2212,Germany,Male,10, $149.00 
12711,9/6/2016,2167,Canada,Female,8, $139.00 
12712,9/6/2016,2152,Canada,Male,11, $69.50 
12713,9/6/2016,2152,United States,Female,8, $139.00 
12714,9/6/2016,2182,United States,Male,9.5, $149.00 
12715,9/6/2016,2172,Germany,Male,8, $189.00 
12716,9/6/2016,2182,Canada,Female,10, $189.00 
12717,9/6/2016,2180,United States,Male,9.5, $129.00 
12718,9/6/2016,2232,United States,Female,9, $104.30 
12719,9/6/2016,2158,United States,Male,11, $189.00 
12720,9/6/2016,2239,Germany,Female,9.5, $179.00 
12721,9/6/2016,2172,United States,Male,9.5, $149.00 
12722,9/6/2016,2170,United States,Female,7.5, $89.50 
12723,9/6/2016,2227,United States,Male,10, $135.20 
12724,9/6/2016,2208,United States,Male,8.5, $159.00 
12725,9/7/2016,2229,Germany,Male,8, $90.30 
12726,9/7/2016,2203,United States,Male,6.5, $104.30 
12727,9/7/2016,2183,Germany,Male,11, $159.00 
12728,9/7/2016,2148,Germany,Male,10, $139.00 
12729,9/7/2016,2180,United States,Female,9, $99.50 
12730,9/7/2016,2196,Germany,Male,9.5, $189.00 
12731,9/7/2016,2213,Canada,Female,12, $179.00 
12732,9/7/2016,2203,Germany,Male,9, $189.00 
12733,9/7/2016,2178,Germany,Female,6.5, $149.00 
12734,9/7/2016,2241,United Kingdom,Male,11, $139.00 
12735,9/7/2016,2189,United States,Male,10.5, $129.00 
12736,9/7/2016,2221,Canada,Male,7.5, $189.00 
12737,9/7/2016,2184,Germany,Female,7, $199.00 
12738,9/7/2016,2182,United States,Male,9.5, $149.00 
12739,9/7/2016,2190,United States,Male,9, $149.00 
12740,9/7/2016,2213,United States,Female,7.5, $139.30 
12741,9/7/2016,2157,Germany,Male,8.5, $169.00 
12742,9/7/2016,2224,United States,Female,7.5, $179.10 
12743,9/7/2016,2242,Germany,Female,7.5, $116.10 
12744,9/7/2016,2222,Canada,Female,8.5, $179.00 
12745,9/7/2016,2240,United States,Female,7.5, $159.00 
12746,9/8/2016,2173,Germany,Male,9.5, $143.20 
12747,9/8/2016,2190,Germany,Male,8.5, $139.00 
12748,9/8/2016,2172,Germany,Male,9, $69.50 
12749,9/8/2016,2207,United States,Female,10.5, $119.20 
12750,9/8/2016,2215,Germany,Female,7.5, $139.00 
12751,9/8/2016,2242,United States,Unix,10, $179.00 
12752,9/8/2016,2226,Canada,Female,8, $134.10 
12753,9/8/2016,2178,United Kingdom,Male,9, $159.00 
12754,9/8/2016,2163,United States,Male,11, $116.10 
12755,9/8/2016,2205,United Kingdom,Female,5, $139.00 
12756,9/8/2016,2206,Germany,Male,11.5, $129.00 
12757,9/8/2016,2165,United Kingdom,Male,9, $118.30 
12758,9/8/2016,2153,Germany,Male,10.5, $189.00 
12759,9/8/2016,2232,Canada,Male,9.5, $139.00 
12760,9/8/2016,2207,United States,Female,9, $152.10 
12761,9/8/2016,2192,Germany,Male,9, $127.20 
12762,9/8/2016,2183,Germany,Male,9, $125.10 
12763,9/8/2016,2156,Germany,Male,9, $139.00 
12764,9/8/2016,2179,Germany,Male,11, $189.00 
12765,9/8/2016,2150,Germany,Male,9.5, $90.30 
12766,9/8/2016,2241,Germany,Male,7, $199.00 
12767,9/8/2016,2188,Canada,Female,8.5, $169.00 
12768,9/8/2016,2199,Canada,Male,8.5, $179.00 
12769,9/8/2016,2152,United States,Female,8, $152.10 
12770,9/8/2016,2202,Canada,Male,10.5, $64.50 
12771,9/8/2016,2174,Canada,Male,9, $127.20 
12772,9/9/2016,2184,Germany,Female,8, $152.10 
12773,9/9/2016,2176,Germany,Female,8, $111.30 
12774,9/9/2016,2190,Germany,Male,11.5, $90.30 
12775,9/9/2016,2150,United Kingdom,Male,9, $129.00 
12776,9/9/2016,2173,Germany,Male,10, $97.30 
12777,9/9/2016,2213,United States,Female,9, $189.00 
12778,9/9/2016,2209,United States,Male,11.5, $159.00 
12779,9/9/2016,2205,United States,Female,7.5, $139.00 
12780,9/9/2016,2218,United States,Female,11.5, $125.10 
12781,9/9/2016,2225,United Kingdom,Female,9, $179.00 
12782,9/9/2016,2217,United States,Female,8.5, $69.50 
12783,9/9/2016,2180,United States,Male,9.5, $129.00 
12784,9/9/2016,2163,United States,Male,11, $116.10 
12785,9/9/2016,2171,Germany,Male,8.5, $139.00 
12786,9/9/2016,2190,Germany,Male,10, $189.00 
12787,9/9/2016,2161,Germany,Female,7, $129.00 
12788,9/9/2016,2209,United States,Male,10.5, $179.00 
12789,9/9/2016,2171,Canada,Female,7, $129.00 
12790,9/9/2016,2171,United States,Female,7.5, $125.30 
12791,9/9/2016,2167,United States,Female,7.5, $189.00 
12792,9/9/2016,2157,Germany,Male,8.5, $169.00 
12793,9/9/2016,2179,Germany,Male,11, $189.00 
12794,9/9/2016,2156,Germany,Male,8.5, $139.00 
12795,9/9/2016,2156,Canada,Male,9.5, $179.10 
12796,9/9/2016,2171,United States,Female,7.5, $64.50 
12797,9/10/2016,2224,United States,Female,8, $64.50 
12798,9/10/2016,2208,Germany,Female,8.5, $84.50 
12799,9/10/2016,2219,Germany,Female,7.5, $118.30 
12800,9/10/2016,2217,Canada,Female,7.5, $129.00 
12801,,2238,United Kingdom,Unix,8, $159.00 
12802,9/10/2016,2179,Germany,Male,9, $149.00 
12803,9/10/2016,2174,Germany,Male,10, $149.00 
12804,9/10/2016,2163,Germany,Male,10.5, $179.00 
12805,9/10/2016,2189,United States,Male,8.5, $139.00 
12806,9/10/2016,2180,United States,Male,9.5, $129.00 
12807,9/10/2016,2163,United States,Male,11, $116.10 
12808,9/10/2016,2200,Germany,Male,7.5, $132.30 
12809,9/10/2016,2195,Canada,Male,8.5, $127.20 
12810,9/10/2016,2201,United States,Male,10, $189.00 
12811,9/10/2016,2222,United States,Male,11, $104.30 
12812,9/10/2016,2185,United States,Male,9.5, $129.00 
12813,9/10/2016,2153,United States,Male,9, $99.50 
12814,9/10/2016,2241,Germany,Male,7, $199.00 
12815,9/10/2016,2157,Germany,Male,8.5, $169.00 
12816,9/10/2016,2239,United States,Male,10, $134.10 
12817,9/10/2016,2226,Germany,Female,6.5, $103.20 
12818,9/10/2016,2168,United States,Female,8.5, $129.00 
12819,9/11/2016,2208,United States,Female,9, $199.00 
12820,9/11/2016,2176,Canada,Male,9, $127.20 
12821,9/11/2016,2166,United States,Male,9, $149.00 
12822,9/11/2016,2228,Germany,Male,8, $129.00 
12823,9/11/2016,2229,Germany,Female,9.5, $135.20 
12824,9/11/2016,2242,Germany,Female,7.5, $116.10 
12825,9/11/2016,2184,Canada,Male,9, $129.00 
12826,9/11/2016,2170,United Kingdom,Female,8, $199.00 
12827,9/11/2016,2215,United Kingdom,Male,9.5, $119.20 
12828,9/11/2016,2161,United Kingdom,Female,8, $74.50 
12829,9/11/2016,2172,Germany,Male,9, $189.00 
12830,9/11/2016,2193,United States,Male,9, $159.00 
12831,9/11/2016,2241,United States,Female,8, $139.00 
12832,9/11/2016,2227,United States,Female,9, $129.00 
12833,9/11/2016,2180,United Kingdom,Male,9, $129.00 
12834,9/11/2016,2171,Canada,Female,7, $129.00 
12835,9/11/2016,2189,United Kingdom,Female,8.5, $139.00 
12836,9/11/2016,2194,United States,Male,6.5, $199.00 
12837,9/11/2016,2174,United States,Male,8.5, $169.00 
12838,9/11/2016,2226,United States,Female,8, $139.00 
12839,9/11/2016,2224,United States,Female,8.5, $125.10 
12840,9/11/2016,2217,United States,Female,8.5, $69.50 
12841,9/12/2016,2152,United States,Female,9, $149.00 
12842,9/12/2016,2171,United States,Male,12, $189.00 
12843,9/12/2016,2170,United States,Male,10.5, $149.00 
12844,9/12/2016,2205,United Kingdom,Female,5, $139.00 
12845,9/12/2016,2207,United States,Male,8, $139.00 
12846,9/12/2016,2173,Canada,Male,11.5, $159.00 
12847,9/12/2016,2172,Germany,Female,9.5, $151.20 
12848,9/12/2016,2213,Canada,Female,7.5, $111.30 
12849,9/12/2016,2199,Canada,Male,8.5, $179.00 
12850,9/12/2016,2180,United States,Male,9.5, $69.50 
12851,9/12/2016,2173,Germany,Unix,9.5, $143.20 
12852,9/12/2016,2179,Germany,Male,9, $149.00 
12853,9/12/2016,2238,Canada,Male,10.5, $169.00 
12854,9/12/2016,2239,United States,Female,8.5, $169.00 
12855,9/12/2016,2219,United States,Female,8, $179.00 
12856,9/12/2016,2194,Germany,Male,10, $125.30 
12857,9/12/2016,2221,Germany,Male,9, $169.00 
12858,9/12/2016,2220,United States,Male,11.5, $199.00 
12859,9/12/2016,2167,United States,Male,10, $118.30 
12860,9/12/2016,2211,United States,Female,7.5, $159.00 
12861,9/12/2016,2232,United States,Female,9, $104.30 
12862,9/12/2016,2210,Canada,Female,9, $125.10 
12863,9/12/2016,2169,United Kingdom,Female,7.5, $151.20 
12864,9/12/2016,2187,Germany,Female,8.5, $149.00 
12865,9/12/2016,2227,United States,Male,10, $199.00 
12866,9/12/2016,2196,United States,Female,8, $179.00 
12867,9/12/2016,2173,United States,Female,9, $179.00 
12868,9/12/2016,2169,United States,Female,8, $84.50 
12869,9/12/2016,2147,United States,Female,8.5, $97.30 
12870,9/12/2016,2172,Germany,Female,8.5, $159.00 
12871,9/12/2016,2161,Germany,Male,13, $143.10 
12872,9/13/2016,2192,Canada,Female,7.5, $111.30 
12873,9/13/2016,2233,Canada,Male,9, $139.00 
12874,9/13/2016,2233,United Kingdom,Female,7.5, $64.50 
12875,9/13/2016,2173,United States,Male,10, $129.00 
12876,9/13/2016,2153,Germany,Male,10.5, $189.00 
12877,9/13/2016,2238,United Kingdom,Female,8, $159.00 
12878,9/13/2016,2228,Canada,Female,7, $143.20 
12879,9/13/2016,2183,Germany,Female,8, $119.20 
12880,9/13/2016,2233,United States,Male,9, $139.00 
12881,9/13/2016,2150,Germany,Male,9.5, $90.30 
12882,9/13/2016,2194,Germany,Male,10, $125.30 
12883,9/13/2016,2239,United States,Female,8, $84.50 
12884,9/13/2016,2203,United States,Female,9.5, $129.00 
12885,9/13/2016,2236,United States,Female,12, $111.30 
12886,9/13/2016,2232,United States,Female,9, $104.30 
12887,9/13/2016,2237,United States,Female,7.5, $79.50 
12888,9/13/2016,2210,Canada,Female,9, $125.10 
12889,9/13/2016,2227,United Kingdom,Female,7.5, $64.50 
12890,9/13/2016,2183,Germany,Male,11, $64.50 
12891,9/13/2016,2231,United States,Female,8, $79.50 
12892,9/13/2016,2188,United States,Female,8, $159.20 
12893,9/13/2016,2234,Canada,Female,8, $199.00 
12894,9/13/2016,2158,Canada,Female,9, $179.00 
12895,9/14/2016,2188,Canada,Male,15, $129.00 
12896,9/14/2016,2190,Canada,Female,7.5, $151.20 
12897,9/14/2016,2241,Germany,Male,9.5, $84.50 
12898,9/14/2016,2215,United Kingdom,Male,7.5, $119.20 
12899,9/14/2016,2214,United States,Female,7.5, $139.00 
12900,9/14/2016,2185,Germany,Male,10, $127.20 
12901,9/14/2016,2237,United Kingdom,Unix,7, $139.30 
12902,9/14/2016,2158,Canada,Female,7, $179.10 
12903,9/14/2016,2232,United States,Female,9, $179.00 
12904,9/14/2016,2239,Germany,Female,9.5, $79.50 
12905,9/14/2016,2227,United States,Male,10, $199.00 
12906,9/14/2016,2229,Canada,Male,10, $199.00 
12907,9/14/2016,2181,Canada,Female,7, $179.00 
12908,9/14/2016,2179,Germany,Male,11, $189.00 
12909,9/14/2016,2150,Germany,Male,9.5, $90.30 
12910,9/14/2016,2235,United States,Female,8, $149.00 
12911,9/14/2016,2155,Canada,Female,6, $134.10 
12912,9/14/2016,2175,Germany,Male,9, $129.00 
12913,9/14/2016,2223,United Kingdom,Female,7.5, $152.10 
12914,9/14/2016,2163,United Kingdom,Male,9, $97.30 
12915,9/14/2016,2219,United States,Female,8, $179.00 
12916,9/14/2016,2237,United States,Female,8.5, $179.10 
12917,9/14/2016,2202,United States,Male,10.5, $159.00 
12918,9/14/2016,2227,Germany,Male,10, $132.30 
12919,9/15/2016,2147,United States,Male,9, $149.00 
12920,9/15/2016,2228,Canada,Male,10, $199.00 
12921,9/15/2016,2224,United Kingdom,Female,7.5, $159.20 
12922,9/15/2016,2223,United Kingdom,Male,9, $139.30 
12923,9/15/2016,2215,United States,Female,9, $169.00 
12924,9/15/2016,2238,Germany,Female,9.5, $189.00 
12925,9/15/2016,2229,Canada,Male,10, $199.00 
12926,9/15/2016,2190,Germany,Male,7.5, $179.00 
12927,9/15/2016,2242,Germany,Female,7.5, $116.10 
12928,9/15/2016,2227,United States,Female,5.5, $159.20 
12929,9/15/2016,2222,Canada,Female,9, $169.00 
12930,9/15/2016,2179,Germany,Male,9, $149.00 
12931,9/15/2016,2188,United States,Female,8.5, $159.00 
12932,9/15/2016,2183,Canada,Male,9.5, $199.00 
12933,9/15/2016,2194,Germany,Male,10, $125.30 
12934,9/15/2016,2209,United States,Female,8.5, $159.00 
12935,9/15/2016,2232,United States,Female,7, $74.50 
12936,9/15/2016,2152,United States,Female,8, $152.10 
12937,9/15/2016,2219,Canada,Male,9, $179.10 
12938,9/15/2016,2153,Germany,Male,8.5, $179.10 
12939,9/15/2016,2172,Germany,Male,9, $189.00 
12940,9/16/2016,2155,Canada,Male,7, $125.10 
12941,9/16/2016,2225,Germany,Female,7.5, $199.00 
12942,9/16/2016,2177,United States,Female,9, $139.00 
12943,9/16/2016,2212,Germany,Female,8.5, $90.30 
12944,9/16/2016,2193,Canada,Male,8, $159.20 
12945,9/16/2016,2203,Germany,Male,9.5, $90.30 
12946,9/16/2016,2176,United Kingdom,Male,10, $179.10 
12947,9/16/2016,2176,United Kingdom,Male,10.5, $199.00 
12948,9/16/2016,2226,Canada,Female,9, $199.00 
12949,9/16/2016,2219,United States,Male,7, $159.00 
12950,9/16/2016,2169,United States,Male,10.5, $139.00 
12951,9/16/2016,2227,United States,Unix,9, $129.00 
12952,9/16/2016,2240,United States,Female,7, $170.10 
12953,9/16/2016,2152,United States,Female,8, $139.00 
12954,9/16/2016,2200,United States,Female,4.5, $134.10 
12955,9/16/2016,2157,Germany,Female,8, $159.00 
12956,9/17/2016,2175,Canada,Female,9.5, $135.20 
12957,9/17/2016,2157,Germany,Male,12, $159.20 
12958,9/17/2016,2178,Canada,Male,9, $125.30 
12959,9/17/2016,2215,Germany,Male,9, $189.00 
12960,9/17/2016,2196,Canada,Male,10, $64.50 
12961,9/17/2016,2185,Canada,Male,9, $127.20 
12962,9/17/2016,2160,Germany,Male,11, $169.00 
12963,9/17/2016,2194,United States,Male,8.5, $116.10 
12964,9/17/2016,2231,Canada,Male,9.5, $199.00 
12965,9/17/2016,2183,Germany,Male,11, $64.50 
12966,9/17/2016,2201,Canada,Male,10.5, $189.00 
12967,9/17/2016,2179,Canada,Male,11, $119.20 
12968,9/17/2016,2151,United States,Female,8, $135.20 
12969,9/17/2016,2209,Canada,Male,8.5, $159.00 
12970,9/17/2016,2190,United States,Male,9.5, $199.00 
12971,9/17/2016,2193,United States,Male,9, $159.00 
12972,9/17/2016,2230,Germany,Male,10.5, $97.30 
12973,9/17/2016,2235,Canada,Female,6.5, $199.00 
12974,9/17/2016,2197,United States,Male,6, $111.20 
12975,9/17/2016,2231,United States,Female,9, $118.30 
12976,9/17/2016,2175,United Kingdom,Female,4.5, $139.30 
12977,9/17/2016,2163,Germany,Male,10.5, $179.00 
12978,9/17/2016,2152,United States,Female,8.5, $139.00 
12979,9/17/2016,2236,United States,Female,8.5, $134.10 
12980,9/18/2016,2216,Canada,Male,9.5, $199.00 
12981,9/18/2016,2240,Germany,Male,10, $149.00 
12982,9/18/2016,2216,Germany,Male,11.5, $169.00 
12983,9/18/2016,2184,Germany,Male,10.5, $84.50 
12984,9/18/2016,2155,Canada,Male,7, $125.10 
12985,9/18/2016,2179,Canada,Female,7.5, $159.00 
12986,9/18/2016,2232,Germany,Male,12, $129.00 
12987,9/18/2016,2176,Germany,Male,10.5, $127.20 
12988,9/18/2016,2201,Germany,Female,7, $169.00 
12989,9/18/2016,2233,Germany,Female,8.5, $74.50 
12990,9/18/2016,2160,Canada,Male,10.5, $69.50 
12991,9/18/2016,2240,Germany,Male,9.5, $159.20 
12992,9/18/2016,2237,Germany,Male,9, $159.00 
12993,9/18/2016,2152,Germany,Male,9.5, $199.00 
12994,9/18/2016,2176,United States,Male,9, $149.00 
12995,9/18/2016,2240,Canada,Female,7, $94.50 
12996,9/18/2016,2210,United States,Female,5, $170.10 
12997,9/18/2016,2156,Germany,Female,8, $119.20 
12998,9/18/2016,2228,Canada,Female,7, $149.00 
12999,9/18/2016,2230,United Kingdom,Female,8.5, $189.00 
13000,9/18/2016,2222,United States,Male,9.5, $179.00 
13001,9/18/2016,2159,Germany,,6.5, $129.00 
13002,9/18/2016,2192,United States,Male,7.5, $135.20 
13003,9/18/2016,2194,Canada,Male,11.5, $99.50 
13004,9/18/2016,2154,United States,Female,8.5, $139.00 
13005,9/18/2016,2198,United States,Female,8.5, $79.50 
13006,9/18/2016,2210,United States,Male,9.5, $189.00 
13007,9/18/2016,2147,United States,Male,10, $132.30 
13008,9/18/2016,2166,Germany,Female,7.5, $199.00 
13009,9/18/2016,2205,United States,Male,9, $135.20 
13010,9/18/2016,2152,United States,Female,8.5, $139.00 
13011,9/19/2016,2198,United States,Female,10, $159.00 
13012,9/19/2016,2195,United Kingdom,Female,8, $189.00 
13013,9/19/2016,2222,Canada,Female,6, $129.00 
13014,9/19/2016,2209,Germany,Male,9, $64.50 
13015,9/19/2016,2219,Germany,Male,10.5, $134.10 
13016,9/19/2016,2228,Canada,Male,10, $199.00 
13017,9/19/2016,2203,Germany,Male,9.5, $90.30 
13018,9/19/2016,2237,Germany,Male,9, $159.00 
13019,9/19/2016,2188,United States,Female,8.5, $159.00 
13020,9/19/2016,2201,Canada,Female,9, $199.00 
13021,9/19/2016,2222,Germany,Male,11.5, $169.00 
13022,9/19/2016,2242,United Kingdom,Male,9, $118.30 
13023,9/19/2016,2237,Canada,Male,9, $151.20 
13024,9/19/2016,2158,United States,Male,10, $159.00 
13025,9/19/2016,2186,Germany,Female,7.5, $129.00 
13026,9/19/2016,2205,United Kingdom,Female,5, $139.00 
13027,9/19/2016,2209,United States,Male,9.5, $199.00 
13028,9/19/2016,2184,United States,Male,9.5, $94.50 
13029,9/19/2016,2215,Canada,Male,9.5, $159.00 
13030,9/19/2016,2169,United States,Female,8.5, $189.00 
13031,9/19/2016,2224,United States,Male,7.5, $161.10 
13032,9/19/2016,2213,United States,Male,11, $139.00 
13033,9/19/2016,2165,Germany,Female,8.5, $97.30 
13034,9/19/2016,2222,United States,Male,9.5, $179.00 
13035,9/19/2016,2186,United States,Male,8, $199.00 
13036,9/19/2016,2205,United States,Male,9, $135.20 
13037,9/20/2016,2153,Germany,Male,8.5, $179.10 
13038,9/20/2016,2241,Germany,Female,6.5, $159.00 
13039,9/20/2016,2192,Germany,Male,9, $127.20 
13040,9/20/2016,2232,United States,Female,9, $139.00 
13041,9/20/2016,2223,Germany,Male,10.5, $189.00 
13042,9/20/2016,2203,Germany,Male,9.5, $90.30 
13043,9/20/2016,2169,United States,Male,10.5, $139.00 
13044,9/20/2016,2198,United Kingdom,Male,9.5, $103.20 
13045,9/20/2016,2202,United Kingdom,Male,9, $139.00 
13046,9/20/2016,2207,United Kingdom,Male,10.5, $170.10 
13047,9/20/2016,2201,Canada,Male,10.5, $189.00 
13048,9/20/2016,2206,United States,Male,8, $159.00 
13049,9/20/2016,2168,United States,Male,10, $97.30 
13050,9/20/2016,2202,United Kingdom,Female,6.5, $97.30 
13051,9/20/2016,2196,United States,Unix,9.5, $103.20 
13052,9/20/2016,2192,United States,Male,7.5, $135.20 
13053,9/20/2016,2166,United States,Female,8.5, $129.00 
13054,9/20/2016,2205,United States,Male,12, $169.00 
13055,9/20/2016,2184,United States,Male,9.5, $94.50 
13056,9/21/2016,2214,United States,Male,8, $79.50 
13057,9/21/2016,2210,Germany,Female,9.5, $129.00 
13058,9/21/2016,2222,Germany,Male,11.5, $169.00 
13059,9/21/2016,2225,Canada,Male,8.5, $129.00 
13060,9/21/2016,2150,Germany,Male,11, $189.00 
13061,9/21/2016,2230,Canada,Male,10, $111.20 
13062,9/21/2016,2242,United Kingdom,Male,9, $118.30 
13063,9/21/2016,2215,Germany,Female,7.5, $111.30 
13064,9/21/2016,2189,Canada,Male,10, $104.30 
13065,9/21/2016,2199,United States,Male,9, $199.00 
13066,9/21/2016,2197,United States,Male,6, $111.20 
13067,9/21/2016,2221,Germany,Male,9, $169.00 
13068,9/21/2016,2236,United Kingdom,Male,9.5, $94.50 
13069,9/21/2016,2176,Germany,Male,10.5, $127.20 
13070,9/21/2016,2237,United Kingdom,Male,7, $139.30 
13071,9/21/2016,2160,Canada,Male,10.5, $69.50 
13072,9/21/2016,2222,United Kingdom,Male,9, $143.10 
13073,9/21/2016,2225,Canada,Female,8.5, $159.00 
13074,9/21/2016,2166,United States,Male,10, $149.00 
13075,9/21/2016,2228,United States,Female,9, $125.30 
13076,9/21/2016,2187,Germany,Male,9.5, $97.30 
13077,9/21/2016,2149,United States,Male,12, $64.50 
13078,9/21/2016,2230,United Kingdom,Female,8.5, $189.00 
13079,9/21/2016,2157,United Kingdom,Female,10.5, $189.00 
13080,9/22/2016,2239,United States,Male,9.5, $139.00 
13081,9/22/2016,2174,United Kingdom,Male,9, $189.00 
13082,9/22/2016,2202,Canada,Male,11.5, $149.00 
13083,9/22/2016,2184,United States,Male,10.5, $161.10 
13084,9/22/2016,2242,United States,Male,10, $169.00 
13085,9/22/2016,2152,Germany,Male,9.5, $199.00 
13086,9/22/2016,2186,Germany,Female,7.5, $129.00 
13087,9/22/2016,2190,Germany,Female,7, $159.00 
13088,9/22/2016,2202,United Kingdom,Male,9, $139.00 
13089,9/22/2016,2154,United States,Male,9, $149.00 
13090,9/22/2016,2192,United States,Female,6, $103.20 
13091,9/22/2016,2239,United States,Female,8, $84.50 
13092,9/22/2016,2154,United States,Female,8.5, $139.00 
13093,9/22/2016,2217,United States,Female,8.5, $159.00 
13094,9/22/2016,2211,United Kingdom,Male,9.5, $189.00 
13095,9/22/2016,2179,Canada,Male,11, $119.20 
13096,9/22/2016,2185,United States,Male,11, $116.10 
13097,9/22/2016,2208,Canada,Female,8.5, $179.00 
13098,9/22/2016,2232,United States,Female,9, $139.00 
13099,9/22/2016,2188,United Kingdom,Female,7.5, $170.10 
13100,9/23/2016,2219,United States,Female,8, $69.50 
13101,9/23/2016,2222,Canada,Unix,, $179.10 
13102,9/23/2016,2147,United States,Male,10, $132.30 
13103,9/23/2016,2215,Germany,Female,9.5, $189.00 
13104,9/23/2016,2237,Germany,Male,9, $159.00 
13105,9/23/2016,2201,Canada,Male,10.5, $189.00 
13106,9/23/2016,2179,United States,Female,8, $139.00 
13107,9/23/2016,2232,Canada,Male,10.5, $129.00 
13108,9/23/2016,2176,United States,Male,9, $149.00 
13109,9/23/2016,2214,Canada,Male,10, $143.20 
13110,9/23/2016,2199,United States,Male,9, $199.00 
13111,9/23/2016,2162,United Kingdom,Male,11.5, $152.10 
13112,9/23/2016,2241,United States,Male,10.5, $179.00 
13113,9/23/2016,2233,United Kingdom,Female,7.5, $64.50 
13114,9/23/2016,2242,United Kingdom,Male,9, $118.30 
13115,9/24/2016,2204,United States,Male,10.5, $159.20 
13116,9/24/2016,2214,United States,Male,11.5, $139.00 
13117,9/24/2016,2222,United States,Male,9.5, $179.00 
13118,9/24/2016,2181,United States,Male,8, $97.30 
13119,9/24/2016,2215,Germany,Male,9, $189.00 
13120,9/24/2016,2154,United States,Male,9, $149.00 
13121,9/24/2016,2207,United Kingdom,Male,10.5, $170.10 
13122,9/24/2016,2192,United States,Male,9.5, $199.00 
13123,9/24/2016,2151,United Kingdom,Female,8.5, $90.30 
13124,9/24/2016,2197,Germany,Male,9, $111.30 
13125,9/24/2016,2150,Germany,Female,9.5, $111.20 
13126,9/24/2016,2160,Canada,Female,8.5, $179.10 
13127,9/24/2016,2218,Germany,Female,7.5, $97.30 
13128,9/24/2016,2202,Canada,Male,8.5, $139.00 
13129,9/24/2016,2180,United States,Male,12, $179.00 
13130,9/24/2016,2219,Germany,Male,10.5, $134.10 
13131,9/25/2016,2198,United States,Female,8, $189.00 
13132,9/25/2016,2211,Germany,Male,11, $189.00 
13133,9/25/2016,2222,United States,Female,7.5, $179.00 
13134,9/25/2016,2242,United States,Male,10, $169.00 
13135,9/25/2016,2202,United States,Male,9.5, $139.00 
13136,9/25/2016,2219,Canada,Female,7.5, $129.00 
13137,9/25/2016,2169,United Kingdom,Female,8.5, $139.00 
13138,9/25/2016,2216,Germany,Male,11.5, $169.00 
13139,9/25/2016,2228,United States,Male,9.5, $189.00 
13140,9/25/2016,2147,Germany,Female,6.5, $189.00 
13141,9/25/2016,2238,United Kingdom,Male,9.5, $129.00 
13142,9/25/2016,2240,Germany,Male,9, $125.30 
13143,9/25/2016,2184,United States,Male,10.5, $161.10 
13144,9/25/2016,2236,United States,Male,9.5, $179.00 
13145,9/25/2016,2192,United States,Male,8, $119.20 
13146,9/25/2016,2159,United States,Male,10.5, $118.30 
13147,9/25/2016,2222,Germany,Female,9.5, $179.00 
13148,9/25/2016,2159,United States,Male,10, $170.10 
13149,9/25/2016,2175,United States,Female,8.5, $129.00 
13150,9/25/2016,2238,Canada,Male,10.5, $169.00 
13151,9/25/2016,2176,Canada,Unix,10.5, $199.00 
13152,9/25/2016,2240,Canada,Female,7, $94.50 
13153,9/25/2016,2172,United Kingdom,Male,10, $139.00 
13154,9/25/2016,2183,United Kingdom,Male,7.5, $199.00 
13155,9/25/2016,2163,United States,Female,10.5, $169.00 
13156,9/26/2016,2168,Germany,Male,8, $79.50 
13157,9/26/2016,2198,Germany,Male,15, $149.00 
13158,9/26/2016,2222,United States,Female,7.5, $179.00 
13159,9/26/2016,2232,Germany,Male,6.5, $104.30 
13160,9/26/2016,2147,United States,Male,10, $132.30 
13161,9/26/2016,2190,United States,Female,9, $169.00 
13162,9/26/2016,2176,United States,Female,9, $159.00 
13163,9/26/2016,2220,United Kingdom,Female,8.5, $90.30 
13164,9/26/2016,2182,Germany,Male,9.5, $97.30 
13165,9/26/2016,2220,Germany,Male,9.5, $139.30 
13166,9/26/2016,2215,Germany,Female,7.5, $90.30 
13167,9/26/2016,2204,United States,Male,10.5, $159.20 
13168,9/26/2016,2240,United States,Female,7.5, $159.00 
13169,9/26/2016,2242,Germany,Female,7.5, $179.00 
13170,9/26/2016,2215,Germany,Female,7.5, $139.00 
13171,9/26/2016,2228,Canada,Female,7, $143.20 
13172,9/26/2016,2225,Canada,Male,8.5, $129.00 
13173,9/26/2016,2237,Canada,Male,9, $151.20 
13174,9/26/2016,2215,United Kingdom,Male,9.5, $94.50 
13175,9/26/2016,2172,United Kingdom,Male,10, $139.00 
13176,9/26/2016,2157,United States,Male,10.5, $169.00 
13177,9/27/2016,2193,Germany,Male,12, $129.00 
13178,9/27/2016,2150,Germany,Male,11, $189.00 
13179,9/27/2016,2227,United Kingdom,Male,9, $127.20 
13180,9/27/2016,2204,Germany,Female,8, $111.20 
13181,9/27/2016,2202,Canada,Male,11.5, $149.00 
13182,9/27/2016,2177,Germany,Male,10, $179.00 
13183,9/27/2016,2209,United States,Male,7, $118.30 
13184,9/27/2016,2179,United States,Male,9, $149.00 
13185,9/27/2016,2235,United Kingdom,Male,11, $127.20 
13186,9/27/2016,2179,United States,Female,8, $139.00 
13187,9/27/2016,2163,Germany,Female,8.5, $132.30 
13188,9/27/2016,2189,Canada,Male,10, $104.30 
13189,9/27/2016,2235,United Kingdom,Male,10, $149.00 
13190,9/27/2016,2202,United States,Female,9, $149.00 
13191,9/27/2016,2166,United States,Female,8.5, $129.00 
13192,9/27/2016,2160,United Kingdom,Male,10.5, $179.00 
13193,9/27/2016,2198,Germany,Male,8, $199.00 
13194,9/27/2016,2200,Germany,Male,12, $125.30 
13195,9/27/2016,2209,Germany,Female,9.5, $139.00 
13196,9/27/2016,2218,Germany,Female,7.5, $97.30 
13197,9/27/2016,2218,United States,Male,9, $179.00 
13198,9/27/2016,2242,United States,Male,10, $169.00 
13199,9/27/2016,2224,Germany,Male,9.5, $149.00 
13200,9/27/2016,2242,Germany,Female,7.5, $179.00 
13201,9/27/2016,2225,,Unix,11, $149.00 
13202,9/27/2016,2215,United Kingdom,Male,9.5, $94.50 
13203,9/27/2016,2231,United States,Female,7.5, $199.00 
13204,9/28/2016,2193,Germany,Male,12, $129.00 
13205,9/28/2016,2218,United States,Male,8.5, $139.00 
13206,9/28/2016,2188,United States,Female,9, $149.00 
13207,9/28/2016,2153,United Kingdom,Female,8, $199.00 
13208,9/28/2016,2212,Germany,Male,10.5, $139.00 
13209,9/28/2016,2220,Germany,Male,9.5, $139.30 
13210,9/28/2016,2197,United Kingdom,Male,10, $189.00 
13211,9/28/2016,2185,United Kingdom,Male,9, $199.00 
13212,9/28/2016,2215,Germany,Male,9, $189.00 
13213,9/28/2016,2212,United Kingdom,Male,8, $151.20 
13214,9/28/2016,2202,United States,Female,9, $149.00 
13215,9/28/2016,2183,United Kingdom,Male,7.5, $199.00 
13216,9/28/2016,2217,United States,Female,8.5, $159.00 
13217,9/28/2016,2155,United Kingdom,Male,9.5, $189.00 
13218,9/28/2016,2152,United States,Male,9.5, $159.00 
13219,9/28/2016,2203,Germany,Female,8.5, $125.30 
13220,9/28/2016,2171,Canada,Male,8.5, $189.00 
13221,9/28/2016,2207,United Kingdom,Male,10.5, $170.10 
13222,9/28/2016,2213,United States,Female,8, $129.00 
13223,9/28/2016,2185,Germany,Female,8.5, $159.00 
13224,9/28/2016,2176,Canada,Male,10.5, $199.00 
13225,9/28/2016,2207,Germany,Male,9, $149.00 
13226,9/28/2016,2160,Canada,Female,9.5, $189.00 
13227,9/28/2016,2221,United States,Male,10, $118.30 
13228,9/28/2016,2185,United States,Female,8, $189.00 
13229,9/28/2016,2212,United States,Female,9, $129.00 
13230,9/28/2016,2156,United States,Male,9.5, $143.20 
13231,9/28/2016,2212,United States,Male,9.5, $97.30 
13232,9/28/2016,2191,Germany,Male,12, $149.00 
13233,9/28/2016,2224,United States,Female,7.5, $159.00 
13234,9/28/2016,2201,Canada,Male,12, $199.00 
13235,9/29/2016,2164,United States,Male,9, $169.00 
13236,9/29/2016,2227,United States,Male,10, $135.20 
13237,9/29/2016,2177,Germany,Male,15, $129.00 
13238,9/29/2016,2197,Germany,Male,10.5, $103.20 
13239,9/29/2016,2153,Germany,Female,8, $132.30 
13240,9/29/2016,2190,United States,Male,9, $94.50 
13241,9/29/2016,2149,United States,Female,10, $169.00 
13242,9/29/2016,2199,United Kingdom,Male,11, $118.30 
13243,9/29/2016,2204,Germany,Female,8, $111.20 
13244,9/29/2016,2227,United Kingdom,Male,10, $111.30 
13245,9/29/2016,2172,United Kingdom,Male,10, $139.00 
13246,9/29/2016,2183,United Kingdom,Male,7.5, $199.00 
13247,9/29/2016,2199,United States,Male,9, $199.00 
13248,9/29/2016,2151,Germany,Female,8.5, $159.00 
13249,9/29/2016,2165,United States,Male,11.5, $199.00 
13250,9/29/2016,2227,United States,Male,9, $104.30 
13251,9/29/2016,2209,United States,Unix,10, $90.30 
13252,9/29/2016,2152,Germany,Male,9.5, $199.00 
13253,9/29/2016,2154,Germany,Female,8, $94.50 
13254,9/29/2016,2208,Canada,Female,8, $189.00 
13255,9/29/2016,2190,United States,Female,9, $159.00 
13256,9/29/2016,2181,Germany,Male,10.5, $94.50 
13257,9/29/2016,2184,United States,Male,10.5, $161.10 
13258,9/29/2016,2211,Germany,Male,11, $189.00 
13259,9/29/2016,2168,Canada,Male,12, $189.00 
13260,9/30/2016,2209,Germany,Female,9.5, $139.00 
13261,9/30/2016,2222,Canada,Female,8.5, $179.00 
13262,9/30/2016,2177,United States,Female,10.5, $149.00 
13263,9/30/2016,2232,United Kingdom,Female,8, $143.20 
13264,9/30/2016,2166,Germany,Male,12, $149.00 
13265,9/30/2016,2223,United States,Male,10.5, $84.50 
13266,9/30/2016,2186,United States,Female,8, $132.30 
13267,9/30/2016,2148,Germany,Male,10.5, $149.00 
13268,9/30/2016,2149,Germany,Female,7.5, $69.50 
13269,9/30/2016,2207,Germany,Female,9, $74.50 
13270,9/30/2016,2213,Germany,Female,9, $189.00 
13271,9/30/2016,2208,Canada,Female,8.5, $179.00 
13272,9/30/2016,2198,United States,Female,8.5, $79.50 
13273,9/30/2016,2165,United States,Male,11.5, $199.00 
13274,9/30/2016,2238,Canada,Male,10, $125.10 
13275,9/30/2016,2159,United States,Male,10.5, $118.30 
13276,9/30/2016,2204,United Kingdom,Male,10.5, $189.00 
13277,9/30/2016,2186,Canada,Female,7, $159.00 
13278,9/30/2016,2236,United States,Female,8, $189.00 
13279,9/30/2016,2180,United States,Female,9, $189.00 
13280,9/30/2016,2225,Germany,Male,8.5, $139.00 
13281,9/30/2016,2150,Canada,Male,9, $152.10 
13282,9/30/2016,2217,Canada,Female,7.5, $129.00 
13283,10/1/2016,2191,United States,Male,12, $189.00 
13284,10/1/2016,2162,United States,Male,10, $129.00 
13285,10/1/2016,2168,Canada,Male,10.5, $103.20 
13286,10/1/2016,2207,Germany,Male,15, $139.00 
13287,10/1/2016,2217,Germany,Male,9, $179.00 
13288,10/1/2016,2148,Germany,Male,10.5, $149.00 
13289,10/1/2016,2207,Canada,Male,11, $189.00 
13290,10/1/2016,2216,United States,Male,6, $132.30 
13291,10/1/2016,2213,United States,Male,11, $139.00 
13292,10/1/2016,2198,United States,Female,8.5, $79.50 
13293,10/1/2016,2152,United States,Female,8, $152.10 
13294,10/1/2016,2161,United States,Female,8, $189.00 
13295,10/1/2016,2204,United States,Male,10.5, $159.20 
13296,10/1/2016,2172,United Kingdom,Male,9, $64.50 
13297,10/1/2016,2191,United States,Male,9, $129.00 
13298,10/1/2016,2156,Germany,Male,8.5, $139.00 
13299,10/1/2016,2163,United States,Female,7, $159.00 
13300,10/1/2016,2200,United States,Male,10, $125.30 
13301,,2172,United Kingdom,Unix,10.5, $139.00 
13302,10/1/2016,2161,Canada,Female,7, $99.50 
13303,10/1/2016,2174,Germany,Female,7.5, $134.10 
13304,10/1/2016,2222,United States,Female,9, $79.50 
13305,10/1/2016,2184,Canada,Male,9.5, $189.00 
13306,10/2/2016,2147,Canada,Male,8.5, $129.00 
13307,10/2/2016,2151,Germany,Male,9.5, $119.20 
13308,10/2/2016,2182,Germany,Male,9.5, $97.30 
13309,10/2/2016,2217,Germany,Male,9, $179.00 
13310,10/2/2016,2186,United States,Male,9.5, $111.20 
13311,10/2/2016,2204,Germany,Male,10.5, $169.00 
13312,10/2/2016,2233,Germany,Female,7.5, $97.30 
13313,10/2/2016,2180,Germany,Male,10, $199.00 
13314,10/2/2016,2198,Germany,Male,10.5, $139.00 
13315,10/2/2016,2174,Canada,Female,7.5, $89.50 
13316,10/2/2016,2223,Canada,Male,8.5, $135.20 
13317,10/2/2016,2190,United States,Male,9, $94.50 
13318,10/2/2016,2204,United Kingdom,Male,10.5, $189.00 
13319,10/2/2016,2151,Germany,Female,10, $139.00 
13320,10/2/2016,2232,United States,Female,7, $74.50 
13321,10/2/2016,2228,United States,Female,8, $149.00 
13322,10/2/2016,2193,United States,Male,10.5, $118.30 
13323,10/2/2016,2235,United Kingdom,Male,10, $149.00 
13324,10/2/2016,2198,Canada,Female,9, $69.50 
13325,10/2/2016,2168,Canada,Male,10.5, $103.20 
13326,10/2/2016,2212,United States,Male,9.5, $97.30 
13327,10/3/2016,2241,Germany,Male,7, $199.00 
13328,10/3/2016,2155,United States,Male,9, $179.00 
13329,10/3/2016,2241,Canada,Male,10.5, $90.30 
13330,10/3/2016,2226,United States,Female,8, $139.00 
13331,10/3/2016,2215,Canada,Male,8.5, $169.00 
13332,10/3/2016,2186,United States,Female,8, $132.30 
13333,10/3/2016,2203,United States,Male,9.5, $189.00 
13334,10/3/2016,2205,Germany,Male,9.5, $139.00 
13335,10/3/2016,2180,Germany,Male,10, $199.00 
13336,10/3/2016,2203,Germany,Male,9.5, $139.00 
13337,10/3/2016,2186,United States,Female,7, $161.10 
13338,10/3/2016,2238,Germany,Female,8.5, $151.20 
13339,10/3/2016,2223,United States,Male,10.5, $84.50 
13340,10/3/2016,2172,United Kingdom,Male,10.5, $139.00 
13341,10/3/2016,2178,United States,Female,8, $139.00 
13342,10/3/2016,2147,Canada,Male,8.5, $129.00 
13343,10/3/2016,2165,Germany,Male,6, $129.00 
13344,10/3/2016,2212,Germany,Male,10, $149.00 
13345,10/4/2016,2156,Germany,Male,8.5, $139.00 
13346,10/4/2016,2190,United States,Male,9.5, $151.20 
13347,10/4/2016,2222,United States,Male,9.5, $161.10 
13348,10/4/2016,2231,Germany,Male,8.5, $69.50 
13349,10/4/2016,2174,Germany,Female,7.5, $134.10 
13350,10/4/2016,2148,Germany,Male,10.5, $149.00 
13351,10/4/2016,2212,Germany,Unix,8.5, $90.30 
13352,10/4/2016,2205,Germany,Male,9.5, $139.00 
13353,10/4/2016,2180,Germany,Male,10, $199.00 
13354,10/4/2016,2239,United States,Male,8.5, $189.00 
13355,10/4/2016,2192,Canada,Male,10, $132.30 
13356,10/4/2016,2191,United States,Female,10.5, $90.30 
13357,10/4/2016,2150,Canada,Male,9, $152.10 
13358,10/4/2016,2212,United Kingdom,Male,8.5, $199.00 
13359,10/4/2016,2213,United States,Female,12, $189.00 
13360,10/4/2016,2209,Germany,Male,14, $199.00 
13361,10/4/2016,2178,United States,Female,8, $119.20 
13362,10/4/2016,2196,Germany,Male,9.5, $189.00 
13363,10/5/2016,2240,United States,Male,13, $84.50 
13364,10/5/2016,2216,Germany,Female,7.5, $132.30 
13365,10/5/2016,2228,United States,Female,8, $149.00 
13366,10/5/2016,2179,United States,Male,9, $149.00 
13367,10/5/2016,2157,United States,Female,8.5, $189.00 
13368,10/5/2016,2223,United States,Male,7.5, $169.00 
13369,10/5/2016,2202,United States,Female,8.5, $129.00 
13370,10/5/2016,2191,United States,Male,12, $143.20 
13371,10/5/2016,2177,Germany,Male,10, $179.00 
13372,10/5/2016,2168,Canada,Male,10.5, $103.20 
13373,10/5/2016,2200,United States,Male,10, $125.30 
13374,10/5/2016,2230,Germany,Female,8.5, $159.00 
13375,10/5/2016,2184,United States,Male,9.5, $170.10 
13376,10/5/2016,2192,Canada,Male,8, $159.00 
13377,10/5/2016,2159,Canada,Male,9, $118.30 
13378,10/5/2016,2209,United States,Male,10, $90.30 
13379,10/5/2016,2204,Germany,Male,10.5, $169.00 
13380,10/6/2016,2183,United States,Male,10, $159.00 
13381,10/6/2016,2237,United Kingdom,Male,9.5, $149.00 
13382,10/6/2016,2213,United States,Female,9, $139.00 
13383,10/6/2016,2198,Germany,Female,9, $139.00 
13384,10/6/2016,2197,United Kingdom,Male,10, $189.00 
13385,10/6/2016,2221,United States,Male,9.5, $134.10 
13386,10/6/2016,2203,Germany,Male,11.5, $139.00 
13387,10/6/2016,2203,United States,Female,7.5, $139.30 
13388,10/6/2016,2227,United States,Male,9, $104.30 
13389,10/6/2016,2223,United States,Male,7.5, $169.00 
13390,10/6/2016,2212,Germany,Male,10.5, $139.00 
13391,10/6/2016,2220,Canada,Female,8, $179.10 
13392,10/6/2016,2209,Canada,Female,8, $169.00 
13393,10/6/2016,2157,Canada,Male,7.5, $189.00 
13394,10/6/2016,2219,Canada,Male,9, $199.00 
13395,10/6/2016,2180,United States,Female,9, $189.00 
13396,10/6/2016,2177,United States,Female,9, $139.00 
13397,10/6/2016,2167,United Kingdom,Male,9.5, $139.30 
13398,10/6/2016,2187,Canada,Male,8.5, $89.50 
13399,10/6/2016,2159,United States,Male,10.5, $118.30 
13400,10/6/2016,2203,Germany,Male,9.5, $139.00 
13401,10/7/2016,2213,United States,Unix,9, $139.00 
13402,10/7/2016,2172,United Kingdom,Male,9, $64.50 
13403,10/7/2016,2212,Germany,Male,10, $149.00 
13404,10/7/2016,2166,Germany,Male,10.5, $74.50 
13405,10/7/2016,2213,United States,Female,12, $189.00 
13406,10/7/2016,2220,Germany,Male,9.5, $149.00 
13407,10/7/2016,2236,Germany,Female,8.5, $199.00 
13408,10/7/2016,2165,United States,Male,11.5, $199.00 
13409,10/7/2016,2227,United States,Male,9, $104.30 
13410,10/7/2016,2153,Germany,Female,8, $132.30 
13411,10/7/2016,2216,United States,Male,6, $132.30 
13412,10/7/2016,2148,Canada,Female,8, $189.00 
13413,10/7/2016,2236,Germany,Female,7.5, $69.50 
13414,10/7/2016,2212,United Kingdom,Male,8.5, $199.00 
13415,10/7/2016,2151,United Kingdom,Female,9.5, $139.00 
13416,10/7/2016,2159,Canada,Female,9, $99.50 
13417,10/7/2016,2163,United States,Female,8, $79.50 
13418,10/7/2016,2170,Germany,Female,7.5, $199.00 
13419,10/7/2016,2216,Canada,Male,8.5, $89.50 
13420,10/7/2016,2205,United States,Female,7, $179.00 
13421,10/7/2016,2209,United States,Male,10, $111.30 
13422,10/7/2016,2211,United States,Male,10, $179.00 
13423,10/7/2016,2177,United States,Female,9, $139.00 
13424,10/7/2016,2222,United Kingdom,Male,11.5, $149.00 
13425,10/7/2016,2167,United Kingdom,Male,9.5, $139.30 
13426,10/8/2016,2204,United Kingdom,Male,10.5, $189.00 
13427,10/8/2016,2172,United Kingdom,Male,9, $64.50 
13428,10/8/2016,2187,Germany,Male,9.5, $97.30 
13429,10/8/2016,2150,Germany,Female,9, $64.50 
13430,10/8/2016,2204,Germany,Female,10.5, $74.50 
13431,10/8/2016,2213,Canada,Male,11.5, $132.30 
13432,10/8/2016,2209,United States,Male,10, $90.30 
13433,10/8/2016,2188,Canada,Male,11, $189.00 
13434,10/8/2016,2190,United States,Female,9, $159.00 
13435,10/8/2016,2187,United States,Female,7.5, $169.00 
13436,10/8/2016,2197,United States,Female,7.5, $151.20 
13437,10/8/2016,2213,United States,Male,9.5, $139.00 
13438,10/8/2016,2191,United States,Female,10.5, $90.30 
13439,10/8/2016,2216,Germany,Female,7.5, $132.30 
13440,10/8/2016,2239,United States,Male,8.5, $189.00 
13441,10/8/2016,2210,United States,Female,9, $149.00 
13442,10/8/2016,2242,United States,Female,12, $161.10 
13443,10/8/2016,2185,United Kingdom,Male,9, $199.00 
13444,10/8/2016,2236,Germany,Female,7.5, $69.50 
13445,10/8/2016,2158,Germany,Male,9, $134.10 
13446,10/8/2016,2231,Germany,Male,8.5, $69.50 
13447,10/8/2016,2147,Canada,Male,9.5, $149.00 
13448,10/8/2016,2191,United States,Male,12, $143.20 
13449,10/8/2016,2202,United States,Female,8.5, $129.00 
13450,10/8/2016,2222,United Kingdom,Male,11.5, $149.00 
13451,10/8/2016,2167,United Kingdom,Unix,9.5, $139.30 
13452,10/8/2016,2152,United States,Female,8, $84.50 
13453,10/9/2016,2188,United Kingdom,Female,7.5, $170.10 
13454,10/9/2016,2159,Canada,Male,9, $118.30 
13455,10/9/2016,2208,Germany,Male,10, $104.30 
13456,10/9/2016,2168,United States,Female,7.5, $170.10 
13457,10/9/2016,2183,United States,Male,12, $179.00 
13458,10/9/2016,2199,United States,Male,10, $179.00 
13459,10/9/2016,2216,Germany,Female,7.5, $132.30 
13460,10/9/2016,2165,Germany,Male,6, $129.00 
13461,10/9/2016,2155,United Kingdom,Male,9.5, $189.00 
13462,10/9/2016,2173,Germany,Female,8, $129.00 
13463,10/9/2016,2171,Germany,Female,10, $169.00 
13464,10/9/2016,2195,United States,Male,10, $179.00 
13465,10/9/2016,2223,United States,Male,7.5, $169.00 
13466,10/9/2016,2179,Germany,Female,9, $143.10 
13467,10/9/2016,2200,Germany,Male,9.5, $179.00 
13468,10/9/2016,2150,Germany,Male,10, $89.50 
13469,10/10/2016,2149,Germany,Male,9, $179.00 
13470,10/10/2016,2148,United States,Female,8.5, $139.00 
13471,10/10/2016,2166,Germany,Male,8, $139.00 
13472,10/10/2016,2207,Germany,Male,10.5, $169.00 
13473,10/10/2016,2233,United States,Male,10, $159.00 
13474,10/10/2016,2225,Germany,Male,9, $69.50 
13475,10/10/2016,2178,Germany,Female,8.5, $179.00 
13476,10/10/2016,2193,Canada,Male,10, $179.00 
13477,10/10/2016,2156,Canada,Male,11.5, $189.00 
13478,10/10/2016,2225,United States,Female,9, $159.00 
13479,10/10/2016,2221,United States,Male,9.5, $134.10 
13480,10/10/2016,2182,United States,Male,8.5, $127.20 
13481,10/10/2016,2184,United States,Male,10, $129.00 
13482,10/10/2016,2232,Germany,Female,8, $159.00 
13483,10/10/2016,2189,Germany,Male,8, $127.20 
13484,10/10/2016,2158,United Kingdom,Female,8, $79.50 
13485,10/10/2016,2225,Germany,Male,8.5, $199.00 
13486,10/11/2016,2159,United States,Male,9.5, $79.50 
13487,10/11/2016,2221,United States,Male,10, $129.00 
13488,10/11/2016,2185,United States,Female,8, $189.00 
13489,10/11/2016,2233,United States,Female,8, $179.00 
13490,10/11/2016,2220,United States,Female,8.5, $179.00 
13491,10/11/2016,2226,Germany,Male,9.5, $149.00 
13492,10/11/2016,2234,United States,Male,9.5, $79.50 
13493,10/11/2016,2192,Canada,Male,10, $84.50 
13494,10/11/2016,2242,United States,Female,12, $161.10 
13495,10/11/2016,2227,United States,Male,11, $103.20 
13496,10/11/2016,2152,Canada,Female,8, $64.50 
13497,10/11/2016,2180,United States,Male,10, $159.00 
13498,10/11/2016,2241,United Kingdom,Male,6.5, $179.00 
13499,10/11/2016,2209,Germany,Female,8, $134.10 
13500,10/11/2016,2231,Germany,Male,8.5, $69.50 
13501,10/12/2016,2188,United States,,8, $159.20 
13502,10/12/2016,2193,Germany,Female,9.5, $127.20 
13503,10/12/2016,2154,United States,Female,8.5, $179.00 
13504,10/12/2016,2180,Canada,Male,8.5, $199.00 
13505,10/12/2016,2234,Germany,Male,9.5, $149.00 
13506,10/12/2016,2198,Germany,Male,11.5, $111.20 
13507,10/12/2016,2205,United States,Female,8, $161.10 
13508,10/12/2016,2240,United States,Female,8, $97.30 
13509,10/12/2016,2211,United States,Male,10, $179.00 
13510,10/12/2016,2191,United States,Male,12, $143.20 
13511,10/12/2016,2185,United States,Male,10, $149.00 
13512,10/12/2016,2220,United States,Female,8.5, $179.00 
13513,10/12/2016,2218,United States,Male,11.5, $169.00 
13514,10/12/2016,2158,United Kingdom,Female,8.5, $125.30 
13515,10/12/2016,2171,Germany,Female,8.5, $159.00 
13516,10/12/2016,2232,United States,Male,9.5, $159.00 
13517,10/12/2016,2232,Canada,Male,9, $99.50 
13518,10/12/2016,2215,Canada,Male,8.5, $169.00 
13519,10/12/2016,2171,Canada,Male,9.5, $139.00 
13520,10/12/2016,2222,United Kingdom,Male,9, $149.00 
13521,10/12/2016,2199,United States,Male,10, $179.00 
13522,10/12/2016,2158,United States,Female,9, $169.00 
13523,10/12/2016,2152,United States,Female,8, $84.50 
13524,10/13/2016,2203,United States,Male,10, $170.10 
13525,10/13/2016,2211,Germany,Female,7.5, $169.00 
13526,10/13/2016,2207,United States,Female,8, $143.20 
13527,10/13/2016,2174,Germany,Female,8, $159.00 
13528,10/13/2016,2185,Germany,Male,9.5, $189.00 
13529,10/13/2016,2189,United Kingdom,Female,8, $152.10 
13530,10/13/2016,2192,United States,Male,11.5, $149.00 
13531,10/13/2016,2200,Germany,Female,7.5, $139.00 
13532,10/13/2016,2164,United States,Male,10, $139.00 
13533,10/13/2016,2152,United States,Female,10.5, $125.10 
13534,10/13/2016,2218,Germany,Female,8.5, $111.30 
13535,10/13/2016,2221,United States,Female,8, $159.00 
13536,10/13/2016,2233,Germany,Female,8, $179.00 
13537,10/13/2016,2222,Germany,Male,10.5, $132.30 
13538,10/13/2016,2208,United States,Male,14, $199.00 
13539,10/13/2016,2193,Canada,Male,8.5, $99.50 
13540,10/13/2016,2212,United States,Female,9, $129.00 
13541,10/13/2016,2192,United States,Male,9.5, $116.10 
13542,10/13/2016,2210,United States,Female,9, $149.00 
13543,10/13/2016,2212,Germany,Male,10, $169.00 
13544,10/13/2016,2155,United Kingdom,Female,9.5, $169.00 
13545,10/14/2016,2217,Germany,Female,7.5, $189.00 
13546,10/14/2016,2219,United States,Female,6.5, $199.00 
13547,10/14/2016,2225,Germany,Male,11, $149.00 
13548,10/14/2016,2167,Germany,Female,8, $179.00 
13549,10/14/2016,2230,Germany,Male,10.5, $99.50 
13550,10/14/2016,2157,United States,Female,8.5, $189.00 
13551,10/14/2016,2221,Germany,Unix,8, $189.00 
13552,10/14/2016,2209,United Kingdom,Female,12, $129.00 
13553,10/14/2016,2156,Canada,Male,11.5, $189.00 
13554,10/14/2016,2216,United Kingdom,Female,8, $179.00 
13555,10/14/2016,2161,United States,Female,7.5, $189.00 
13556,10/14/2016,2201,Canada,Male,11.5, $139.00 
13557,10/14/2016,2197,Germany,Male,8.5, $125.10 
13558,10/14/2016,2212,Germany,Female,8, $189.00 
13559,10/14/2016,2158,Germany,Male,10, $159.00 
13560,10/14/2016,2198,Germany,Male,11.5, $111.20 
13561,10/14/2016,2222,United States,Male,9.5, $189.00 
13562,10/14/2016,2190,United States,Female,9, $159.00 
13563,10/14/2016,2227,United States,Female,7.5, $199.00 
13564,10/14/2016,2151,United Kingdom,Female,9.5, $139.00 
13565,10/15/2016,2175,United States,Female,8, $111.20 
13566,10/15/2016,2242,United States,Male,9.5, $74.50 
13567,10/15/2016,2236,United States,Female,9, $199.00 
13568,10/15/2016,2176,Germany,Male,9, $139.00 
13569,10/15/2016,2150,Germany,Male,10, $89.50 
13570,10/15/2016,2230,Germany,Male,10.5, $99.50 
13571,10/15/2016,2221,United States,Female,8.5, $179.00 
13572,10/15/2016,2154,Germany,Female,8, $84.50 
13573,10/15/2016,2212,United States,Male,10.5, $64.50 
13574,10/15/2016,2192,Canada,Male,10, $84.50 
13575,10/15/2016,2151,United States,Female,9, $159.00 
13576,10/15/2016,2192,Germany,Male,9, $94.50 
13577,10/15/2016,2183,United Kingdom,Female,8, $189.00 
13578,10/15/2016,2236,United States,Female,7.5, $90.30 
13579,10/15/2016,2189,United States,Female,9.5, $189.00 
13580,10/15/2016,2221,United States,Male,9.5, $134.10 
13581,10/15/2016,2186,Germany,Male,9.5, $127.20 
13582,10/15/2016,2169,Canada,Male,10, $84.50 
13583,10/15/2016,2159,United States,Male,9, $119.20 
13584,10/15/2016,2225,United Kingdom,Female,9.5, $149.00 
13585,10/16/2016,2212,Germany,Female,9.5, $125.30 
13586,10/16/2016,2183,United States,Male,6.5, $129.00 
13587,10/16/2016,2163,United States,Female,8, $79.50 
13588,10/16/2016,2229,United States,Male,9.5, $189.00 
13589,10/16/2016,2240,United States,Female,8.5, $159.20 
13590,10/16/2016,2218,Germany,Female,8.5, $99.50 
13591,10/16/2016,2203,United States,Female,6.5, $74.50 
13592,10/16/2016,2221,United States,Male,10, $129.00 
13593,10/16/2016,2232,Canada,Male,6.5, $169.00 
13594,10/16/2016,2174,Germany,Female,12, $189.00 
13595,10/16/2016,2184,United States,Male,10, $129.00 
13596,10/16/2016,2156,Germany,Male,9, $129.00 
13597,10/16/2016,2198,Canada,Male,13, $169.00 
13598,10/16/2016,2185,Germany,Male,9.5, $189.00 
13599,10/16/2016,2161,Germany,Male,10.5, $159.00 
13600,10/16/2016,2236,United Kingdom,Male,7, $90.30 
13601,10/16/2016,2174,United States,Unix,, $170.10 
13602,10/16/2016,2230,Canada,Male,9, $139.00 
13603,10/16/2016,2173,Germany,Male,9.5, $149.00 
13604,10/16/2016,2227,United States,Female,7.5, $199.00 
13605,10/16/2016,2236,United States,Male,10.5, $139.00 
13606,10/16/2016,2219,Canada,Female,7, $143.10 
13607,10/16/2016,2211,Canada,Male,11.5, $179.00 
13608,10/16/2016,2161,Canada,Male,9.5, $170.10 
13609,10/16/2016,2200,Germany,Female,7.5, $139.00 
13610,10/16/2016,2219,United States,Male,10, $149.00 
13611,10/16/2016,2213,United Kingdom,Female,8.5, $152.10 
13612,10/16/2016,2206,United States,Male,12, $149.00 
13613,10/16/2016,2205,United States,Male,11, $139.00 
13614,10/16/2016,2189,United States,Female,10.5, $149.00 
13615,10/16/2016,2150,Canada,Male,10.5, $89.50 
13616,10/17/2016,2181,United States,Male,9, $199.00 
13617,10/17/2016,2158,Germany,Male,9, $134.10 
13618,10/17/2016,2162,United States,Male,11, $199.00 
13619,10/17/2016,2220,United States,Male,9.5, $129.00 
13620,10/17/2016,2187,United States,Male,11.5, $179.00 
13621,10/17/2016,2208,United States,Female,8, $129.00 
13622,10/17/2016,2190,Canada,Female,7.5, $151.20 
13623,10/17/2016,2231,United States,Male,9.5, $119.20 
13624,10/17/2016,2180,Canada,Male,8.5, $199.00 
13625,10/17/2016,2231,United States,Female,8, $179.00 
13626,10/17/2016,2174,United States,Female,9, $170.10 
13627,10/17/2016,2170,United Kingdom,Male,8.5, $179.00 
13628,10/17/2016,2230,Canada,Male,9, $139.00 
13629,10/17/2016,2157,Germany,Female,7.5, $139.30 
13630,10/17/2016,2191,Germany,Female,8.5, $169.00 
13631,10/17/2016,2235,United States,Female,9, $125.10 
13632,10/17/2016,2219,Canada,Female,7, $143.10 
13633,10/17/2016,2214,Canada,Female,7.5, $199.00 
13634,10/17/2016,2156,Canada,Male,11.5, $189.00 
13635,10/17/2016,2238,United States,Male,10.5, $189.00 
13636,10/17/2016,2200,United States,Male,10, $199.00 
13637,10/17/2016,2206,United States,Male,12, $149.00 
13638,10/17/2016,2205,United States,Male,11, $139.00 
13639,10/17/2016,2212,United Kingdom,Male,9.5, $149.00 
13640,10/17/2016,2214,United States,Male,9.5, $90.30 
13641,10/17/2016,2155,Canada,Male,10.5, $199.00 
13642,10/17/2016,2147,United States,Male,9.5, $199.00 
13643,10/17/2016,2240,United States,Female,8.5, $159.20 
13644,10/18/2016,2148,United States,Male,10, $159.00 
13645,10/18/2016,2162,Canada,Male,10, $116.10 
13646,10/18/2016,2218,United States,Male,11.5, $169.00 
13647,10/18/2016,2187,United States,Male,11.5, $179.00 
13648,10/18/2016,2229,United States,Male,9.5, $189.00 
13649,10/18/2016,2220,United States,Male,8, $169.00 
13650,10/18/2016,2188,Canada,Male,11, $189.00 
13651,10/18/2016,2181,United States,Unix,12, $149.00 
13652,10/18/2016,2177,Canada,Male,9.5, $129.00 
13653,10/18/2016,2228,Canada,Male,9.5, $103.20 
13654,10/18/2016,2209,United Kingdom,Female,12, $129.00 
13655,10/18/2016,2234,Germany,Male,6, $90.30 
13656,10/18/2016,2240,Germany,Female,6.5, $179.00 
13657,10/18/2016,2157,Germany,Female,7.5, $161.10 
13658,10/18/2016,2202,United States,Male,8.5, $143.20 
13659,10/18/2016,2155,United States,Male,11.5, $149.00 
13660,10/18/2016,2237,United Kingdom,Male,9.5, $149.00 
13661,10/18/2016,2170,United Kingdom,Male,8.5, $179.00 
13662,10/18/2016,2204,Germany,Female,8.5, $125.30 
13663,10/18/2016,2176,Germany,Male,9, $139.00 
13664,10/18/2016,2215,Canada,Female,7, $119.20 
13665,10/18/2016,2195,Canada,Male,15, $199.00 
13666,10/18/2016,2198,Germany,Female,10.5, $149.00 
13667,10/18/2016,2185,United States,Male,11.5, $170.10 
13668,10/18/2016,2178,United Kingdom,Female,8.5, $139.00 
13669,10/18/2016,2151,United States,Male,8.5, $199.00 
13670,10/18/2016,2193,Canada,Male,10, $179.00 
13671,10/18/2016,2155,United States,Male,9.5, $111.30 
13672,10/18/2016,2238,United States,Male,10.5, $189.00 
13673,10/18/2016,2205,United States,Male,11, $139.00 
13674,10/18/2016,2205,United States,Female,9, $149.00 
13675,10/18/2016,2200,United States,Female,7.5, $149.00 
13676,10/18/2016,2202,Canada,Male,11, $79.50 
13677,10/18/2016,2223,Germany,Female,7, $84.50 
13678,10/18/2016,2238,United States,Male,8.5, $152.10 
13679,10/19/2016,2192,Germany,Female,4.5, $149.00 
13680,10/19/2016,2201,Germany,Male,11, $189.00 
13681,10/19/2016,2153,United States,Male,10, $169.00 
13682,10/19/2016,2169,Germany,Female,8.5, $97.30 
13683,10/19/2016,2170,United States,Female,12, $169.00 
13684,10/19/2016,2237,United States,Female,7.5, $132.30 
13685,10/19/2016,2232,Canada,Male,6.5, $169.00 
13686,10/19/2016,2177,Canada,Male,9.5, $129.00 
13687,10/19/2016,2212,United States,Male,10.5, $64.50 
13688,10/19/2016,2158,Germany,Male,9.5, $111.30 
13689,10/19/2016,2218,Germany,Male,14, $74.50 
13690,10/19/2016,2165,Germany,Male,11.5, $159.00 
13691,10/19/2016,2225,United Kingdom,Female,9.5, $149.00 
13692,10/19/2016,2242,United States,Female,8.5, $111.20 
13693,10/19/2016,2213,United States,Male,10.5, $104.30 
13694,10/19/2016,2233,Canada,Male,9, $139.00 
13695,10/19/2016,2227,United States,Female,10.5, $159.20 
13696,10/19/2016,2223,Germany,Female,10.5, $169.00 
13697,10/19/2016,2242,United States,Male,9.5, $74.50 
13698,10/19/2016,2221,United States,Male,10, $189.00 
13699,10/19/2016,2183,United States,Male,12, $159.00 
13700,10/19/2016,2221,Canada,Male,7, $159.00 
13701,10/20/2016,2228,,Unix,8, $189.00 
13702,10/20/2016,2181,United States,Male,8, $97.30 
13703,10/20/2016,2190,Germany,Female,8.5, $129.00 
13704,10/20/2016,2237,United Kingdom,Female,12, $143.20 
13705,10/20/2016,2154,United States,Female,12, $161.10 
13706,10/20/2016,2186,Germany,Male,9.5, $127.20 
13707,10/20/2016,2192,Germany,Male,9.5, $159.00 
13708,10/20/2016,2177,Germany,Female,8, $161.10 
13709,10/20/2016,2160,Germany,Female,8, $111.30 
13710,10/20/2016,2230,United States,Female,9, $103.20 
13711,10/20/2016,2225,United States,Male,7.5, $159.00 
13712,10/20/2016,2153,United States,Female,8.5, $99.50 
13713,10/20/2016,2187,Germany,Female,8.5, $134.10 
13714,10/20/2016,2170,Germany,Male,10, $129.00 
13715,10/20/2016,2205,United States,Female,7, $169.00 
13716,10/20/2016,2211,Canada,Male,11.5, $179.00 
13717,10/20/2016,2151,United States,Male,8.5, $199.00 
13718,10/20/2016,2201,Canada,Male,11.5, $139.00 
13719,10/20/2016,2231,Canada,Female,10.5, $169.00 
13720,10/20/2016,2185,United States,Female,11, $118.30 
13721,10/20/2016,2242,Germany,Male,10.5, $179.00 
13722,10/20/2016,2180,Canada,Male,11.5, $179.00 
13723,10/20/2016,2237,United States,Female,8.5, $84.50 
13724,10/20/2016,2213,United States,Female,7.5, $90.30 
13725,10/20/2016,2150,United Kingdom,Male,10.5, $189.00 
13726,10/20/2016,2211,United States,Male,13, $149.00 
13727,10/20/2016,2192,United States,Female,6, $103.20 
13728,10/20/2016,2179,United States,Female,9.5, $179.00 
13729,10/21/2016,2169,United Kingdom,Female,8.5, $139.00 
13730,10/21/2016,2230,United States,Male,10.5, $199.00 
13731,10/21/2016,2179,Germany,Male,9.5, $199.00 
13732,10/21/2016,2183,Germany,Female,7.5, $111.20 
13733,10/21/2016,2234,Germany,Male,6, $90.30 
13734,10/21/2016,2193,United States,Female,8.5, $139.00 
13735,10/21/2016,2163,Germany,Female,8, $169.00 
13736,10/21/2016,2162,United Kingdom,Male,10.5, $189.00 
13737,10/21/2016,2161,United Kingdom,Female,8, $74.50 
13738,10/21/2016,2239,United States,Female,7, $132.30 
13739,10/21/2016,2228,Canada,Male,9.5, $103.20 
13740,10/21/2016,2187,United States,Male,9.5, $139.30 
13741,10/21/2016,2217,United States,Male,10, $129.00 
13742,10/21/2016,2183,United States,Male,12, $159.00 
13743,10/21/2016,2158,United States,Male,9.5, $139.00 
13744,10/21/2016,2209,United States,Male,9, $199.00 
13745,10/21/2016,2165,Germany,Male,11.5, $159.00 
13746,10/21/2016,2201,Canada,Male,11, $90.30 
13747,10/21/2016,2190,United Kingdom,Male,8, $94.50 
13748,10/21/2016,2147,United States,Male,6, $94.50 
13749,10/21/2016,2231,United States,Male,9, $90.30 
13750,10/21/2016,2237,United Kingdom,Female,12, $143.20 
13751,10/21/2016,2221,United States,Unix,10, $189.00 
13752,10/22/2016,2165,Canada,Male,9, $134.10 
13753,10/22/2016,2199,Germany,Female,8, $74.50 
13754,10/22/2016,2197,Canada,Male,8.5, $139.00 
13755,10/22/2016,2231,United States,Male,9.5, $119.20 
13756,10/22/2016,2240,United States,Male,9.5, $199.00 
13757,10/22/2016,2192,Canada,Male,7.5, $111.20 
13758,10/22/2016,2234,Germany,Male,9.5, $149.00 
13759,10/22/2016,2170,United States,Male,9, $189.00 
13760,10/22/2016,2181,Germany,Male,9.5, $199.00 
13761,10/22/2016,2190,Germany,Male,8, $104.30 
13762,10/22/2016,2219,Canada,Male,9, $169.00 
13763,10/22/2016,2234,United States,Female,7, $139.00 
13764,10/22/2016,2198,Canada,Female,9, $69.50 
13765,10/22/2016,2177,United States,Male,8, $139.00 
13766,10/22/2016,2164,United Kingdom,Female,11, $79.50 
13767,10/22/2016,2188,United States,Male,8.5, $84.50 
13768,10/22/2016,2186,Germany,Male,9.5, $179.00 
13769,10/22/2016,2213,Germany,Female,7, $143.20 
13770,10/22/2016,2161,Germany,Male,8, $179.00 
13771,10/22/2016,2226,United States,Male,9.5, $149.00 
13772,10/22/2016,2183,Germany,Female,7.5, $111.20 
13773,10/22/2016,2236,United Kingdom,Male,7, $90.30 
13774,10/22/2016,2208,United States,Male,11.5, $189.00 
13775,10/22/2016,2230,United States,Male,10.5, $199.00 
13776,10/22/2016,2198,Canada,Male,9.5, $161.10 
13777,10/22/2016,2236,United States,Male,9.5, $169.00 
13778,10/23/2016,2165,Canada,Male,9, $134.10 
13779,10/23/2016,2149,Germany,Male,10, $129.00 
13780,10/23/2016,2193,United States,Female,9.5, $139.00 
13781,10/23/2016,2169,Canada,Male,10, $84.50 
13782,10/23/2016,2226,United States,Male,11.5, $169.00 
13783,10/23/2016,2157,United States,Female,8.5, $149.00 
13784,10/23/2016,2158,Germany,Male,9.5, $111.30 
13785,10/23/2016,2151,United States,Male,8.5, $199.00 
13786,10/23/2016,2197,Germany,Female,7.5, $169.00 
13787,10/23/2016,2222,United States,Male,9.5, $161.10 
13788,10/23/2016,2229,United States,Male,9, $84.50 
13789,10/23/2016,2212,United States,Male,10.5, $90.30 
13790,10/23/2016,2154,Germany,Male,9.5, $159.20 
13791,10/23/2016,2185,United States,Female,9.5, $129.00 
13792,10/23/2016,2156,Germany,Female,7, $169.00 
13793,10/23/2016,2176,United Kingdom,Male,10.5, $199.00 
13794,10/23/2016,2153,Germany,Female,6.5, $125.10 
13795,10/23/2016,2177,Germany,Male,10.5, $179.00 
13796,10/23/2016,2148,United States,Male,13, $179.00 
13797,10/23/2016,2192,Canada,Male,7.5, $111.20 
13798,10/23/2016,2208,United States,Male,11.5, $189.00 
13799,10/23/2016,2168,United States,Male,9, $149.00 
13800,10/23/2016,2241,Germany,Male,7.5, $134.10 
13801,,2234,Germany,Unix,8, $125.30 
13802,10/24/2016,2171,Germany,Male,9, $149.00 
13803,10/24/2016,2195,United States,Female,8, $179.00 
13804,10/24/2016,2152,United States,Female,9.5, $151.20 
13805,10/24/2016,2239,Canada,Male,6, $170.10 
13806,10/24/2016,2211,United States,Male,9.5, $139.00 
13807,10/24/2016,2177,Canada,Female,7, $134.10 
13808,10/24/2016,2192,Germany,Male,9.5, $159.00 
13809,10/24/2016,2203,United States,Male,10, $189.00 
13810,10/24/2016,2213,United States,Female,7.5, $199.00 
13811,10/24/2016,2212,United States,Male,10.5, $90.30 
13812,10/24/2016,2161,United States,Male,11.5, $169.00 
13813,10/24/2016,2185,United States,Male,7.5, $139.00 
13814,10/24/2016,2215,United States,Male,9.5, $169.00 
13815,10/24/2016,2197,United States,Male,6, $134.10 
13816,10/24/2016,2190,United States,Male,9.5, $134.10 
13817,10/24/2016,2149,Germany,Female,7.5, $116.10 
13818,10/24/2016,2169,Germany,Male,10.5, $139.30 
13819,10/24/2016,2190,Germany,Male,10, $189.00 
13820,10/24/2016,2205,Germany,Male,9, $111.20 
13821,10/24/2016,2158,United States,Male,9.5, $139.00 
13822,10/24/2016,2147,United States,Male,6, $94.50 
13823,10/24/2016,2217,United Kingdom,Female,8.5, $125.30 
13824,10/24/2016,2187,Germany,Male,8.5, $149.00 
13825,10/24/2016,2239,United States,Female,9, $64.50 
13826,10/24/2016,2184,Germany,Female,8, $169.00 
13827,10/25/2016,2195,United States,Male,9, $179.00 
13828,10/25/2016,2194,United States,Female,7.5, $129.00 
13829,10/25/2016,2236,United States,Female,12, $111.30 
13830,10/25/2016,2167,United States,Male,10, $118.30 
13831,10/25/2016,2189,United States,Female,8, $139.00 
13832,10/25/2016,2226,Germany,Male,14, $129.00 
13833,10/25/2016,2215,United States,Female,10.5, $149.00 
13834,10/25/2016,2184,Canada,Male,9, $94.50 
13835,10/25/2016,2148,United States,Female,8.5, $169.00 
13836,10/25/2016,2217,United States,Female,8.5, $79.50 
13837,10/25/2016,2213,Canada,Female,8.5, $149.00 
13838,10/25/2016,2185,United States,Female,9.5, $129.00 
13839,10/25/2016,2170,Canada,Female,7, $149.00 
13840,10/25/2016,2181,Germany,Male,9.5, $199.00 
13841,10/25/2016,2169,Germany,Male,10.5, $139.30 
13842,10/25/2016,2177,United States,Male,8, $139.00 
13843,10/25/2016,2212,United Kingdom,Male,9.5, $149.00 
13844,10/26/2016,2216,Germany,Female,5.5, $139.00 
13845,10/26/2016,2168,United States,Male,9, $149.00 
13846,10/26/2016,2152,United States,Male,6, $111.30 
13847,10/26/2016,2236,United States,Female,12, $111.30 
13848,10/26/2016,2174,Canada,Female,7.5, $89.50 
13849,10/26/2016,2236,Germany,Male,10.5, $89.50 
13850,10/26/2016,2152,United States,Female,8, $189.00 
13851,10/26/2016,2186,United States,Unix,8.5, $143.10 
13852,10/26/2016,2190,Germany,Male,10, $189.00 
13853,10/26/2016,2226,Germany,Male,14, $129.00 
13854,10/26/2016,2214,United Kingdom,Male,9.5, $189.00 
13855,10/26/2016,2216,United States,Male,10.5, $129.00 
13856,10/26/2016,2195,United States,Male,9, $179.00 
13857,10/26/2016,2148,United States,Female,8.5, $169.00 
13858,10/26/2016,2181,United States,Female,8, $139.00 
13859,10/26/2016,2226,United States,Male,9.5, $149.00 
13860,10/26/2016,2155,Canada,Male,12, $199.00 
13861,10/26/2016,2158,Germany,Male,9.5, $111.30 
13862,10/26/2016,2181,Germany,Male,9.5, $199.00 
13863,10/26/2016,2173,United States,Male,10.5, $139.00 
13864,10/26/2016,2167,United States,Male,9.5, $189.00 
13865,10/26/2016,2195,United States,Female,8, $179.00 
13866,10/26/2016,2242,Germany,Male,9.5, $90.30 
13867,10/27/2016,2177,Germany,Male,10.5, $179.00 
13868,10/27/2016,2233,Germany,Male,11, $111.20 
13869,10/27/2016,2158,United States,Male,9.5, $139.00 
13870,10/27/2016,2223,United States,Male,10.5, $129.00 
13871,10/27/2016,2150,United States,Female,10.5, $74.50 
13872,10/27/2016,2211,United States,Male,13, $149.00 
13873,10/27/2016,2152,United States,Male,6, $111.30 
13874,10/27/2016,2158,Germany,Male,11, $161.10 
13875,10/27/2016,2184,United States,Male,9, $90.30 
13876,10/27/2016,2229,Germany,Male,10.5, $129.00 
13877,10/27/2016,2169,Germany,Male,10.5, $139.30 
13878,10/27/2016,2190,Germany,Male,10, $189.00 
13879,10/27/2016,2150,United Kingdom,Male,10.5, $189.00 
13880,10/27/2016,2168,United States,Male,9, $149.00 
13881,10/27/2016,2195,United States,Male,9, $179.00 
13882,10/27/2016,2209,Germany,Female,7.5, $135.20 
13883,10/27/2016,2198,United States,Male,9.5, $179.10 
13884,10/27/2016,2166,Germany,Female,5.5, $134.10 
13885,10/27/2016,2241,Germany,Male,7.5, $134.10 
13886,10/27/2016,2152,United States,Male,10.5, $139.30 
13887,10/28/2016,2156,United States,Male,9, $143.20 
13888,10/28/2016,2231,Germany,Male,6, $149.00 
13889,10/28/2016,2208,Canada,Female,7, $129.00 
13890,10/28/2016,2223,United States,Male,10.5, $129.00 
13891,10/28/2016,2155,United States,Female,10.5, $169.00 
13892,10/28/2016,2157,United States,Male,9.5, $139.00 
13893,10/28/2016,2233,Germany,Female,8, $179.00 
13894,10/28/2016,2230,United States,Female,7.5, $139.30 
13895,10/28/2016,2218,United States,Female,9, $139.00 
13896,10/28/2016,2189,United States,Female,8, $139.00 
13897,10/28/2016,2211,United States,Female,8, $129.00 
13898,10/28/2016,2161,United States,Male,11, $189.00 
13899,10/28/2016,2159,Germany,Female,8, $159.00 
13900,10/28/2016,2163,Germany,Female,7.5, $199.00 
13901,10/28/2016,2190,United Kingdom,Unix,8, $94.50 
13902,10/28/2016,2207,Germany,Male,10.5, $179.00 
13903,10/28/2016,2171,United Kingdom,Female,8.5, $179.10 
13904,10/28/2016,2152,Germany,Male,9.5, $189.00 
13905,10/28/2016,2194,Germany,Female,8.5, $159.00 
13906,10/28/2016,2231,Germany,Female,7.5, $104.30 
13907,10/28/2016,2200,Germany,Male,10, $84.50 
13908,10/28/2016,2220,Canada,Male,8.5, $129.00 
13909,10/28/2016,2195,United Kingdom,Female,8, $103.20 
13910,10/28/2016,2239,United States,Male,10, $134.10 
13911,10/28/2016,2174,United States,Male,9.5, $104.30 
13912,10/28/2016,2211,Germany,Male,9.5, $169.00 
13913,10/29/2016,2220,United States,Female,8, $159.00 
13914,10/29/2016,2190,United States,Male,9.5, $134.10 
13915,10/29/2016,2163,United States,Male,10.5, $129.00 
13916,10/29/2016,2174,Canada,Female,7.5, $89.50 
13917,10/29/2016,2200,United States,Female,7.5, $149.00 
13918,10/29/2016,2218,United States,Female,9, $139.00 
13919,10/29/2016,2226,Germany,Male,14, $129.00 
13920,10/29/2016,2242,Germany,Female,9.5, $159.20 
13921,10/29/2016,2235,United States,Female,8, $143.10 
13922,10/29/2016,2174,Germany,Male,8, $129.00 
13923,10/29/2016,2170,Germany,Female,7.5, $199.00 
13924,10/29/2016,2207,Germany,Male,11, $119.20 
13925,10/29/2016,2216,Germany,Male,11.5, $169.00 
13926,10/29/2016,2225,Germany,Female,8.5, $84.50 
13927,10/29/2016,2220,Canada,Male,9, $151.20 
13928,10/29/2016,2201,Canada,Male,11, $90.30 
13929,10/29/2016,2230,United States,Female,8, $179.00 
13930,10/29/2016,2159,Germany,Female,8, $159.00 
13931,10/29/2016,2226,Canada,Male,10, $103.20 
13932,10/29/2016,2153,Canada,Male,11, $139.00 
13933,10/29/2016,2185,United States,Male,7.5, $139.00 
13934,10/29/2016,2235,Canada,Male,9, $199.00 
13935,10/29/2016,2217,Germany,Female,9.5, $134.10 
13936,10/30/2016,2148,United Kingdom,Male,9.5, $139.00 
13937,10/30/2016,2226,United States,Male,9, $159.00 
13938,10/30/2016,2167,Canada,Female,7.5, $139.30 
13939,10/30/2016,2160,Canada,Male,9, $169.00 
13940,10/30/2016,2184,United States,Male,9, $90.30 
13941,10/30/2016,2217,United States,Female,7.5, $159.00 
13942,10/30/2016,2177,United States,Male,8, $199.00 
13943,10/30/2016,2236,Germany,Female,7.5, $69.50 
13944,10/30/2016,2199,Germany,Female,8, $74.50 
13945,10/30/2016,2229,Germany,Male,10.5, $129.00 
13946,10/30/2016,2179,Germany,Female,9.5, $111.20 
13947,10/30/2016,2216,United States,Female,7.5, $159.00 
13948,10/30/2016,2222,United States,Male,9.5, $161.10 
13949,10/30/2016,2225,Germany,Female,8, $99.50 
13950,10/30/2016,2220,Canada,Female,8, $179.10 
13951,10/30/2016,2209,Germany,Unix,9, $64.50 
13952,10/30/2016,2213,Canada,Male,10, $199.00 
13953,10/30/2016,2236,Germany,Male,10.5, $89.50 
13954,10/30/2016,2179,United States,Male,10.5, $69.50 
13955,10/30/2016,2174,Germany,Male,8, $129.00 
13956,10/30/2016,2200,United States,Female,6, $152.10 
13957,10/30/2016,2239,United States,Male,9, $161.10 
13958,10/30/2016,2211,Germany,Male,9.5, $119.20 
13959,10/30/2016,2177,Germany,Male,10.5, $179.00 
13960,10/30/2016,2182,United States,Female,8, $125.10 
13961,10/30/2016,2171,United States,Female,8.5, $143.20 
13962,10/30/2016,2190,Canada,Female,5.5, $149.00 
13963,10/30/2016,2186,United States,Male,9, $189.00 
13964,10/31/2016,2176,United Kingdom,Male,10, $118.30 
13965,10/31/2016,2179,United States,Male,9, $169.00 
13966,10/31/2016,2173,Canada,Male,11.5, $159.00 
13967,10/31/2016,2221,Canada,Male,7.5, $119.20 
13968,10/31/2016,2148,United States,Female,7, $69.50 
13969,10/31/2016,2155,United States,Male,9.5, $159.00 
13970,10/31/2016,2169,Canada,Male,10, $84.50 
13971,10/31/2016,2204,United Kingdom,Male,8, $129.00 
13972,10/31/2016,2174,United Kingdom,Male,9, $189.00 
13973,10/31/2016,2214,United States,Female,7.5, $139.00 
13974,10/31/2016,2212,Germany,Male,6, $97.30 
13975,10/31/2016,2220,Germany,Male,8.5, $139.00 
13976,10/31/2016,2216,Germany,Female,8.5, $129.00 
13977,10/31/2016,2240,Canada,Female,7.5, $169.00 
13978,10/31/2016,2162,United States,Female,12, $139.00 
13979,10/31/2016,2186,United States,Female,9, $179.00 
13980,10/31/2016,2203,United Kingdom,Male,9, $179.00 
13981,10/31/2016,2160,Canada,Male,10.5, $69.50 
13982,10/31/2016,2242,Canada,Female,9.5, $127.20 
13983,10/31/2016,2149,Germany,Male,8, $149.00 
13984,10/31/2016,2185,United States,Female,5, $103.20 
13985,10/31/2016,2234,Germany,Male,10, $179.00 
13986,11/1/2016,2174,Germany,Female,12, $189.00 
13987,11/1/2016,2149,Germany,Female,9, $179.00 
13988,11/1/2016,2239,United States,Female,7.5, $159.00 
13989,11/1/2016,2156,United States,Male,8.5, $159.00 
13990,11/1/2016,2157,Germany,Male,10.5, $125.10 
13991,11/1/2016,2181,United States,Female,7, $159.00 
13992,11/1/2016,2149,Germany,Female,8.5, $125.10 
13993,11/1/2016,2217,United States,Male,9, $103.20 
13994,11/1/2016,2200,Germany,Female,7.5, $139.00 
13995,11/1/2016,2214,United Kingdom,Male,10, $149.00 
13996,11/1/2016,2223,United States,Male,13, $132.30 
13997,11/1/2016,2178,United Kingdom,Female,8.5, $139.00 
13998,11/1/2016,2199,United Kingdom,Female,8.5, $129.00 
13999,11/1/2016,2227,United States,Male,9.5, $139.00 
14000,11/1/2016,2190,United States,Male,10.5, $161.10 
14001,11/1/2016,2205,United Kingdom,,9, $132.30 
14002,11/1/2016,2233,United States,Male,10.5, $116.10 
14003,11/1/2016,2224,United States,Male,9.5, $103.20 
14004,11/1/2016,2208,Germany,Male,9.5, $99.50 
14005,11/1/2016,2214,United Kingdom,Male,9.5, $189.00 
14006,11/1/2016,2203,United Kingdom,Male,9, $179.00 
14007,11/1/2016,2192,Germany,Male,10, $84.50 
14008,11/1/2016,2159,Germany,Female,8, $159.00 
14009,11/2/2016,2242,United States,Female,8, $111.20 
14010,11/2/2016,2188,United States,Female,9, $149.00 
14011,11/2/2016,2194,United States,Male,6, $159.00 
14012,11/2/2016,2162,United States,Female,12, $139.00 
14013,11/2/2016,2220,United Kingdom,Male,8.5, $129.00 
14014,11/2/2016,2237,Germany,Male,9.5, $159.20 
14015,11/2/2016,2200,Germany,Male,10.5, $84.50 
14016,11/2/2016,2223,United States,Female,9, $97.30 
14017,11/2/2016,2178,United Kingdom,Male,10, $64.50 
14018,11/2/2016,2178,Canada,Female,9, $139.00 
14019,11/2/2016,2179,Canada,Female,9, $139.00 
14020,11/2/2016,2214,United Kingdom,Male,10, $149.00 
14021,11/2/2016,2163,United States,Male,9.5, $169.00 
14022,11/2/2016,2227,United States,Male,9.5, $139.00 
14023,11/2/2016,2173,United States,Male,8.5, $69.50 
14024,11/2/2016,2156,United States,Male,9, $143.20 
14025,11/2/2016,2174,United Kingdom,Male,9, $189.00 
14026,11/2/2016,2241,Canada,Male,10.5, $139.00 
14027,11/2/2016,2167,United States,Male,10, $118.30 
14028,11/2/2016,2186,Germany,Female,8, $189.00 
14029,11/2/2016,2150,United Kingdom,Male,10.5, $189.00 
14030,11/2/2016,2214,United Kingdom,Male,9.5, $189.00 
14031,11/2/2016,2160,Germany,Female,7.5, $179.00 
14032,11/2/2016,2225,Canada,Female,9.5, $159.00 
14033,11/2/2016,2223,Germany,Female,6.5, $139.30 
14034,11/2/2016,2212,Germany,Male,6, $97.30 
14035,11/3/2016,2186,United States,Female,9, $179.00 
14036,11/3/2016,2224,United Kingdom,Female,8, $199.00 
14037,11/3/2016,2147,Germany,Female,12, $159.00 
14038,11/3/2016,2236,United States,Female,8.5, $69.50 
14039,11/3/2016,2233,United States,Male,10.5, $116.10 
14040,11/3/2016,2237,United States,Male,9.5, $159.00 
14041,11/3/2016,2228,United States,Female,9, $79.50 
14042,11/3/2016,2205,United Kingdom,Male,9, $132.30 
14043,11/3/2016,2165,Germany,Female,8.5, $97.30 
14044,11/3/2016,2226,United States,Female,10, $103.20 
14045,11/3/2016,2210,United States,Male,10.5, $119.20 
14046,11/3/2016,2179,United States,Male,11.5, $64.50 
14047,11/3/2016,2223,United States,Male,13, $132.30 
14048,11/3/2016,2227,United States,Male,9.5, $139.00 
14049,11/3/2016,2177,Germany,Female,12, $90.30 
14050,11/3/2016,2149,United States,Female,7.5, $179.00 
14051,11/3/2016,2216,United States,Unix,8.5, $179.10 
14052,11/3/2016,2147,Canada,Male,9.5, $149.00 
14053,11/3/2016,2236,United States,Male,10, $169.00 
14054,11/3/2016,2200,Germany,Female,10.5, $134.10 
14055,11/3/2016,2200,Germany,Male,9.5, $189.00 
14056,11/3/2016,2200,Germany,Male,10.5, $84.50 
14057,11/3/2016,2189,Canada,Female,9.5, $149.00 
14058,11/4/2016,2153,United Kingdom,Female,8, $199.00 
14059,11/4/2016,2203,United Kingdom,Male,9, $179.00 
14060,11/4/2016,2214,Germany,Female,8.5, $132.30 
14061,11/4/2016,2184,Germany,Female,8.5, $127.20 
14062,11/4/2016,2189,United Kingdom,Male,11.5, $179.10 
14063,11/4/2016,2207,Canada,Female,9.5, $116.10 
14064,11/4/2016,2223,United States,Female,8.5, $199.00 
14065,11/4/2016,2190,United States,Female,10.5, $139.00 
14066,11/4/2016,2161,United Kingdom,Female,8, $74.50 
14067,11/4/2016,2169,Canada,Male,8.5, $139.00 
14068,11/4/2016,2152,United States,Female,9, $149.00 
14069,11/4/2016,2192,Germany,Male,9, $64.50 
14070,11/4/2016,2223,United States,Female,10.5, $199.00 
14071,11/4/2016,2206,United States,Female,8.5, $159.00 
14072,11/4/2016,2209,Canada,Female,8, $169.00 
14073,11/4/2016,2239,United States,Male,9.5, $159.00 
14074,11/4/2016,2179,Germany,Male,10.5, $189.00 
14075,11/4/2016,2223,United States,Female,8, $129.00 
14076,11/4/2016,2208,United States,Female,7, $179.00 
14077,11/4/2016,2149,Germany,Male,8, $149.00 
14078,11/4/2016,2198,Canada,Male,9.5, $161.10 
14079,11/4/2016,2210,United States,Female,7.5, $99.50 
14080,11/4/2016,2236,United States,Female,12, $69.50 
14081,11/4/2016,2200,Germany,Male,10, $84.50 
14082,11/4/2016,2174,United States,Male,8.5, $159.00 
14083,11/4/2016,2147,Germany,Female,10.5, $179.00 
14084,11/4/2016,2186,Germany,Female,8, $189.00 
14085,11/4/2016,2198,Germany,Male,9.5, $149.00 
14086,11/4/2016,2215,Canada,Male,9, $111.30 
14087,11/5/2016,2176,Germany,Male,8, $139.00 
14088,11/5/2016,2166,United States,Male,14, $189.00 
14089,11/5/2016,2180,United Kingdom,Male,11.5, $143.10 
14090,11/5/2016,2214,Canada,Female,9.5, $104.30 
14091,11/5/2016,2213,United States,Male,9.5, $74.50 
14092,11/5/2016,2181,Canada,Male,9.5, $159.00 
14093,11/5/2016,2206,United States,Male,11, $159.20 
14094,11/5/2016,2217,United States,Female,10, $179.00 
14095,11/5/2016,2172,Germany,Female,9, $149.00 
14096,11/5/2016,2224,United States,Male,9.5, $103.20 
14097,11/5/2016,2211,Canada,Male,9.5, $179.10 
14098,11/5/2016,2162,United Kingdom,Female,7.5, $149.00 
14099,11/5/2016,2231,United Kingdom,Female,8.5, $169.00 
14100,11/5/2016,2154,United States,Male,9.5, $189.00 
14101,11/5/2016,2162,United States,Unix,, $84.50 
14102,11/5/2016,2192,Germany,Female,9.5, $179.00 
14103,11/5/2016,2172,Germany,Female,10.5, $139.00 
14104,11/5/2016,2237,United States,Male,9.5, $139.30 
14105,11/5/2016,2204,Germany,Male,14, $69.50 
14106,11/5/2016,2158,Germany,Male,9.5, $179.00 
14107,11/6/2016,2223,United States,Female,8, $129.00 
14108,11/6/2016,2174,United States,Female,12, $159.00 
14109,11/6/2016,2172,United States,Male,10, $149.00 
14110,11/6/2016,2157,United States,Male,9.5, $139.00 
14111,11/6/2016,2204,Canada,Female,7.5, $139.00 
14112,11/6/2016,2181,United States,Male,9, $159.00 
14113,11/6/2016,2219,United States,Male,10.5, $152.10 
14114,11/6/2016,2176,United Kingdom,Male,10, $159.00 
14115,11/6/2016,2177,Canada,Male,11, $169.00 
14116,11/6/2016,2236,Germany,Male,10.5, $139.30 
14117,11/6/2016,2184,Germany,Male,10, $159.00 
14118,11/6/2016,2193,Canada,Male,15, $129.00 
14119,11/6/2016,2191,Canada,Female,7, $199.00 
14120,11/6/2016,2190,United States,Male,10, $125.30 
14121,11/6/2016,2156,United States,Male,8.5, $159.00 
14122,11/6/2016,2154,Germany,Male,10.5, $90.30 
14123,11/6/2016,2241,Canada,Male,7.5, $79.50 
14124,11/6/2016,2232,United States,Female,8, $116.10 
14125,11/6/2016,2192,Germany,Male,10, $84.50 
14126,11/6/2016,2163,Germany,Female,8, $169.00 
14127,11/7/2016,2234,Germany,Male,11.5, $104.30 
14128,11/7/2016,2236,United States,Female,12, $69.50 
14129,11/7/2016,2230,United States,Male,11, $179.00 
14130,11/7/2016,2178,Germany,Male,10, $179.00 
14131,11/7/2016,2241,Canada,Male,9.5, $111.20 
14132,11/7/2016,2178,United Kingdom,Male,10, $64.50 
14133,11/7/2016,2180,Germany,Male,9, $139.00 
14134,11/7/2016,2236,Germany,Male,10.5, $139.30 
14135,11/7/2016,2211,Canada,Male,9.5, $179.10 
14136,11/7/2016,2193,Canada,Male,15, $129.00 
14137,11/7/2016,2229,Germany,Female,9.5, $135.20 
14138,11/7/2016,2155,United States,Male,11.5, $149.00 
14139,11/7/2016,2209,United Kingdom,Male,11, $169.00 
14140,11/7/2016,2228,Canada,Female,7.5, $170.10 
14141,11/7/2016,2234,United States,Female,8, $199.00 
14142,11/7/2016,2235,United States,Male,10.5, $89.50 
14143,11/7/2016,2154,United States,Male,11.5, $199.00 
14144,11/7/2016,2167,United States,Male,10, $74.50 
14145,11/7/2016,2207,Germany,Female,8, $116.10 
14146,11/7/2016,2209,Germany,Female,8.5, $199.00 
14147,11/8/2016,2166,United States,Male,14, $189.00 
14148,11/8/2016,2162,United States,Male,9, $84.50 
14149,11/8/2016,2168,United States,Female,10.5, $199.00 
14150,11/8/2016,2158,Canada,Female,8.5, $169.00 
14151,11/8/2016,2205,Germany,Unix,10, $170.10 
14152,11/8/2016,2242,United States,Female,8, $111.20 
14153,11/8/2016,2147,Germany,Male,10.5, $143.10 
14154,11/8/2016,2205,United Kingdom,Male,9, $132.30 
14155,11/8/2016,2242,United Kingdom,Male,7, $64.50 
14156,11/8/2016,2162,United States,Female,9, $199.00 
14157,11/8/2016,2239,Germany,Female,7.5, $169.00 
14158,11/8/2016,2177,Canada,Male,11, $169.00 
14159,11/8/2016,2211,Canada,Male,9.5, $179.10 
14160,11/8/2016,2193,Canada,Male,15, $129.00 
14161,11/8/2016,2212,Canada,Female,7, $149.00 
14162,11/8/2016,2242,United States,Female,8.5, $111.20 
14163,11/8/2016,2171,Germany,Female,9, $129.00 
14164,11/8/2016,2228,Canada,Female,9, $159.00 
14165,11/8/2016,2239,Canada,Male,6, $170.10 
14166,11/8/2016,2177,United States,Male,9, $169.00 
14167,11/8/2016,2227,United States,Male,11, $103.20 
14168,11/8/2016,2225,United States,Male,9.5, $79.50 
14169,11/8/2016,2207,Germany,Male,11, $119.20 
14170,11/8/2016,2222,Germany,Female,9.5, $111.20 
14171,11/8/2016,2200,Germany,Male,9.5, $189.00 
14172,11/8/2016,2211,Germany,Female,6.5, $129.00 
14173,11/8/2016,2188,Germany,Male,9.5, $179.00 
14174,11/9/2016,2200,Germany,Male,9.5, $189.00 
14175,11/9/2016,2174,United States,Male,9.5, $149.00 
14176,11/9/2016,2178,Germany,Male,10, $189.00 
14177,11/9/2016,2193,United States,Female,9.5, $139.00 
14178,11/9/2016,2224,United Kingdom,Female,8, $199.00 
14179,11/9/2016,2162,United States,Female,9, $199.00 
14180,11/9/2016,2224,United Kingdom,Male,12, $143.20 
14181,11/9/2016,2175,Canada,Male,10.5, $169.00 
14182,11/9/2016,2180,United States,Male,8.5, $159.00 
14183,11/9/2016,2154,Germany,Male,10, $199.00 
14184,11/9/2016,2165,United States,Male,11.5, $129.00 
14185,11/9/2016,2170,United States,Female,7.5, $179.00 
14186,11/9/2016,2173,United States,Male,10.5, $139.00 
14187,11/9/2016,2158,United States,Female,9, $169.00 
14188,11/9/2016,2215,United States,Male,9.5, $159.00 
14189,11/9/2016,2179,United States,Male,11.5, $64.50 
14190,11/9/2016,2174,Canada,Male,9, $143.20 
14191,11/9/2016,2186,Germany,Female,8, $189.00 
14192,11/9/2016,2206,Germany,Female,8.5, $97.30 
14193,11/9/2016,2177,United States,Male,9, $118.30 
14194,11/9/2016,2215,United States,Female,8, $104.30 
14195,11/10/2016,2211,Canada,Male,10, $151.20 
14196,11/10/2016,2174,United States,Male,9.5, $104.30 
14197,11/10/2016,2177,United States,Female,10.5, $151.20 
14198,11/10/2016,2152,United States,Female,8, $69.50 
14199,11/10/2016,2147,United States,Female,8.5, $97.30 
14200,11/10/2016,2161,Germany,Male,9.5, $139.00 
14201,11/10/2016,2241,,Unix,9.5, $189.00 
14202,11/10/2016,2195,Canada,Male,10.5, $139.00 
14203,11/10/2016,2201,Germany,Female,9, $149.00 
14204,11/10/2016,2153,United States,Female,8, $179.00 
14205,11/10/2016,2180,United Kingdom,Male,11.5, $143.10 
14206,11/10/2016,2180,United Kingdom,Female,11.5, $129.00 
14207,11/10/2016,2219,United States,Female,6.5, $169.00 
14208,11/10/2016,2219,Canada,Male,10, $74.50 
14209,11/10/2016,2193,United Kingdom,Female,8.5, $129.00 
14210,11/10/2016,2223,Germany,Female,7.5, $129.00 
14211,11/10/2016,2224,Germany,Female,8, $159.00 
14212,11/10/2016,2235,United States,Female,7.5, $159.00 
14213,11/10/2016,2154,Germany,Male,10.5, $90.30 
14214,11/10/2016,2149,United States,Male,6, $69.50 
14215,11/10/2016,2237,United States,Male,9.5, $139.30 
14216,11/10/2016,2186,Canada,Female,7, $159.00 
14217,11/10/2016,2176,United States,Male,10.5, $139.00 
14218,11/10/2016,2206,United States,Male,11, $159.20 
14219,11/10/2016,2148,Germany,Male,15, $129.00 
14220,11/10/2016,2210,United States,Female,8, $99.50 
14221,11/10/2016,2171,United States,Female,8.5, $161.10 
14222,11/11/2016,2226,Canada,Female,8, $134.10 
14223,11/11/2016,2188,Germany,Male,9.5, $179.00 
14224,11/11/2016,2157,Germany,Male,10, $169.00 
14225,11/11/2016,2150,United States,Female,8, $179.00 
14226,11/11/2016,2199,Germany,Male,11, $97.30 
14227,11/11/2016,2191,United Kingdom,Female,8.5, $125.30 
14228,11/11/2016,2238,United Kingdom,Male,10.5, $69.50 
14229,11/11/2016,2148,Germany,Male,7.5, $118.30 
14230,11/11/2016,2199,Germany,Female,5.5, $170.10 
14231,11/11/2016,2207,United Kingdom,Female,8, $135.20 
14232,11/11/2016,2196,United Kingdom,Female,8.5, $199.00 
14233,11/11/2016,2167,Germany,Female,7.5, $111.20 
14234,11/11/2016,2241,Germany,Female,9.5, $129.00 
14235,11/11/2016,2192,Canada,Male,6, $116.10 
14236,11/11/2016,2154,Germany,Male,7, $103.20 
14237,11/11/2016,2188,Germany,Female,8.5, $159.00 
14238,11/11/2016,2212,United States,Male,11.5, $199.00 
14239,11/11/2016,2147,Canada,Male,9.5, $74.50 
14240,11/11/2016,2171,Canada,Female,7, $127.20 
14241,11/11/2016,2181,United States,Male,9, $159.00 
14242,11/11/2016,2223,Germany,Male,9.5, $199.00 
14243,11/11/2016,2152,Canada,Male,11, $69.50 
14244,11/11/2016,2179,United States,Male,11.5, $189.00 
14245,11/12/2016,2220,United Kingdom,Male,8.5, $129.00 
14246,11/12/2016,2184,United States,Male,9, $179.00 
14247,11/12/2016,2201,Germany,Male,10, $149.00 
14248,11/12/2016,2178,Germany,Male,8.5, $69.50 
14249,11/12/2016,2167,United States,Male,10, $74.50 
14250,11/12/2016,2178,Germany,Male,10, $189.00 
14251,11/12/2016,2154,Germany,Unix,9, $129.00 
14252,11/12/2016,2195,Canada,Male,10.5, $139.00 
14253,11/12/2016,2154,Germany,Male,10.5, $90.30 
14254,11/12/2016,2219,United Kingdom,Male,10, $127.20 
14255,11/12/2016,2212,Canada,Female,8, $64.50 
14256,11/12/2016,2216,Canada,Male,10, $179.00 
14257,11/12/2016,2147,Canada,Male,9.5, $74.50 
14258,11/12/2016,2202,Canada,Female,8, $179.00 
14259,11/12/2016,2199,Germany,Male,13, $159.00 
14260,11/12/2016,2231,Germany,Male,10.5, $189.00 
14261,11/12/2016,2178,Germany,Female,6.5, $149.00 
14262,11/12/2016,2167,United States,Female,8.5, $189.00 
14263,11/12/2016,2221,United States,Female,9.5, $199.00 
14264,11/13/2016,2241,United States,Male,9.5, $189.00 
14265,11/13/2016,2161,Germany,Male,9.5, $139.00 
14266,11/13/2016,2158,United States,Female,7.5, $143.20 
14267,11/13/2016,2177,United States,Male,10, $64.50 
14268,11/13/2016,2231,United States,Female,7.5, $179.00 
14269,11/13/2016,2242,United Kingdom,Male,7, $64.50 
14270,11/13/2016,2216,United States,Male,8.5, $169.00 
14271,11/13/2016,2239,Germany,Female,8.5, $143.20 
14272,11/13/2016,2153,Germany,Male,9.5, $189.00 
14273,11/13/2016,2236,Canada,Male,8.5, $189.00 
14274,11/13/2016,2179,Canada,Male,10, $169.00 
14275,11/13/2016,2222,Germany,Female,9.5, $111.20 
14276,11/13/2016,2218,Germany,Female,8.5, $99.50 
14277,11/13/2016,2176,Germany,Male,8, $139.00 
14278,11/13/2016,2148,Germany,Female,8, $199.00 
14279,11/13/2016,2174,Canada,Male,9.5, $74.50 
14280,11/13/2016,2215,United States,Female,10.5, $149.00 
14281,11/14/2016,2171,United Kingdom,Female,8, $199.00 
14282,11/14/2016,2167,Germany,Male,10.5, $139.00 
14283,11/14/2016,2210,United States,Male,9.5, $143.20 
14284,11/14/2016,2203,United States,Female,7.5, $139.30 
14285,11/14/2016,2184,United States,Male,9, $179.00 
14286,11/14/2016,2193,Germany,Female,7.5, $179.00 
14287,11/14/2016,2186,Canada,Female,8, $89.50 
14288,11/14/2016,2195,United States,Female,8.5, $199.00 
14289,11/14/2016,2183,United Kingdom,Female,7.5, $129.00 
14290,11/14/2016,2179,United States,Male,11.5, $64.50 
14291,11/14/2016,2148,United States,Female,8, $159.00 
14292,11/15/2016,2242,United Kingdom,Male,14, $199.00 
14293,11/15/2016,2179,Canada,Male,10.5, $179.10 
14294,11/15/2016,2240,Germany,Male,10, $161.10 
14295,11/15/2016,2168,United States,Female,10.5, $199.00 
14296,11/15/2016,2241,Germany,Female,8, $189.00 
14297,11/15/2016,2188,Germany,Male,9.5, $179.00 
14298,11/15/2016,2180,Germany,Male,8.5, $104.30 
14299,11/15/2016,2152,United States,Female,8, $189.00 
14300,11/15/2016,2153,Canada,Female,8.5, $149.00 
14301,,2233,United Kingdom,Unix,10.5, $139.00 
14302,11/15/2016,2238,United States,Female,5.5, $84.50 
14303,11/16/2016,2191,Canada,Female,7, $135.20 
14304,11/16/2016,2216,United States,Female,8, $179.00 
14305,11/16/2016,2219,United Kingdom,Male,10, $127.20 
14306,11/16/2016,2231,Germany,Male,10.5, $189.00 
14307,11/16/2016,2195,Canada,Male,8.5, $139.00 
14308,11/16/2016,2188,Germany,Female,8, $199.00 
14309,11/16/2016,2223,United States,Female,9, $97.30 
14310,11/16/2016,2151,United States,Female,5.5, $159.00 
14311,11/17/2016,2214,Germany,Male,10, $125.10 
14312,11/17/2016,2157,Canada,Male,7, $119.20 
14313,11/17/2016,2220,Canada,Female,7, $139.00 
14314,11/17/2016,2165,Germany,Female,4.5, $149.00 
14315,11/17/2016,2175,Germany,Male,9.5, $99.50 
14316,11/17/2016,2179,Canada,Male,10, $169.00 
14317,11/17/2016,2182,Canada,Female,8, $116.10 
14318,11/17/2016,2223,Canada,Female,9.5, $143.10 
14319,11/17/2016,2175,United Kingdom,Male,10, $143.20 
14320,11/17/2016,2181,Germany,Male,15, $199.00 
14321,11/17/2016,2173,Canada,Female,8.5, $149.00 
14322,11/18/2016,2182,Germany,Male,8.5, $111.30 
14323,11/18/2016,2159,Germany,Female,8.5, $189.00 
14324,11/18/2016,2175,United States,Female,8, $151.20 
14325,11/18/2016,2148,Germany,Male,10, $199.00 
14326,11/18/2016,2219,Canada,Male,10, $169.00 
14327,11/18/2016,2172,Canada,Male,13, $97.30 
14328,11/18/2016,2209,Canada,Male,9, $79.50 
14329,11/18/2016,2238,Canada,Female,8, $170.10 
14330,11/18/2016,2242,United Kingdom,Male,14, $199.00 
14331,11/18/2016,2167,United States,Female,8, $132.30 
14332,11/19/2016,2202,United States,Male,8.5, $179.00 
14333,11/19/2016,2171,United States,Female,8.5, $161.10 
14334,11/19/2016,2214,United Kingdom,Female,8, $179.00 
14335,11/19/2016,2173,Canada,Male,10, $129.00 
14336,11/19/2016,2229,Canada,Male,10, $125.30 
14337,11/19/2016,2200,Germany,Female,9, $94.50 
14338,11/19/2016,2192,Germany,Male,10.5, $139.00 
14339,11/19/2016,2197,Germany,Male,11, $159.00 
14340,11/19/2016,2221,Canada,Female,8, $149.00 
14341,11/19/2016,2237,Canada,Female,9.5, $90.30 
14342,11/19/2016,2196,Germany,Male,9.5, $74.50 
14343,11/19/2016,2204,Germany,Male,9.5, $189.00 
14344,11/19/2016,2206,Canada,Female,8.5, $159.00 
14345,11/20/2016,2223,Germany,Male,10.5, $189.00 
14346,11/20/2016,2203,Germany,Male,9, $189.00 
14347,11/20/2016,2173,Canada,Male,10, $129.00 
14348,11/20/2016,2230,United States,Female,9, $103.20 
14349,11/20/2016,2165,United Kingdom,Female,7.5, $149.00 
14350,11/20/2016,2205,United States,Female,7, $169.00 
14351,11/20/2016,2230,United States,Unix,7.5, $139.30 
14352,11/20/2016,2204,United States,Male,9, $139.00 
14353,11/20/2016,2152,United States,Male,6, $111.30 
14354,11/20/2016,2172,Germany,Male,8, $189.00 
14355,11/20/2016,2161,United States,Male,9.5, $132.30 
14356,11/20/2016,2193,Germany,Female,7.5, $179.00 
14357,11/20/2016,2148,United States,Male,9.5, $64.50 
14358,11/20/2016,2186,United States,Male,8, $170.10 
14359,11/20/2016,2156,United States,Male,10.5, $159.00 
14360,11/20/2016,2234,Germany,Female,8, $125.30 
14361,11/20/2016,2211,Germany,Female,9.5, $79.50 
14362,11/21/2016,2240,Germany,Male,9.5, $159.20 
14363,11/21/2016,2201,Germany,Male,10.5, $199.00 
14364,11/21/2016,2148,United States,Female,8, $159.00 
14365,11/21/2016,2235,United States,Female,12, $139.00 
14366,11/21/2016,2162,Germany,Male,10.5, $199.00 
14367,11/21/2016,2208,Germany,Male,11, $129.00 
14368,11/21/2016,2239,United States,Female,7, $132.30 
14369,11/21/2016,2169,Germany,Female,9, $129.00 
14370,11/21/2016,2211,United States,Male,13, $149.00 
14371,11/21/2016,2166,United Kingdom,Female,8, $170.10 
14372,11/21/2016,2209,Germany,Female,8.5, $159.00 
14373,11/21/2016,2207,Canada,Female,9, $104.30 
14374,11/21/2016,2192,Canada,Male,11, $179.00 
14375,11/21/2016,2165,United States,Male,9.5, $179.00 
14376,11/21/2016,2224,United States,Female,9.5, $64.50 
14377,11/21/2016,2196,United States,Male,10, $189.00 
14378,11/21/2016,2191,United States,Female,12, $179.00 
14379,11/21/2016,2227,United States,Male,9.5, $189.00 
14380,11/22/2016,2181,United States,Male,10, $84.50 
14381,11/22/2016,2197,Germany,Male,9.5, $189.00 
14382,11/22/2016,2180,Germany,Male,8.5, $104.30 
14383,11/22/2016,2155,United States,Male,9.5, $179.00 
14384,11/22/2016,2209,Germany,Female,8.5, $199.00 
14385,11/22/2016,2207,United Kingdom,Female,7.5, $143.20 
14386,11/22/2016,2185,Germany,Female,9, $159.00 
14387,11/22/2016,2149,United Kingdom,Female,8, $159.00 
14388,11/22/2016,2218,Germany,Male,10, $143.10 
14389,11/22/2016,2168,Germany,Female,6.5, $159.00 
14390,11/22/2016,2183,Germany,Male,8.5, $139.00 
14391,11/22/2016,2151,United States,Male,9, $169.00 
14392,11/22/2016,2147,Germany,Female,6.5, $189.00 
14393,11/23/2016,2156,United States,Male,10.5, $159.00 
14394,11/23/2016,2148,Germany,Male,10, $199.00 
14395,11/23/2016,2156,United States,Male,11.5, $189.00 
14396,11/23/2016,2209,Germany,Male,11, $169.00 
14397,11/23/2016,2172,United Kingdom,Male,8, $104.30 
14398,11/23/2016,2175,Germany,Male,9, $159.00 
14399,11/23/2016,2218,Canada,Male,12, $104.30 
14400,11/23/2016,2237,Germany,Female,8.5, $159.00 
14401,11/23/2016,2216,Germany,Unix,9, $189.00 
14402,11/23/2016,2228,Germany,Female,6.5, $84.50 
14403,11/23/2016,2167,United States,Male,11.5, $125.10 
14404,11/23/2016,2232,United States,Female,9, $179.00 
14405,11/23/2016,2173,United States,Male,10.5, $149.00 
14406,11/23/2016,2226,United States,Male,11.5, $169.00 
14407,11/23/2016,2147,Germany,Female,6.5, $189.00 
14408,11/23/2016,2207,Canada,Male,10.5, $129.00 
14409,11/23/2016,2158,United States,Male,10.5, $129.00 
14410,11/24/2016,2196,United States,Male,10, $189.00 
14411,11/24/2016,2229,United States,Male,9.5, $139.30 
14412,11/24/2016,2168,United States,Male,10, $97.30 
14413,11/24/2016,2233,United States,Female,8, $149.00 
14414,11/24/2016,2224,United States,Female,9, $179.00 
14415,11/24/2016,2241,United States,Male,7.5, $169.00 
14416,11/24/2016,2198,Germany,Female,9, $139.00 
14417,11/24/2016,2233,United States,Male,10, $152.10 
14418,11/24/2016,2207,Canada,Male,10.5, $129.00 
14419,11/24/2016,2211,Germany,Male,10.5, $199.00 
14420,11/24/2016,2161,United States,Male,9.5, $129.00 
14421,11/25/2016,2241,United States,Female,8, $161.10 
14422,11/25/2016,2175,United Kingdom,Male,10, $143.20 
14423,11/25/2016,2148,United States,Male,9.5, $64.50 
14424,11/25/2016,2215,United Kingdom,Female,7.5, $89.50 
14425,11/25/2016,2172,Canada,Male,13, $97.30 
14426,11/25/2016,2151,United States,Male,10.5, $179.10 
14427,11/25/2016,2209,Germany,Female,8.5, $199.00 
14428,11/25/2016,2234,United States,Male,9.5, $179.00 
14429,11/25/2016,2179,United States,Male,8.5, $139.00 
14430,11/25/2016,2197,Germany,Male,11, $159.00 
14431,11/25/2016,2154,United Kingdom,Male,9.5, $169.00 
14432,11/25/2016,2229,Germany,Female,6.5, $74.50 
14433,11/26/2016,2184,United Kingdom,Female,8.5, $169.00 
14434,11/26/2016,2241,United States,Male,10.5, $149.00 
14435,11/26/2016,2205,United States,Female,8, $169.00 
14436,11/26/2016,2216,Germany,Male,9, $189.00 
14437,11/26/2016,2242,United States,Male,9.5, $84.50 
14438,11/26/2016,2173,Germany,Male,9, $97.30 
14439,11/26/2016,2175,United States,Male,10.5, $90.30 
14440,11/26/2016,2172,United Kingdom,Female,8.5, $134.10 
14441,11/26/2016,2197,Germany,Male,8, $169.00 
14442,11/26/2016,2153,United States,Male,9, $99.50 
14443,11/26/2016,2203,United Kingdom,Female,8.5, $189.00 
14444,11/27/2016,2196,United States,Male,12, $159.00 
14445,11/27/2016,2149,Canada,Female,7, $179.10 
14446,11/27/2016,2209,United States,Female,8, $111.20 
14447,11/27/2016,2212,United States,Male,8.5, $89.50 
14448,11/27/2016,2185,United States,Female,9, $135.20 
14449,11/27/2016,2149,United States,Female,8, $199.00 
14450,11/27/2016,2176,Germany,Male,8.5, $179.00 
14451,11/27/2016,2208,Germany,Unix,11, $129.00 
14452,11/27/2016,2157,United States,Male,9.5, $103.20 
14453,11/27/2016,2184,United Kingdom,Female,8.5, $169.00 
14454,11/27/2016,2175,Canada,Female,7.5, $179.00 
14455,11/28/2016,2170,Germany,Female,7, $139.00 
14456,11/28/2016,2172,Canada,Male,13, $97.30 
14457,11/28/2016,2167,United States,Male,11.5, $125.10 
14458,11/28/2016,2230,United States,Male,11, $139.00 
14459,11/28/2016,2232,United States,Male,10.5, $84.50 
14460,11/28/2016,2233,Canada,Female,11, $111.30 
14461,11/28/2016,2154,United Kingdom,Male,9.5, $169.00 
14462,11/28/2016,2239,United Kingdom,Female,7.5, $179.10 
14463,11/28/2016,2236,United States,Male,10, $116.10 
14464,11/28/2016,2173,Germany,Male,9, $97.30 
14465,11/28/2016,2228,United States,Male,10, $179.00 
14466,11/28/2016,2238,Germany,Female,8.5, $151.20 
14467,11/28/2016,2233,United States,Male,10, $152.10 
14468,11/28/2016,2196,United States,Male,12, $159.00 
14469,11/28/2016,2184,United States,Female,9, $189.00 
14470,11/28/2016,2147,Canada,Female,7.5, $159.00 
14471,11/29/2016,2173,Germany,Female,7.5, $118.30 
14472,11/29/2016,2163,Germany,Female,8.5, $97.30 
14473,11/29/2016,2207,United States,Female,8.5, $139.30 
14474,11/29/2016,2192,United States,Female,8.5, $169.00 
14475,11/29/2016,2222,United States,Male,6.5, $189.00 
14476,11/29/2016,2193,United States,Male,9.5, $189.00 
14477,11/29/2016,2233,Canada,Female,11, $111.30 
14478,11/29/2016,2242,United States,Male,9.5, $84.50 
14479,11/29/2016,2190,Germany,Male,9, $199.00 
14480,11/29/2016,2227,United Kingdom,Male,9, $127.20 
14481,11/29/2016,2164,Germany,Female,9.5, $169.00 
14482,11/29/2016,2212,United States,Male,8.5, $89.50 
14483,11/29/2016,2224,United States,Male,6.5, $119.20 
14484,11/29/2016,2208,United States,Male,8, $179.00 
14485,11/29/2016,2183,Germany,Male,8.5, $139.00 
14486,11/29/2016,2213,United States,Male,11.5, $69.50 
14487,11/29/2016,2177,Germany,Male,15, $129.00 
14488,11/30/2016,2204,Canada,Female,8, $94.50 
14489,11/30/2016,2157,United States,Male,9.5, $103.20 
14490,11/30/2016,2162,Germany,Male,10, $189.00 
14491,11/30/2016,2176,Canada,Male,9.5, $151.20 
14492,11/30/2016,2168,Germany,Male,9.5, $69.50 
14493,11/30/2016,2210,Canada,Female,9, $129.00 
14494,11/30/2016,2179,United States,Female,5.5, $189.00 
14495,11/30/2016,2191,United States,Male,9.5, $125.10 
14496,11/30/2016,2242,United States,Male,9.5, $84.50 
14497,11/30/2016,2201,Germany,Male,10.5, $143.10 
14498,11/30/2016,2241,Germany,Female,9.5, $129.00 
14499,11/30/2016,2230,United States,Male,11, $139.00 
14500,11/30/2016,2180,United States,Male,9.5, $139.00 
14501,11/30/2016,2148,Germany,,9.5, $170.10 
14502,11/30/2016,2205,United States,Female,8, $169.00 
14503,11/30/2016,2195,Germany,Female,8.5, $179.00 
14504,11/30/2016,2180,United States,Female,9.5, $149.00 
14505,12/1/2016,2161,United States,Male,9.5, $129.00 
14506,12/1/2016,2162,Canada,Male,7, $134.10 
14507,12/1/2016,2207,Canada,Male,9, $169.00 
14508,12/1/2016,2231,United States,Female,9, $118.30 
14509,12/1/2016,2157,United States,Male,9.5, $103.20 
14510,12/1/2016,2200,Germany,Male,8, $69.50 
14511,12/1/2016,2168,Canada,Male,9.5, $189.00 
14512,12/1/2016,2241,Germany,Female,9.5, $129.00 
14513,12/1/2016,2236,United States,Male,8.5, $179.00 
14514,12/1/2016,2154,United Kingdom,Male,9.5, $169.00 
14515,12/1/2016,2184,Germany,Female,8, $94.50 
14516,12/1/2016,2226,United States,Male,9, $79.50 
14517,12/1/2016,2194,United States,Female,8.5, $111.30 
14518,12/2/2016,2216,Germany,Male,9, $189.00 
14519,12/2/2016,2170,United Kingdom,Male,9, $169.00 
14520,12/2/2016,2232,United States,Male,9.5, $139.00 
14521,12/2/2016,2225,Germany,Female,8.5, $159.00 
14522,12/2/2016,2190,Germany,Male,9, $199.00 
14523,12/2/2016,2236,United States,Male,10, $116.10 
14524,12/2/2016,2236,United States,Male,8.5, $179.00 
14525,12/2/2016,2197,Germany,Male,11, $159.00 
14526,12/2/2016,2226,Germany,Male,8.5, $149.00 
14527,12/2/2016,2200,United States,Female,10.5, $189.00 
14528,12/2/2016,2190,United States,Male,10, $159.00 
14529,12/2/2016,2155,Canada,Male,9, $159.00 
14530,12/2/2016,2151,United States,Male,9, $132.30 
14531,12/2/2016,2202,Canada,Male,8.5, $139.00 
14532,12/2/2016,2214,Canada,Female,6.5, $199.00 
14533,12/3/2016,2228,United States,Female,9, $79.50 
14534,12/3/2016,2228,United States,Male,10, $179.00 
14535,12/3/2016,2217,Germany,Female,8.5, $169.00 
14536,12/3/2016,2201,Germany,Male,10.5, $143.10 
14537,12/3/2016,2211,Canada,Male,7.5, $125.10 
14538,12/3/2016,2175,United States,Female,10.5, $189.00 
14539,12/3/2016,2193,United States,Female,8.5, $139.00 
14540,12/3/2016,2205,United States,Female,9.5, $79.50 
14541,12/3/2016,2223,Canada,Male,9, $118.30 
14542,12/3/2016,2232,Canada,Male,8.5, $135.20 
14543,12/3/2016,2238,Canada,Male,10.5, $169.00 
14544,12/3/2016,2184,United States,Male,9.5, $199.00 
14545,12/3/2016,2207,Canada,Female,6.5, $199.00 
14546,12/4/2016,2172,Canada,Male,10.5, $129.00 
14547,12/4/2016,2239,United States,Female,9, $129.00 
14548,12/4/2016,2190,United States,Female,9, $169.00 
14549,12/4/2016,2208,United States,Male,8, $179.00 
14550,12/4/2016,2196,Canada,Male,9, $97.30 
14551,12/4/2016,2232,United States,Unix,5.5, $179.00 
14552,12/4/2016,2236,United States,Female,9.5, $132.30 
14553,12/4/2016,2200,United Kingdom,Male,9.5, $159.20 
14554,12/4/2016,2222,United States,Male,6.5, $189.00 
14555,12/4/2016,2148,United States,Female,8.5, $111.30 
14556,12/4/2016,2166,United Kingdom,Male,8.5, $179.00 
14557,12/4/2016,2168,United States,Female,6, $79.50 
14558,12/4/2016,2156,Germany,Female,6.5, $125.10 
14559,12/4/2016,2161,United States,Female,8, $127.20 
14560,12/4/2016,2179,Germany,Male,9, $99.50 
14561,12/4/2016,2216,Canada,Female,11, $74.50 
14562,12/5/2016,2165,United States,Male,11.5, $129.00 
14563,12/5/2016,2167,Canada,Male,9.5, $179.00 
14564,12/5/2016,2157,United States,Male,8.5, $127.20 
14565,12/5/2016,2226,Germany,Male,7.5, $199.00 
14566,12/5/2016,2205,United States,Male,9, $169.00 
14567,12/5/2016,2149,United States,Male,9.5, $127.20 
14568,12/5/2016,2226,United Kingdom,Male,11.5, $199.00 
14569,12/5/2016,2178,Germany,Male,7.5, $129.00 
14570,12/5/2016,2162,Germany,Male,10, $189.00 
14571,12/5/2016,2187,Germany,Male,8, $169.00 
14572,12/5/2016,2168,Germany,Male,9.5, $69.50 
14573,12/6/2016,2210,Germany,Male,9.5, $99.50 
14574,12/6/2016,2238,Germany,Female,9.5, $189.00 
14575,12/6/2016,2239,United States,Female,9, $169.00 
14576,12/6/2016,2162,Canada,Male,7, $134.10 
14577,12/6/2016,2190,United Kingdom,Female,7, $189.00 
14578,12/6/2016,2172,Canada,Male,10.5, $129.00 
14579,12/6/2016,2189,United States,Female,8.5, $199.00 
14580,12/6/2016,2152,Germany,Male,9, $189.00 
14581,12/6/2016,2152,United States,Female,8, $189.00 
14582,12/6/2016,2233,United States,Male,10, $179.00 
14583,12/6/2016,2239,United States,Female,9, $159.00 
14584,12/6/2016,2190,Germany,Male,9, $199.00 
14585,12/7/2016,2175,Germany,Male,9, $129.00 
14586,12/7/2016,2235,United Kingdom,Male,10.5, $199.00 
14587,12/7/2016,2183,Germany,Male,9.5, $74.50 
14588,12/7/2016,2204,Canada,Female,8, $94.50 
14589,12/7/2016,2198,United Kingdom,Male,15, $159.00 
14590,12/7/2016,2150,United States,Male,9.5, $119.20 
14591,12/7/2016,2189,Canada,Male,8.5, $199.00 
14592,12/7/2016,2225,Germany,Male,9, $159.00 
14593,12/7/2016,2224,United Kingdom,Female,8, $199.00 
14594,12/7/2016,2165,Germany,Male,10, $94.50 
14595,12/7/2016,2233,Germany,Male,9.5, $149.00 
14596,12/7/2016,2179,Germany,Female,8, $179.00 
14597,12/7/2016,2148,Germany,Male,9.5, $170.10 
14598,12/7/2016,2220,United States,Female,9, $159.00 
14599,12/7/2016,2209,Canada,Female,11, $179.00 
14600,12/8/2016,2176,Germany,Male,9.5, $111.20 
14601,12/8/2016,2233,United Kingdom,Unix,, $199.00 
14602,12/8/2016,2206,Germany,Male,11.5, $129.00 
14603,12/8/2016,2220,United Kingdom,Male,8.5, $129.00 
14604,12/8/2016,2234,United States,Male,13, $189.00 
14605,12/8/2016,2217,Canada,Male,9.5, $125.10 
14606,12/8/2016,2195,Germany,Male,9.5, $161.10 
14607,12/8/2016,2208,United States,Male,10, $161.10 
14608,12/8/2016,2153,United Kingdom,Female,8, $199.00 
14609,12/8/2016,2240,Germany,Male,6, $179.00 
14610,12/8/2016,2148,Germany,Male,10, $139.00 
14611,12/8/2016,2171,Canada,Male,9, $149.00 
14612,12/8/2016,2194,United Kingdom,Male,10.5, $159.20 
14613,12/8/2016,2187,United Kingdom,Female,7.5, $199.00 
14614,12/8/2016,2204,Germany,Male,9.5, $139.00 
14615,12/8/2016,2156,Germany,Female,6.5, $125.10 
14616,12/8/2016,2184,United States,Male,9.5, $199.00 
14617,12/8/2016,2178,United States,Female,9, $169.00 
14618,12/8/2016,2151,Germany,Female,8.5, $159.00 
14619,12/8/2016,2150,United States,Male,9.5, $119.20 
14620,12/8/2016,2182,United States,Female,8, $97.30 
14621,12/9/2016,2198,United Kingdom,Male,15, $159.00 
14622,12/9/2016,2210,Germany,Male,9.5, $99.50 
14623,12/9/2016,2211,Germany,Female,7.5, $79.50 
14624,12/9/2016,2200,United States,Female,9, $129.00 
14625,12/9/2016,2172,Canada,Male,10.5, $129.00 
14626,12/9/2016,2229,Canada,Female,7.5, $189.00 
14627,12/9/2016,2208,United States,Female,5.5, $149.00 
14628,12/9/2016,2160,Germany,Female,8, $111.30 
14629,12/9/2016,2224,Germany,Female,8, $118.30 
14630,12/9/2016,2177,Germany,Male,15, $129.00 
14631,12/9/2016,2224,Germany,Female,10, $151.20 
14632,12/9/2016,2213,United States,Male,10, $169.00 
14633,12/9/2016,2208,Germany,Male,11.5, $199.00 
14634,12/9/2016,2233,Germany,Male,9.5, $149.00 
14635,12/9/2016,2198,Canada,Male,11, $159.00 
14636,12/9/2016,2226,United Kingdom,Male,8.5, $129.00 
14637,12/9/2016,2214,United States,Female,9.5, $74.50 
14638,12/9/2016,2153,Germany,Male,9, $84.50 
14639,12/9/2016,2204,Germany,Male,9.5, $139.00 
14640,12/9/2016,2227,Germany,Female,9, $169.00 
14641,12/9/2016,2239,Germany,Male,10, $125.10 
14642,12/9/2016,2204,United States,Male,9.5, $179.00 
14643,12/9/2016,2204,Canada,Male,9, $189.00 
14644,12/9/2016,2162,Canada,Male,10.5, $103.20 
14645,12/9/2016,2150,United States,Male,9.5, $119.20 
14646,12/9/2016,2159,United States,Female,8, $89.50 
14647,12/9/2016,2149,United States,Male,10, $159.00 
14648,12/10/2016,2193,Canada,Male,10.5, $149.00 
14649,12/10/2016,2154,United States,Male,9.5, $74.50 
14650,12/10/2016,2214,Canada,Female,6.5, $199.00 
14651,12/10/2016,2209,United Kingdom,Unix,11, $169.00 
14652,12/10/2016,2237,United States,Female,9, $97.30 
14653,12/10/2016,2153,Germany,Male,9, $84.50 
14654,12/10/2016,2157,United Kingdom,Female,7, $149.00 
14655,12/10/2016,2201,United States,Male,10.5, $199.00 
14656,12/10/2016,2220,Germany,Male,8.5, $139.00 
14657,12/10/2016,2176,United Kingdom,Male,9.5, $199.00 
14658,12/10/2016,2183,Germany,Male,10.5, $159.00 
14659,12/10/2016,2239,Germany,Male,10, $125.10 
14660,12/10/2016,2191,United States,Male,11, $89.50 
14661,12/10/2016,2204,Canada,Male,9, $189.00 
14662,12/10/2016,2177,United States,Male,9, $179.10 
14663,12/11/2016,2164,Germany,Male,12, $111.20 
14664,12/11/2016,2195,United States,Female,8, $127.20 
14665,12/11/2016,2203,Germany,Female,8.5, $125.30 
14666,12/11/2016,2179,United Kingdom,Female,8, $159.00 
14667,12/11/2016,2225,United States,Male,10.5, $111.20 
14668,12/11/2016,2210,Germany,Male,9.5, $99.50 
14669,12/11/2016,2161,Germany,Male,13, $143.10 
14670,12/11/2016,2165,Germany,Male,10, $94.50 
14671,12/11/2016,2149,Germany,Female,8.5, $79.50 
14672,12/11/2016,2239,Germany,Female,7.5, $64.50 
14673,12/11/2016,2239,Canada,Female,9, $139.30 
14674,12/11/2016,2160,United States,Female,9.5, $149.00 
14675,12/11/2016,2218,Canada,Female,8, $170.10 
14676,12/11/2016,2193,United States,Female,7.5, $179.00 
14677,12/11/2016,2222,United States,Female,9, $199.00 
14678,12/11/2016,2183,Germany,Male,10.5, $159.00 
14679,12/11/2016,2205,United States,Male,9, $169.00 
14680,12/11/2016,2221,Canada,Male,9.5, $189.00 
14681,12/11/2016,2168,Canada,Male,10, $170.10 
14682,12/11/2016,2177,United States,Male,11, $132.30 
14683,12/11/2016,2193,Germany,Male,9.5, $139.00 
14684,12/12/2016,2170,Germany,Female,7, $129.00 
14685,12/12/2016,2151,Germany,Female,8.5, $159.00 
14686,12/12/2016,2206,United Kingdom,Female,9.5, $74.50 
14687,12/12/2016,2172,Germany,Male,8, $189.00 
14688,12/12/2016,2234,Canada,Female,8, $199.00 
14689,12/12/2016,2236,Germany,Male,9, $179.00 
14690,12/12/2016,2219,Canada,Male,9, $199.00 
14691,12/12/2016,2152,Germany,Male,9.5, $89.50 
14692,12/12/2016,2205,United States,Female,7.5, $119.20 
14693,12/12/2016,2223,United States,Female,9, $90.30 
14694,12/12/2016,2233,United States,Male,10, $179.00 
14695,12/12/2016,2148,Germany,Female,8, $169.00 
14696,12/13/2016,2203,United States,Female,9, $139.30 
14697,12/13/2016,2173,Canada,Female,8.5, $149.00 
14698,12/13/2016,2239,Canada,Male,11.5, $69.50 
14699,12/13/2016,2234,Germany,Female,8.5, $139.00 
14700,12/13/2016,2241,Canada,Male,7.5, $79.50 
14701,12/13/2016,2202,,Unix,9.5, $169.00 
14702,12/13/2016,2162,United States,Male,11, $143.20 
14703,12/13/2016,2166,United Kingdom,Female,8, $170.10 
14704,12/13/2016,2202,United Kingdom,Female,8.5, $139.00 
14705,12/13/2016,2210,Germany,Female,9, $149.00 
14706,12/13/2016,2239,Germany,Male,10, $125.10 
14707,12/13/2016,2198,United Kingdom,Male,9.5, $90.30 
14708,12/13/2016,2148,Canada,Female,8, $189.00 
14709,12/13/2016,2183,United States,Female,8.5, $125.10 
14710,12/13/2016,2160,Germany,Female,7, $149.00 
14711,12/13/2016,2212,Canada,Female,7.5, $149.00 
14712,12/13/2016,2196,United States,Female,8, $179.00 
14713,12/13/2016,2203,Germany,Female,8, $89.50 
14714,12/13/2016,2188,United Kingdom,Female,7.5, $199.00 
14715,12/14/2016,2191,Canada,Female,8.5, $139.00 
14716,12/14/2016,2186,United States,Female,7, $161.10 
14717,12/14/2016,2158,United States,Male,10.5, $129.00 
14718,12/14/2016,2242,United States,Male,9.5, $189.00 
14719,12/14/2016,2200,United States,Female,9, $103.20 
14720,12/14/2016,2187,United Kingdom,Female,9.5, $125.10 
14721,12/14/2016,2210,United States,Female,5.5, $64.50 
14722,12/14/2016,2182,Germany,Female,9, $79.50 
14723,12/14/2016,2213,Germany,Female,8, $139.30 
14724,12/14/2016,2194,Germany,Female,9, $179.00 
14725,12/14/2016,2226,United States,Female,8.5, $125.10 
14726,12/14/2016,2204,United States,Male,10.5, $134.10 
14727,12/14/2016,2176,United States,Male,9, $97.30 
14728,12/14/2016,2239,Canada,Male,11.5, $69.50 
14729,12/14/2016,2199,United States,Male,10.5, $139.00 
14730,12/14/2016,2227,United States,Male,10.5, $111.30 
14731,12/14/2016,2189,Germany,Male,9.5, $179.00 
14732,12/15/2016,2228,Canada,Male,8.5, $159.00 
14733,12/15/2016,2177,United States,Male,11, $132.30 
14734,12/15/2016,2216,United States,Male,13, $161.10 
14735,12/15/2016,2175,United States,Male,10, $199.00 
14736,12/15/2016,2201,United States,Male,10.5, $199.00 
14737,12/15/2016,2205,United States,Female,9.5, $79.50 
14738,12/15/2016,2158,Germany,Male,10, $149.00 
14739,12/15/2016,2234,Germany,Male,8, $189.00 
14740,12/15/2016,2231,Germany,Female,9, $159.00 
14741,12/15/2016,2194,Germany,Female,8.5, $118.30 
14742,12/15/2016,2188,United States,Male,10, $189.00 
14743,12/15/2016,2203,United States,Male,11, $89.50 
14744,12/16/2016,2173,United States,Female,7, $116.10 
14745,12/16/2016,2230,United Kingdom,Female,9.5, $132.30 
14746,12/16/2016,2151,United States,Female,9, $159.00 
14747,12/16/2016,2214,United States,Male,12, $127.20 
14748,12/16/2016,2177,United States,Male,10, $64.50 
14749,12/16/2016,2179,United States,Female,7, $79.50 
14750,12/16/2016,2152,United States,Male,11.5, $74.50 
14751,12/16/2016,2178,United States,Unix,8.5, $170.10 
14752,12/16/2016,2162,Canada,Male,10.5, $103.20 
14753,12/16/2016,2221,United Kingdom,Female,7.5, $119.20 
14754,12/16/2016,2202,Canada,Female,10.5, $143.10 
14755,12/16/2016,2228,United Kingdom,Male,8, $119.20 
14756,12/16/2016,2202,United States,Male,9.5, $169.00 
14757,12/16/2016,2213,United States,Male,10, $129.00 
14758,12/16/2016,2194,United States,Female,8, $111.20 
14759,12/16/2016,2240,Germany,Male,9.5, $129.00 
14760,12/17/2016,2200,Germany,Male,10.5, $199.00 
14761,12/17/2016,2215,Germany,Male,9.5, $139.00 
14762,12/17/2016,2182,Canada,Female,8.5, $161.10 
14763,12/17/2016,2233,Germany,Female,8.5, $74.50 
14764,12/17/2016,2164,Germany,Male,14, $170.10 
14765,12/17/2016,2225,Canada,Female,9.5, $159.00 
14766,12/17/2016,2186,United States,Female,8.5, $84.50 
14767,12/17/2016,2191,Canada,Male,9.5, $139.30 
14768,12/17/2016,2213,Germany,Female,8, $149.00 
14769,12/17/2016,2205,Canada,Female,10.5, $169.00 
14770,12/17/2016,2174,United Kingdom,Male,9, $189.00 
14771,12/17/2016,2207,United States,Male,15, $104.30 
14772,12/17/2016,2222,Germany,Male,9, $149.00 
14773,12/17/2016,2226,Germany,Male,9, $103.20 
14774,12/17/2016,2157,Germany,Male,9.5, $104.30 
14775,12/17/2016,2206,United Kingdom,Female,9.5, $74.50 
14776,12/18/2016,2176,Germany,Male,10, $116.10 
14777,12/18/2016,2211,United States,Male,14, $118.30 
14778,12/18/2016,2185,United States,Male,7.5, $139.00 
14779,12/18/2016,2221,United States,Male,9.5, $170.10 
14780,12/18/2016,2152,Germany,Male,9.5, $189.00 
14781,12/18/2016,2148,United States,Female,8.5, $111.30 
14782,12/18/2016,2181,Canada,Male,10.5, $84.50 
14783,12/18/2016,2213,Germany,Female,8, $149.00 
14784,12/18/2016,2179,Germany,Female,7, $149.00 
14785,12/18/2016,2166,Canada,Female,10.5, $64.50 
14786,12/18/2016,2169,United States,Female,9.5, $74.50 
14787,12/18/2016,2228,United Kingdom,Male,8, $119.20 
14788,12/18/2016,2199,United States,Male,10.5, $139.00 
14789,12/18/2016,2192,Canada,Female,7.5, $111.30 
14790,12/18/2016,2222,Germany,Male,9, $149.00 
14791,12/18/2016,2240,Germany,Male,9.5, $129.00 
14792,12/18/2016,2190,United States,Male,8.5, $159.00 
14793,12/18/2016,2170,United Kingdom,Male,8, $143.10 
14794,12/18/2016,2169,United States,Female,5.5, $111.20 
14795,12/19/2016,2218,Canada,Female,6, $179.00 
14796,12/19/2016,2182,Germany,Female,11, $179.00 
14797,12/19/2016,2227,United States,Male,10, $129.00 
14798,12/19/2016,2215,Germany,Female,8.5, $159.20 
14799,12/19/2016,2212,Germany,Male,11, $199.00 
14800,12/19/2016,2204,Canada,Female,10, $159.00 
14801,,2200,Germany,Unix,10.5, $199.00 
14802,12/19/2016,2153,Germany,Male,10.5, $159.00 
14803,12/19/2016,2236,Canada,Female,8.5, $129.00 
14804,12/19/2016,2147,Germany,Female,8.5, $119.20 
14805,12/19/2016,2149,Germany,Female,7, $179.10 
14806,12/19/2016,2159,United Kingdom,Male,9.5, $179.00 
14807,12/19/2016,2207,United States,Male,10, $189.00 
14808,12/19/2016,2201,Germany,Female,8.5, $199.00 
14809,12/19/2016,2183,United Kingdom,Male,10, $179.00 
14810,12/19/2016,2221,United States,Female,9, $127.20 
14811,12/19/2016,2157,Canada,Male,7, $119.20 
14812,12/19/2016,2211,United States,Female,8.5, $129.00 
14813,12/20/2016,2149,Canada,Female,7.5, $159.00 
14814,12/20/2016,2199,Canada,Male,9, $199.00 
14815,12/20/2016,2164,Germany,Male,14, $170.10 
14816,12/20/2016,2149,Canada,Female,8.5, $84.50 
14817,12/20/2016,2201,United States,Male,9.5, $125.30 
14818,12/20/2016,2203,United States,Male,8, $64.50 
14819,12/20/2016,2231,Canada,Male,11.5, $116.10 
14820,12/20/2016,2176,United States,Female,8, $199.00 
14821,12/20/2016,2184,United States,Female,9, $189.00 
14822,12/20/2016,2168,United States,Female,5.5, $159.00 
14823,12/21/2016,2217,United States,Male,11, $199.00 
14824,12/21/2016,2167,United States,Male,9.5, $143.20 
14825,12/21/2016,2235,Canada,Male,9.5, $199.00 
14826,12/21/2016,2208,Canada,Female,7, $129.00 
14827,12/21/2016,2231,Canada,Female,10, $103.20 
14828,12/21/2016,2186,Canada,Female,8.5, $199.00 
14829,12/21/2016,2154,Germany,Female,8, $125.30 
14830,12/21/2016,2223,Germany,Male,9.5, $152.10 
14831,12/21/2016,2147,United Kingdom,Male,8.5, $179.00 
14832,12/22/2016,2203,United States,Male,9.5, $189.00 
14833,12/22/2016,2180,United States,Male,8.5, $159.00 
14834,12/22/2016,2208,United States,Male,9.5, $149.00 
14835,12/22/2016,2216,United Kingdom,Female,5.5, $111.30 
14836,12/22/2016,2194,United States,Female,8.5, $111.30 
14837,12/22/2016,2182,United States,Male,10.5, $199.00 
14838,12/22/2016,2149,United States,Male,11, $159.00 
14839,12/22/2016,2151,Canada,Female,9, $161.10 
14840,12/22/2016,2208,Germany,Male,9.5, $159.00 
14841,12/22/2016,2183,Germany,Male,11, $64.50 
14842,12/22/2016,2158,Germany,Male,10.5, $143.10 
14843,12/22/2016,2227,Germany,Male,9.5, $116.10 
14844,12/22/2016,2147,United States,Male,9, $135.20 
14845,12/22/2016,2202,Germany,Male,10, $159.00 
14846,12/23/2016,2241,Canada,Male,9.5, $111.20 
14847,12/23/2016,2188,United States,Female,9.5, $159.00 
14848,12/23/2016,2212,Germany,Female,8.5, $90.30 
14849,12/23/2016,2220,United States,Female,8, $189.00 
14850,12/23/2016,2192,United States,Female,9.5, $169.00 
14851,12/23/2016,2236,Germany,Unix,10.5, $149.00 
14852,12/23/2016,2160,Germany,Male,11, $169.00 
14853,12/23/2016,2201,Canada,Female,7.5, $135.20 
14854,12/23/2016,2217,Germany,Male,9, $179.00 
14855,12/23/2016,2148,Germany,Female,8, $169.00 
14856,12/23/2016,2159,Germany,Male,10, $199.00 
14857,12/23/2016,2178,Germany,Male,8, $159.00 
14858,12/23/2016,2223,Germany,Female,8, $119.20 
14859,12/23/2016,2183,United States,Female,8.5, $125.10 
14860,12/24/2016,2209,Germany,Female,7.5, $135.20 
14861,12/24/2016,2149,Canada,Female,8.5, $84.50 
14862,12/24/2016,2194,United States,Male,8.5, $116.10 
14863,12/24/2016,2227,United States,Male,10.5, $111.30 
14864,12/24/2016,2238,Canada,Female,9.5, $79.50 
14865,12/24/2016,2192,Canada,Female,7.5, $111.30 
14866,12/24/2016,2182,Germany,Male,9.5, $97.30 
14867,12/24/2016,2179,United Kingdom,Female,8, $159.00 
14868,12/24/2016,2187,Germany,Female,8.5, $134.10 
14869,12/24/2016,2152,Germany,Male,9.5, $119.20 
14870,12/24/2016,2193,Canada,Male,8.5, $99.50 
14871,12/24/2016,2186,United States,Female,8.5, $84.50 
14872,12/24/2016,2237,United States,Female,7.5, $79.50 
14873,12/24/2016,2226,United States,Female,8.5, $125.10 
14874,12/25/2016,2231,Germany,Female,7.5, $104.30 
14875,12/25/2016,2203,United States,Male,8, $64.50 
14876,12/25/2016,2148,United States,Male,8, $139.00 
14877,12/25/2016,2149,Canada,Female,7.5, $159.00 
14878,12/25/2016,2147,Germany,Female,10.5, $179.00 
14879,12/25/2016,2151,Canada,Female,9, $161.10 
14880,12/25/2016,2208,Canada,Male,9.5, $199.00 
14881,12/25/2016,2155,United States,Female,9.5, $179.00 
14882,12/25/2016,2177,Canada,Male,8.5, $134.10 
14883,12/26/2016,2218,Canada,Female,8, $170.10 
14884,12/26/2016,2158,Germany,Male,10.5, $143.10 
14885,12/26/2016,2200,United States,Male,9.5, $199.00 
14886,12/26/2016,2169,United States,Female,8, $84.50 
14887,12/26/2016,2205,United States,Male,10, $129.00 
14888,12/26/2016,2235,Canada,Male,9.5, $199.00 
14889,12/26/2016,2228,United States,Male,9.5, $125.30 
14890,12/26/2016,2221,United Kingdom,Male,12, $159.20 
14891,12/26/2016,2148,United States,Female,9, $149.00 
14892,12/26/2016,2190,United States,Male,11.5, $103.20 
14893,12/26/2016,2214,Canada,Male,10, $161.10 
14894,12/26/2016,2166,Germany,Female,5.5, $134.10 
14895,12/26/2016,2186,United States,Male,9.5, $111.20 
14896,12/26/2016,2213,Canada,Male,9.5, $64.50 
14897,12/27/2016,2152,Germany,Female,8.5, $132.30 
14898,12/27/2016,2231,Canada,Female,10, $189.00 
14899,12/27/2016,2226,United Kingdom,Female,7.5, $179.00 
14900,12/27/2016,2231,United States,Female,8, $79.50 
14901,12/27/2016,2209,United States,Unix,9, $189.00 
14902,12/27/2016,2230,United States,Male,11.5, $159.20 
14903,12/27/2016,2205,United States,Male,10, $129.00 
14904,12/27/2016,2166,United States,Male,10, $135.20 
14905,12/27/2016,2184,United States,Female,9, $189.00 
14906,12/27/2016,2183,Germany,Male,7.5, $159.00 
14907,12/27/2016,2165,United Kingdom,Female,8.5, $179.00 
14908,12/27/2016,2199,United States,Male,9.5, $159.00 
14909,12/27/2016,2208,United Kingdom,Male,10, $139.00 
14910,12/27/2016,2240,Canada,Male,9.5, $139.30 
14911,12/28/2016,2229,Germany,Female,6.5, $74.50 
14912,12/28/2016,2189,Germany,Male,8, $127.20 
14913,12/28/2016,2236,Germany,Male,9.5, $103.20 
14914,12/28/2016,2215,Germany,Male,9.5, $139.00 
14915,12/28/2016,2172,Germany,Male,13, $69.50 
14916,12/28/2016,2166,United States,Male,10, $135.20 
14917,12/28/2016,2193,Germany,Male,10, $179.00 
14918,12/28/2016,2216,United States,Female,9, $159.20 
14919,12/28/2016,2171,United States,Female,5.5, $199.00 
14920,12/28/2016,2198,Canada,Male,9.5, $161.10 
14921,12/28/2016,2171,Canada,Male,9.5, $139.00 
14922,12/28/2016,2225,United Kingdom,Female,7.5, $152.10 
14923,12/28/2016,2242,Germany,Female,7, $132.30 
14924,12/29/2016,2238,Canada,Male,10, $169.00 
14925,12/29/2016,2157,Germany,Male,9, $64.50 
14926,12/29/2016,2198,Canada,Male,13, $169.00 
14927,12/29/2016,2152,Germany,Male,9.5, $119.20 
14928,12/29/2016,2207,United States,Male,15, $104.30 
14929,12/29/2016,2147,United States,Male,9.5, $139.00 
14930,12/29/2016,2152,United States,Female,7.5, $170.10 
14931,12/29/2016,2209,Germany,Male,11, $169.00 
14932,12/29/2016,2188,Germany,Female,9.5, $189.00 
14933,12/29/2016,2239,Germany,Female,8.5, $64.50 
14934,12/29/2016,2240,United Kingdom,Female,5.5, $170.10 
14935,12/29/2016,2171,Canada,Male,9.5, $139.00 
14936,12/29/2016,2183,United Kingdom,Male,10, $179.00 
14937,12/29/2016,2217,Canada,Male,9, $199.00 
14938,12/29/2016,2208,Germany,Female,7, $199.00 
14939,12/30/2016,2206,Canada,Male,9, $135.20 
14940,12/30/2016,2152,United States,Male,8, $139.00 
14941,12/30/2016,2213,United States,Female,8, $129.00 
14942,12/30/2016,2204,Germany,Female,8.5, $125.30 
14943,12/30/2016,2190,United States,Male,11.5, $103.20 
14944,12/30/2016,2162,United States,Female,8.5, $169.00 
14945,12/30/2016,2229,United States,Female,7, $159.00 
14946,12/30/2016,2216,United States,Female,8, $179.00 
14947,12/30/2016,2177,Germany,Male,9.5, $199.00 
14948,12/30/2016,2153,United States,Male,9, $143.20 
14949,12/30/2016,2169,United States,Female,9.5, $74.50 
14950,12/30/2016,2226,United States,Male,10, $199.00 
14951,12/30/2016,2177,United States,Unix,9.5, $199.00 
14952,12/30/2016,2168,United States,Male,10, $97.30 
14953,12/30/2016,2161,Canada,Male,8, $129.00 
14954,12/30/2016,2214,Germany,Female,7, $89.50 
14955,12/31/2016,2199,Canada,Male,11, $139.00 
14956,12/31/2016,2202,United Kingdom,Male,9.5, $111.30 
14957,12/31/2016,2147,United States,Male,9.5, $139.00 
14958,12/31/2016,2205,Germany,Female,7.5, $159.00 
14959,12/31/2016,2210,Germany,Male,10.5, $89.50 
14960,12/31/2016,2178,United States,Female,8, $119.20 
14961,12/31/2016,2209,United States,Male,9, $189.00 
14962,12/31/2016,2168,United States,Male,8, $129.00 
14963,12/31/2016,2154,United Kingdom,Male,9.5, $139.00 
14964,12/31/2016,2181,United States,Female,12, $149.00 
14965,12/31/2016,2203,Canada,Male,10.5, $125.30 
14966,12/31/2016,2231,Germany,Female,9.5, $199.00 
14967,12/31/2016,2156,Germany,Female,6.5, $125.10 
